timestamp,pitch,yaw,abs_pitch,abs_yaw,nx,ny,is_edge
1767010194.235112,-0.026031595,0.04065949,0.026031595,0.04065949,0.5,0.5,1
1767010194.3293788,0.043899823,-0.031461045,0.043899823,0.031461045,0.55,0.467617797054543,1
1767010194.565977,-0.014895407,-0.043246925,0.014895407,0.043246925,0.46004070783279083,0.4790119144621521,1
1767010194.6401682,0.009999315,-0.051209368,0.009999315,0.051209368,0.46618665588856945,0.4720493744557568,1
1767010194.7221239,0.019423053,-0.06883211,0.019423053,0.06883211,0.46674307708100726,0.46741671235816057,1
1767010194.7966964,0.0125151705,-0.05986669,0.0125151705,0.05986669,0.46797543277943754,0.4705555080537113,1
1767010194.8767238,-0.030887514,-0.082680665,0.030887514,0.082680665,0.4706742903969683,0.4754273900837853,1
1767010194.939729,0.012792385,-0.08356611,0.012792385,0.08356611,0.472103053593636,0.4695365041892775,1
1767010195.0167482,0.006271298,-0.10758091,0.006271298,0.10758091,0.4761748297123608,0.47088160849966276,1
1767010195.0917628,0.07343301,0.0065452754,0.07343301,0.0065452754,0.4782923926712457,0.47523871657287325,1
1767010195.1727936,0.04957281,-0.016319178,0.04957281,0.016319178,0.47632948091040095,0.48420415535742656,1
1767010195.3188138,-0.012529471,-0.039767392,0.012529471,0.039767392,0.47264945133131264,0.5009075038961637,1
1767010195.3929973,-0.08381622,-0.044041373,0.08381622,0.044041373,0.47215499406000083,0.5073435366466023,1
1767010195.4711845,-0.047548965,-0.0136693865,0.047548965,0.0136693865,0.47578454596209874,0.49454111223706165,1
1767010195.5481925,-0.03901954,-0.04150799,0.03901954,0.04150799,0.47778871353573216,0.4834242878715412,1
1767010195.6252668,-0.059260424,-0.0737678,0.059260424,0.0737678,0.4777321007130598,0.4739605078395112,1
1767010195.7031279,-0.047694772,-0.04161693,0.047694772,0.04161693,0.4722330379179164,0.4670289021376605,1
1767010195.781146,-0.0054478524,-0.07891516,0.0054478524,0.07891516,0.46886042255425653,0.4602084582929685,1
1767010195.8634338,-0.003694388,-0.06501774,0.003694388,0.06501774,0.46913670650862604,0.45063387937245003,1
1767010195.9424522,0.13294528,0.046855748,0.13294528,0.046855748,0.46989651933668897,0.4409046605610202,1
1767010196.0184686,0.13635135,0.056050826,0.13635135,0.056050826,0.47369628275199704,0.4460849309414476,1
1767010196.0954916,0.012896052,-0.11269095,0.012896052,0.11269095,0.47519034669657734,0.4583649466908929,1
1767010196.17551,-0.0037417067,-0.13654631,0.0037417067,0.13654631,0.4727682622351752,0.4719219074060121,1
1767010196.258523,0.05891097,-0.051354162,0.05891097,0.051354162,0.4675214758309093,0.48605586404550816,1
1767010196.3345404,0.05698962,-0.056871854,0.05698962,0.056871854,0.4573025813286343,0.4987551961959293,1
1767010196.4113426,0.041836955,-0.097364165,0.041836955,0.097364165,0.4576569093637326,0.5106393869479499,1
1767010196.493191,0.017528862,-0.09585414,0.017528862,0.09585414,0.4571049315461868,0.5188731332373968,1
1767010196.5645728,-0.0076797837,-0.09214874,0.0076797837,0.09214874,0.4561146795060249,0.5238642779775153,1
1767010196.6407592,0.007400128,-0.066240825,0.007400128,0.066240825,0.45698699591371184,0.5294494639508931,1
1767010196.7188888,0.03975618,-0.045618966,0.03975618,0.045618966,0.4586445617943292,0.5337255885946446,1
1767010196.7944517,0.0350076,-0.050133504,0.0350076,0.050133504,0.42173683940963946,0.5516008250931141,1
1767010196.9264028,-0.03774368,0.005399488,0.03774368,0.005399488,0.3667175818333347,0.6288295063730858,1
1767010197.0709755,-0.05604214,0.031252533,0.05604214,0.031252533,0.4006724978676264,0.6027166080065841,1
1767010197.1459901,-0.04143511,0.028243609,0.04143511,0.028243609,0.43174925974485523,0.5607763630073526,1
1767010197.2230053,-0.051167864,0.038038924,0.051167864,0.038038924,0.4467048179920903,0.5298513651931497,1
1767010197.6005027,0.060611974,-0.076681904,0.060611974,0.076681904,0.47074342978920103,0.44164533504138603,1
1767010197.6732125,0.033991933,-0.08117864,0.033991933,0.08117864,0.4729619525071892,0.42799162961868453,1
1767010197.7402277,0.0064107357,-0.10058356,0.0064107357,0.10058356,0.47291073903109704,0.42875757812016746,1
1767010197.8159058,-0.002597819,-0.08444201,0.002597819,0.08444201,0.4716447870296313,0.4326468338230679,1
1767010197.8933384,0.059268344,-0.11088706,0.059268344,0.11088706,0.47207896237589597,0.4340788594552991,1
1767010197.970756,0.0628017,-0.17543158,0.0628017,0.17543158,0.4708716027044805,0.4472965629283034,1
1767010198.0374837,-0.03896836,0.0002009198,0.03896836,0.0002009198,0.47167086032586725,0.4601210848557361,1
1767010198.1103756,0.09275235,-0.10741655,0.09275235,0.10741655,0.4726677290283918,0.47269636118186764,1
1767010198.2485034,0.025611915,-0.048422113,0.025611915,0.048422113,0.4761518568176265,0.5011972688942401,1
1767010198.4127026,0.04459108,-0.04772339,0.04459108,0.04772339,0.4782743703534311,0.5273821366011539,1
1767010198.491642,0.058132987,-0.07569403,0.058132987,0.07569403,0.47785905454821687,0.5396536903316216,1
1767010198.5635083,0.05213423,-0.068529494,0.05213423,0.068529494,0.4774685198407176,0.5510861974806178,1
1767010198.6404104,0.047060676,-0.057514302,0.047060676,0.057514302,0.4586812616694408,0.5821770731170515,1
1767010198.718785,0.00032085087,0.04034523,0.00032085087,0.04034523,0.43130017821754585,0.6254907975349621,1
1767010198.7962468,-0.053284552,0.017178386,0.053284552,0.017178386,0.4163028161625123,0.6671836661604451,1
1767010198.9480245,-0.02339008,0.045899656,0.02339008,0.045899656,0.37124430496571326,0.7495017833950015,1
1767010199.0155764,0.1122764,0.06425517,0.1122764,0.06425517,0.37622468590646807,0.7438662340246259,1
1767010199.0897136,0.13470992,0.07247426,0.13470992,0.07247426,0.38991742437307864,0.7632227159589511,1
1767010199.1726751,0.10561626,0.06554915,0.10561626,0.06554915,0.40724021449590087,0.777935464426501,1
1767010199.2485044,0.120359726,0.06955221,0.120359726,0.06955221,0.42257397263066354,0.7900966701318124,1
1767010199.3279092,0.1408093,0.0635965,0.1408093,0.0635965,0.43373942329504644,0.7999017015513096,1
1767010199.3924541,0.1334776,0.08453633,0.1334776,0.08453633,0.43998784407119407,0.8079937208892983,1
1767010199.4582567,0.13184029,0.08471209,0.13184029,0.08471209,0.4481631082890296,0.8154230135567595,1
1767010199.5284202,0.12085943,0.08442068,0.12085943,0.08442068,0.4544995828039753,0.8221160095880244,1
1767010199.6827013,0.046764765,0.031978674,0.046764765,0.031978674,0.4610171886881864,0.8321410833654026,1
1767010199.7497165,-0.05488581,0.049941827,0.05488581,0.049941827,0.4431617957689772,0.8418887435645932,1
1767010199.8295507,-0.049259838,0.036317013,0.049259838,0.036317013,0.4253903798855273,0.8549714694504055,1
1767010199.9115047,-0.030652199,0.04623054,0.030652199,0.04623054,0.40203665470920225,0.8695835835877695,1
1767010199.9795396,0.005971144,0.036783174,0.005971144,0.036783174,0.4056785756914145,0.8748255703990678,1
1767010200.064415,-0.030652199,0.04623054,0.030652199,0.04623054,0.4147790220426535,0.8810636973050838,1
1767010200.2169244,0.09529661,0.031330574,0.09529661,0.031330574,0.43807723012842326,0.8439117060965141,1
1767010200.2921903,-0.022729862,-0.037033938,0.022729862,0.037033938,0.446814760730436,0.8506596314233276,1
1767010200.3759685,-0.0007559508,-0.038075916,0.0007559508,0.038075916,0.45439824071701396,0.8544495109018313,1
1767010200.445029,-0.010240176,-0.03728982,0.010240176,0.03728982,0.4594202720621132,0.8544930835213913,1
1767010200.6683507,0.033122335,-0.045853384,0.033122335,0.045853384,0.4701484979608149,0.823913052136034,1
1767010200.8068779,0.038830817,-0.01786644,0.038830817,0.01786644,0.47013943308272965,0.8201086006045732,1
1767010200.8835704,0.037216615,-0.044962518,0.037216615,0.044962518,0.471532188196235,0.823863342460291,1
1767010200.9524252,0.025550026,-0.03709323,0.025550026,0.03709323,0.47264798724106527,0.8277303025750617,1
1767010201.1072512,0.12347392,0.028304234,0.12347392,0.028304234,0.47247546524858863,0.8352758215614365,1
1767010201.1846147,0.091846995,0.017401997,0.091846995,0.017401997,0.47276780845222,0.8393018302995074,1
1767010201.2601027,0.067638874,0.04618091,0.067638874,0.04618091,0.47524741964910744,0.843684660824789,1
1767010201.3428965,0.06607698,0.07095763,0.06607698,0.07095763,0.4746230494796567,0.847189418936287,1
1767010201.4157033,0.09738673,0.055876777,0.09738673,0.055876777,0.47477140771674586,0.8507110625710221,1
1767010201.4998617,0.11207312,0.06832929,0.11207312,0.06832929,0.4768235827809574,0.8532501927882676,1
1767010201.5727615,0.11230592,-0.059741862,0.11230592,0.059741862,0.4580945117494608,0.8611331436217868,1
1767010201.65093,0.11230592,-0.059741862,0.11230592,0.059741862,0.43816596787083517,0.8729504442164204,1
1767010201.7252445,0.09403667,0.008452311,0.09403667,0.008452311,0.4213560567913065,0.8862012688006173,1
1767010201.8036995,0.08912896,0.011677064,0.08912896,0.011677064,0.3983477894269416,0.9005131796847117,1
1767010201.886418,0.08989484,-0.0019046739,0.08989484,0.0019046739,0.3700366371000303,0.9153247420523619,1
1767010201.9600768,0.10336215,0.03560356,0.10336215,0.03560356,0.3596601671329147,0.9250875093626063,1
1767010202.0363503,0.08458146,0.018077765,0.08458146,0.018077765,0.34251481167824527,0.935654113670221,1
1767010202.1133099,0.06027408,0.090553716,0.06027408,0.090553716,0.34168335846665776,0.9417865632688812,1
1767010202.1948917,0.09290655,0.005086474,0.09290655,0.005086474,0.33253132582112954,0.9402907146028526,1
1767010202.2769942,0.09616788,0.014607754,0.09616788,0.014607754,0.32806192715223503,0.9459908689971988,1
1767010202.350052,0.09644883,0.013062656,0.09644883,0.013062656,0.3219170000408409,0.9518885341557608,1
1767010202.4279268,0.110688105,0.04768302,0.110688105,0.04768302,0.3335220722669402,0.9582746563038597,1
1767010202.5099459,0.10381147,0.044656027,0.10381147,0.044656027,0.3350218330916759,0.9608268024427687,1
1767010202.5902925,0.09407559,0.022360958,0.09407559,0.022360958,0.3304325439699136,0.9618967554314621,1
1767010202.6595085,0.101651736,0.04085213,0.101651736,0.04085213,0.3469999951687074,0.9643938902159814,1
1767010202.7405355,0.109958366,0.048660368,0.109958366,0.048660368,0.34360840908382206,0.9667688121318436,1
1767010202.8072767,0.09693371,0.02396921,0.09693371,0.02396921,0.34585199506434694,0.9688593020631073,1
1767010202.87254,0.0790229,0.0326855,0.0790229,0.0326855,0.3473365592683324,0.970113617164224,1
1767010202.9417965,0.07483564,0.033591423,0.07483564,0.033591423,0.34253217277737846,0.9755815085701363,1
1767010203.023916,0.07000871,0.050472975,0.07000871,0.050472975,0.3686718257812144,0.9873950118479214,1
1767010203.0969253,0.09073379,-0.017999358,0.09073379,0.017999358,0.3749978772067325,0.9905197701690799,1
1767010203.1744518,0.07706253,0.0048068315,0.07706253,0.0048068315,0.3769126009301911,0.9931040386504663,1
1767010203.2556238,0.062073532,0.018355057,0.062073532,0.018355057,0.37441277758561053,0.9964421578109612,1
1767010203.3336298,0.07166629,-0.00024226308,0.07166629,0.00024226308,0.3623909718448599,0.9985621399331616,1
1767010203.412427,0.08770895,0.030409537,0.08770895,0.030409537,0.359196875935035,0.9993645081795973,1
1767010203.4906828,0.023322582,-0.05266186,0.023322582,0.05266186,0.35594010585776537,0.9993140093598775,1
1767010203.5663338,0.0052832784,-0.059235983,0.0052832784,0.059235983,0.3411882121425531,0.9846634994943355,1
1767010203.6418839,0.015585418,-0.068461485,0.015585418,0.068461485,0.33520935922816286,0.9795712163128933,1
1767010203.713457,-0.009690315,-0.09987674,0.009690315,0.09987674,0.33342344583298256,0.9767946221824111,1
1767010203.778475,0.0039270064,-0.13731608,0.0039270064,0.13731608,0.33238323771402833,0.9754261869701981,1
1767010203.8475313,-0.014916287,-0.12451302,0.014916287,0.12451302,0.3396124311194274,0.9756968487448276,1
1767010203.931723,-0.009402991,-0.12500909,0.009402991,0.12500909,0.34091635298587475,0.9751486955154245,1
1767010204.001621,0.021424018,-0.081202336,0.021424018,0.081202336,0.339960137003149,0.9749990926915963,1
1767010204.0804849,0.020205095,-0.09259503,0.020205095,0.09259503,0.34885552527065333,0.9739965276271719,1
1767010204.1597898,0.03954782,-0.05856294,0.03954782,0.05856294,0.34984499829382654,0.9726108092044864,1
1767010204.2383697,0.026057668,-0.08225454,0.026057668,0.08225454,0.3493979443369748,0.9738373656580159,1
1767010204.306067,0.033213235,-0.07024219,0.033213235,0.07024219,0.3451736417669369,0.9741098092797044,1
1767010204.3743815,0.04099107,0.0032064244,0.04099107,0.0032064244,0.3440413487892071,0.974876621487641,1
1767010204.4661398,0.045774724,-0.038643077,0.045774724,0.038643077,0.34166810207940457,0.976249121068844,1
1767010204.54467,0.019915901,-0.04488431,0.019915901,0.04488431,0.3460085641348011,0.9788202602785171,1
1767010204.6318142,-0.059019115,0.0016874,0.059019115,0.0016874,0.3493376551828521,0.9824694428676111,1
1767010204.7028968,-0.04293015,0.0042560846,0.04293015,0.0042560846,0.34458669572700074,0.9846522821087802,1
1767010204.778098,-0.04293015,0.0042560846,0.04293015,0.0042560846,0.3669294186587758,0.9279291798764406,1
1767010204.858351,-0.053043243,-0.026951887,0.053043243,0.026951887,0.39087584974310097,0.8256105524060282,1
1767010205.0080998,0.025417887,-0.06732186,0.025417887,0.06732186,0.41932683411141625,0.6938005817964075,1
1767010205.077455,0.020811178,-0.041729294,0.020811178,0.041729294,0.4308948113025599,0.6753808903424819,1
1767010205.147675,-0.0059274407,-0.0648221,0.0059274407,0.0648221,0.44428982254362337,0.6741741744983845,1
1767010205.2286594,0.017873868,-0.067777224,0.017873868,0.067777224,0.4536267885832783,0.6674579452856839,1
1767010205.3087447,0.0051039467,-0.07409058,0.0051039467,0.07409058,0.458127677280315,0.6710442251942678,1
1767010205.3803544,-0.080515414,-0.09785705,0.080515414,0.09785705,0.4619024026581542,0.6754887223552597,1
1767010205.4581835,-0.009951127,-0.15152737,0.009951127,0.15152737,0.4593128622820568,0.6507150513541293,1
1767010205.5387628,0.022138137,-0.12174284,0.022138137,0.12174284,0.4562610981562796,0.628228654373005,1
1767010205.6148345,-0.02317921,-0.08304263,0.02317921,0.08304263,0.4573311126851868,0.6187099368866766,1
1767010205.694477,0.021246642,-0.077977695,0.021246642,0.077977695,0.4588474387458146,0.59829965379541,1
1767010205.7730389,0.03002689,-0.04786787,0.03002689,0.04786787,0.46157717127476694,0.593413524472262,1
1767010205.927183,0.0053395573,-0.03848785,0.0053395573,0.03848785,0.4664068951986903,0.611453167414173,1
1767010206.211406,0.078643285,0.02073066,0.078643285,0.02073066,0.4708299143610213,0.6496174862955194,1
1767010206.2895062,0.02935539,-0.044054568,0.02935539,0.044054568,0.47230017620167075,0.6590472520392272,1
1767010206.370631,0.10951149,0.023531199,0.10951149,0.023531199,0.47175168076063967,0.6679005630598943,1
1767010211.0746584,-0.06527438,0.031385817,0.06527438,0.031385817,0.47197506476990725,0.676175456022174,1
1767010211.1517026,-0.08754305,0.061594218,0.08754305,0.061594218,0.47095673073913347,0.6876550070452462,1
1767010211.2279356,-0.05399524,0.03268314,0.05399524,0.03268314,0.4716904357959196,0.6834731754245296,1
1767010211.305083,-0.08499366,0.06582506,0.08499366,0.06582506,0.4711270688426068,0.6653904624903377,1
1767010211.38216,0.0058125695,-0.044593282,0.0058125695,0.044593282,0.47208313738885155,0.6485351919473584,1
1767010211.4613523,0.06540102,-0.008343279,0.06540102,0.008343279,0.469075453948374,0.6326213507321781,1
1767010211.5309904,0.045620173,-0.036512725,0.045620173,0.036512725,0.46897915325707107,0.6318555117242779,1
1767010211.6039982,0.053834677,-0.011345625,0.053834677,0.011345625,0.4715640713023219,0.6427087588076991,1
1767010211.6786976,-0.002169528,0.11350589,0.002169528,0.11350589,0.4738071235372917,0.6529756328438232,1
1767010211.7603598,0.0046701087,0.09711684,0.0046701087,0.09711684,0.48918451765213167,0.6621891101120141,1
1767010211.839561,-0.002169528,0.11350589,0.002169528,0.11350589,0.4915664491834223,0.6702039970392148,1
1767010211.9158936,-0.003133976,0.07705346,0.003133976,0.07705346,0.4899513305151799,0.6777700183661018,1
1767010211.9946551,-0.008085893,0.044473395,0.008085893,0.044473395,0.488055964416231,0.6825632678768841,1
1767010212.2865517,0.036144402,-0.024195455,0.036144402,0.024195455,0.4776570276083848,0.6876813757841422,1
1767010212.4529734,0.024593461,-0.035656497,0.024593461,0.035656497,0.47606397093432207,0.7006448227058915,1
1767010212.5205052,0.050494757,-0.124489434,0.050494757,0.124489434,0.47563302867423063,0.7069695646690525,1
1767010212.5959089,0.029703181,-0.119916655,0.029703181,0.119916655,0.474522802696574,0.713668820705585,1
1767010212.675899,0.0013406156,-0.122674264,0.0013406156,0.122674264,0.4739720275753182,0.7201215600954763,1
1767010212.7510533,0.012874565,-0.085988425,0.012874565,0.085988425,0.4733369837132052,0.7267081439799759,1
1767010212.8299568,0.019246347,-0.084663205,0.019246347,0.084663205,0.47341120965917294,0.7328232787331302,1
1767010212.9070547,0.005359265,-0.074146815,0.005359265,0.074146815,0.47377425890775804,0.7386817015855871,1
1767010212.983502,0.03470288,-0.070897765,0.03470288,0.070897765,0.4559044761832969,0.7547113842946814,1
1767010213.0578518,0.028883241,-0.08519947,0.028883241,0.08519947,0.4326899916100666,0.7763513892012526,1
1767010213.1426513,-0.007495408,-0.059519447,0.007495408,0.059519447,0.41024974174827755,0.8006633422562992,1
1767010213.219667,0.022124708,-0.06486904,0.022124708,0.06486904,0.39214988306676,0.8241845311152401,1
1767010213.2903993,0.05280767,-0.06608071,0.05280767,0.06608071,0.3779795350846127,0.8453161816053285,1
1767010213.358493,0.033673145,-0.04538641,0.033673145,0.04538641,0.3689274860581945,0.868367088881262,1
1767010213.5134916,0.032528657,-0.04185739,0.032528657,0.04185739,0.3549548759850134,0.9011507949557733,1
1767010213.6705525,0.035442397,-0.0508764,0.035442397,0.0508764,0.3476848133061424,0.9236044504339876,1
1767010213.746277,0.035442397,-0.0508764,0.035442397,0.0508764,0.34494250615584787,0.9326455643263794,1
1767010213.82848,0.037953135,-0.036558576,0.037953135,0.036558576,0.34291156692590075,0.9406356284308393,1
1767010213.9041467,0.014475468,0.12376858,0.014475468,0.12376858,0.3409546549400647,0.9470271618138713,1
1767010213.972267,0.024110928,0.14041498,0.024110928,0.14041498,0.3419995458723981,0.9444475180469953,1
1767010214.041347,-0.013092724,0.11383744,0.013092724,0.11383744,0.3423237112766637,0.949122257876004,1
1767010214.1211517,-0.0066752555,0.12195632,0.0066752555,0.12195632,0.3417098863995651,0.9527792500819433,1
1767010214.1911983,-0.03001491,0.120175615,0.03001491,0.120175615,0.3424049812452632,0.9557417292285326,1
1767010214.266083,0.0018342873,0.13861412,0.0018342873,0.13861412,0.358174252158572,0.9617595638493875,1
1767010214.3404505,-0.0025867159,0.12641402,0.0025867159,0.12641402,0.3794911742075421,0.9522495446325402,1
1767010214.4188735,0.039617814,-0.085533716,0.039617814,0.085533716,0.40027485211056624,0.9409768467878811,1
1767010214.502281,-0.005538878,-0.07885981,0.005538878,0.07885981,0.41636904122252183,0.9426653327246489,1
1767010214.5833492,0.016377047,-0.07355825,0.016377047,0.07355825,0.42969147830885546,0.9431427143128978,1
1767010214.6608324,0.0138483625,-0.108209126,0.0138483625,0.108209126,0.43994666352508405,0.9449319789051152,1
1767010214.7348454,0.044820108,-0.09629197,0.044820108,0.09629197,0.4477749626587899,0.9466078987867003,1
1767010214.833888,0.035569612,-0.09583747,0.035569612,0.09583747,0.45338743704888196,0.9481122497529002,1
1767010214.906923,0.020219278,-0.08378876,0.020219278,0.08378876,0.45816275847195154,0.9495483837034536,1
1767010214.9880652,0.015279201,-0.06159491,0.015279201,0.06159491,0.46178831726459957,0.9508142458671226,1
1767010215.0521176,0.010008987,-0.07658417,0.010008987,0.07658417,0.4646535621993546,0.9520588969414819,1
1767010215.127315,0.0056587206,-0.06330743,0.0056587206,0.06330743,0.46688301896189743,0.9532477693318367,1
1767010215.2072618,0.024826437,-0.06301538,0.024826437,0.06301538,0.46857278242129186,0.9543238899768484,1
1767010215.285541,0.043124586,-0.06879131,0.043124586,0.06879131,0.4698363157900872,0.9553500242167612,1
1767010215.3533735,-0.00711031,-0.056416847,0.00711031,0.056416847,0.4531303214060207,0.9580457034601038,1
1767010215.420266,0.008008645,-0.05414664,0.008008645,0.05414664,0.43108532866468763,0.9618418730242548,1
1767010215.503875,0.0022487938,-0.071352996,0.0022487938,0.071352996,0.41007787941267415,0.9654517292225484,1
1767010215.569833,0.02163661,-0.1041509,0.02163661,0.1041509,0.3932287056096876,0.966791678487492,1
1767010215.6389225,0.02163661,-0.1041509,0.02163661,0.1041509,0.37855573290671696,0.9697655272287796,1
1767010215.7069435,0.05198152,-0.107081614,0.05198152,0.107081614,0.367894987667557,0.9725827102046408,1
1767010215.781585,-0.005493936,-0.10312957,0.005493936,0.10312957,0.36006885893460805,0.9749663490236827,1
1767010215.856377,0.024125949,-0.05553674,0.024125949,0.05553674,0.35043822588596407,0.975708422781225,1
1767010215.940496,0.04842858,-0.030084886,0.04842858,0.030084886,0.3455895220594528,0.968890361237103,1
1767010216.0138223,0.05175065,-0.04739762,0.05175065,0.04739762,0.34138546367817335,0.9697591529443048,1
1767010216.1041307,0.03978875,0.04366575,0.03978875,0.04366575,0.33939054692862825,0.9705732709614378,1
1767010216.1853044,0.05777297,0.057271533,0.05777297,0.057271533,0.33714025576082896,0.9733592100304382,1
1767010216.2622726,0.06805305,0.039917823,0.06805305,0.039917823,0.3361765177212451,0.9745342756829249,1
1767010216.3390396,0.067983486,0.01624512,0.067983486,0.01624512,0.3352634753272208,0.9761831458504258,1
1767010216.4162352,0.06569573,0.06060403,0.06569573,0.06060403,0.334216238671181,0.9775742936336489,1
1767010216.497702,0.06569573,0.06060403,0.06569573,0.06060403,0.3337013137909619,0.9781970151696971,1
1767010216.5739083,0.07915413,0.06444742,0.07915413,0.06444742,0.3337227045379394,0.9785089368377174,1
1767010216.6554081,0.081190564,0.05449094,0.081190564,0.05449094,0.3339079606393802,0.9791281108994454,1
1767010216.7235405,0.090213194,0.06483981,0.090213194,0.06483981,0.3338127085875271,0.9794539636256656,1
1767010216.786602,0.08843956,0.054364413,0.08843956,0.054364413,0.33424829547228285,0.9796469859253384,1
1767010216.8692977,0.11044945,0.07906044,0.11044945,0.07906044,0.33478417095591106,0.9795285846864215,1
1767010216.9459825,0.10463739,0.08742894,0.10463739,0.08742894,0.3368327334652548,0.9795359599928917,1
1767010217.0268476,0.10463739,0.08742894,0.10463739,0.08742894,0.33845029080272293,0.9795338186974316,1
1767010217.1024923,-0.02191275,0.090650216,0.02191275,0.090650216,0.3390977087021214,0.9795348613207583,1
1767010217.1787188,0.047402643,-0.082290225,0.047402643,0.082290225,0.3421887914607329,0.9786412548986089,1
1767010217.2577896,0.022001494,-0.0757089,0.022001494,0.0757089,0.3447030541615076,0.9773400276319935,1
1767010217.478935,0.009083715,-0.08142259,0.009083715,0.08142259,0.3449792529060226,0.9767031849626375,1
1767010217.5469294,0.07327667,-0.098384686,0.07327667,0.098384686,0.3445803404284896,0.9761886740646388,1
1767010217.6188762,0.062945135,-0.105552666,0.062945135,0.105552666,0.35245310578556044,0.9831954837084905,1
1767010217.6949222,0.062945135,-0.105552666,0.062945135,0.105552666,0.35651133767531773,0.9839488238981354,1
1767010217.7743866,0.062945135,-0.105552666,0.062945135,0.105552666,0.35545705204083955,0.984673996334403,1
1767010217.8497396,0.061530765,-0.11710373,0.061530765,0.11710373,0.35341895692218506,0.9854719296026689,1
1767010217.9261467,0.061530765,-0.11710373,0.061530765,0.11710373,0.35074002889834044,0.9862861667857397,1
1767010218.0031822,0.063410826,-0.107986145,0.063410826,0.107986145,0.34812087361880417,0.9785487819511035,1
1767010218.0826502,0.07282489,-0.11709719,0.07282489,0.11709719,0.34594571260919016,0.9785076740581063,1
1767010218.1529098,0.018524226,-0.057151474,0.018524226,0.057151474,0.3429118296035779,0.9783176440116443,1
1767010218.2236261,0.019266505,-0.060859494,0.019266505,0.060859494,0.32974344920683074,0.9795899855556665,1
1767010218.2911499,0.020761956,-0.057968058,0.020761956,0.057968058,0.32547779999769577,0.9801936158081794,1
1767010218.3653457,0.024409056,-0.050949164,0.024409056,0.050949164,0.32476190008460304,0.9804989890151334,1
1767010218.4430165,0.054091707,0.042062446,0.054091707,0.042062446,0.3257009171934031,0.9806315894380687,1
1767010218.5182774,0.07192666,0.047472037,0.07192666,0.047472037,0.3198129619409279,0.9810555088324908,1
1767010218.5872922,0.06262315,0.052349422,0.06262315,0.052349422,0.3193500878269142,0.9810567517148476,1
1767010218.661042,0.06440565,0.042376056,0.06440565,0.042376056,0.31940911320664644,0.9807972523191308,1
1767010218.73673,0.089393176,0.06485602,0.089393176,0.06485602,0.3209034354046034,0.9806264971041585,1
1767010218.8178291,0.09056634,0.06860983,0.09056634,0.06860983,0.3235255096380829,0.9818597689497567,1
1767010218.883267,0.05996127,0.033283994,0.05996127,0.033283994,0.3263024540749824,0.982599330575521,1
1767010218.9562857,0.08106522,0.05991202,0.08106522,0.05991202,0.32871285502380265,0.9829499805298377,1
1767010219.0330472,0.08737681,0.043141536,0.08737681,0.043141536,0.32984201197607255,0.9832093456579325,1
1767010219.1123993,0.10523008,0.06263585,0.10523008,0.06263585,0.3306131013811826,0.9834789552951364,1
1767010219.193082,0.088239156,-0.006318368,0.088239156,0.006318368,0.33233727531390866,0.9837277820105077,1
1767010219.2711658,0.09390729,0.048421144,0.09390729,0.048421144,0.3334285328665969,0.984101747350131,1
1767010219.349599,0.09280423,0.06828795,0.09280423,0.06828795,0.3337896334296926,0.983722882467041,1
1767010219.430076,0.09627457,0.05006787,0.09627457,0.05006787,0.33497766273350427,0.9833753121621341,1
1767010219.5065677,0.09551094,0.069491565,0.09551094,0.069491565,0.336942605136173,0.9829022926029513,1
1767010219.5844162,0.04330707,-0.030950911,0.04330707,0.030950911,0.3381440274699792,0.9820352179953661,1
1767010219.6625006,0.028968394,-0.0485382,0.028968394,0.0485382,0.33836499511344964,0.9792433820428332,1
1767010219.7394586,-0.011650703,-0.14130795,0.011650703,0.14130795,0.3376807628428081,0.9776804196984179,1
1767010219.820413,0.023495916,-0.12249655,0.023495916,0.12249655,0.33786022393043313,0.974930024574584,1
1767010219.887587,0.03122593,-0.1267469,0.03122593,0.1267469,0.33993987751357235,0.974631354708688,1
1767010219.9558096,0.005940172,-0.112031944,0.005940172,0.112031944,0.3418965829446359,0.974733093526097,1
1767010220.0237107,0.005226231,-0.09746916,0.005226231,0.09746916,0.34185842832370217,0.9751309793645117,1
1767010220.097586,0.027865272,-0.0767337,0.027865272,0.0767337,0.34167787051879317,0.9750659156378243,1
1767010220.1728342,0.023840837,-0.07272854,0.023840837,0.07272854,0.3421401823500969,0.9754862106513604,1
1767010220.2393482,0.020849694,-0.11178667,0.020849694,0.11178667,0.341880182733177,0.9761133797919297,1
1767010220.3188772,0.019404601,-0.10968109,0.019404601,0.10968109,0.338703374685123,0.972774515084598,1
1767010220.395779,0.11093506,-0.07382796,0.11093506,0.07382796,0.3369355580846657,0.971367221215889,1
1767010220.4719465,0.11892753,-0.098198004,0.11892753,0.098198004,0.33287090650154927,0.9674851828561374,1
1767010220.5486538,0.11775245,-0.09654523,0.11775245,0.09654523,0.3319413967227869,0.9655889562126903,1
1767010220.626005,0.11472335,-0.10301224,0.11472335,0.10301224,0.3322136158133483,0.9647820404520222,1
1767010220.7101283,0.123416044,-0.08077725,0.123416044,0.08077725,0.3331974749073292,0.9648979930478404,1
1767010220.780382,0.11789974,-0.084529795,0.11789974,0.084529795,0.33438884950068304,0.9655308969689561,1
1767010220.8570821,0.12195517,-0.084418826,0.12195517,0.084418826,0.33534809821741696,0.9662045251104835,1
1767010220.9364321,0.02513342,-0.09384828,0.02513342,0.09384828,0.3359172942741264,0.9670878783851343,1
1767010221.0150516,0.034367282,-0.09799094,0.034367282,0.09799094,0.34112870086806824,0.970089556898973,1
1767010221.09465,0.034782164,-0.116884775,0.034782164,0.116884775,0.34469575705711175,0.9733122957007917,1
1767010221.1721413,0.04364817,-0.1568315,0.04364817,0.1568315,0.345543395880753,0.9752330070102747,1
1767010221.2480512,-0.012358635,-0.098878555,0.012358635,0.098878555,0.34506262214167727,0.9796937842829441,1
1767010221.3282664,0.00075073354,-0.09291772,0.00075073354,0.09291772,0.3438422874684194,0.9853678038236764,1
1767010221.410365,0.01867057,-0.063567854,0.01867057,0.063567854,0.34309720194628357,0.9875350524733395,1
1767010221.4808297,0.02849625,-0.05554802,0.02849625,0.05554802,0.34151159850804536,0.9888556420215925,1
1767010221.5619245,0.03133924,0.073676884,0.03133924,0.073676884,0.34066870900989765,0.9887754531977705,1
1767010221.6397336,0.02596898,0.10421369,0.02596898,0.10421369,0.34091503860714845,0.991072026778739,1
1767010221.7053647,0.015518277,0.07905999,0.015518277,0.07905999,0.3404212308082899,0.991774717206602,1
1767010221.777634,0.015518277,0.07905999,0.015518277,0.07905999,0.34007158254569136,0.9926247421110488,1
1767010221.8556254,0.015518277,0.07905999,0.015518277,0.07905999,0.3399467610670517,0.992698894337898,1
1767010221.940402,0.015518277,0.07905999,0.015518277,0.07905999,0.3392439863000589,0.9922952919928956,1
1767010222.010928,-0.03972164,0.11225364,0.03972164,0.11225364,0.3391784139994978,0.9912612651217942,1
1767010222.095377,-0.020940516,0.120138496,0.020940516,0.120138496,0.3479980448416373,0.9906900911096355,1
1767010222.170197,-0.032984305,0.109811604,0.032984305,0.109811604,0.3667008235213598,0.9838932038929052,1
1767010222.2487245,-0.029731926,0.11059885,0.029731926,0.11059885,0.39016853087328285,0.9527531412935072,1
1767010222.3249996,0.020741668,-0.055915885,0.020741668,0.055915885,0.4108455142567605,0.9186270569781451,1
1767010222.4026792,0.035935342,-0.089876436,0.035935342,0.089876436,0.41752605309398616,0.914875343713498,1
1767010222.481174,0.04287982,-0.117052086,0.04287982,0.117052086,0.4265014150851305,0.9193613465942388,1
1767010222.5588963,0.04852623,-0.10740193,0.04852623,0.10740193,0.4363986738352089,0.9228043837663065,1
1767010222.6264331,0.032985803,-0.11563603,0.032985803,0.11563603,0.4391677915014207,0.9249833100544995,1
1767010222.69329,0.049937,-0.10815186,0.049937,0.10815186,0.4449297358960974,0.9271859558347684,1
1767010222.7689748,0.051656242,-0.1094249,0.051656242,0.1094249,0.44944943263429016,0.9293777180448507,1
1767010222.8394942,0.040011697,-0.09863683,0.040011697,0.09863683,0.45433207850585067,0.9314020015943949,1
1767010222.9186532,0.04173641,-0.117266245,0.04173641,0.117266245,0.4587053166133114,0.9336845176168125,1
1767010222.9977736,0.024652295,-0.10082852,0.024652295,0.10082852,0.46261082155558164,0.9355415637660953,1
1767010223.076149,-0.008297377,-0.12536761,0.008297377,0.12536761,0.46563776896649145,0.9370938808797962,1
1767010223.1551692,-0.011840128,-0.13958666,0.011840128,0.13958666,0.4498524878553912,0.9408220213916458,1
1767010223.2331624,-0.02218422,-0.16157264,0.02218422,0.16157264,0.4283339844070718,0.9484158394232978,1
1767010223.3109107,0.0067161536,-0.11721232,0.0067161536,0.11721232,0.4258766362053442,0.9475308917765968,1
1767010223.3839483,0.0044174492,-0.09541886,0.0044174492,0.09541886,0.4330714579892402,0.9515250992184707,1
1767010223.4571078,0.040390328,-0.07962041,0.040390328,0.07962041,0.44181319365347227,0.9549611446591286,1
1767010223.524292,-0.012777758,0.062713474,0.012777758,0.062713474,0.448182511267186,0.9578848658878584,1
1767010223.5943353,-0.020580474,0.075757556,0.020580474,0.075757556,0.4542576824825726,0.9599423273413376,1
1767010223.6680646,-0.03049915,0.08017184,0.03049915,0.08017184,0.4589299425225435,0.9544836907982915,1
1767010223.744227,-0.027418751,0.08028055,0.027418751,0.08028055,0.4628273405530057,0.9404222540543666,1
1767010223.8250058,-0.03250615,0.04901756,0.03250615,0.04901756,0.46562081743242323,0.9204063303220308,1
1767010223.9031916,-0.01556749,0.04879287,0.01556749,0.04879287,0.46740733868668627,0.8915001187846434,1
1767010223.981912,0.0035808636,-0.10019977,0.0035808636,0.10019977,0.46870723811752213,0.8647561553007477,1
1767010224.0564618,0.02292038,-0.08088524,0.02292038,0.08088524,0.46976673913602385,0.8450566541525557,1
1767010224.131479,0.0129436655,-0.10171453,0.0129436655,0.10171453,0.4704799561949117,0.8389179700572201,1
1767010224.199504,-0.0034766095,-0.07430533,0.0034766095,0.07430533,0.4705045505058698,0.8379886213856811,1
1767010224.2733622,0.02958991,-0.046126723,0.02958991,0.046126723,0.47017213554005854,0.8337726133844262,1
1767010224.3503335,0.030013736,-0.05762387,0.030013736,0.05762387,0.4702649889956714,0.8381232427412222,1
1767010224.4273033,0.026358698,-0.054388814,0.026358698,0.054388814,0.4706798093357055,0.8421052138143825,1
1767010224.5054927,0.0064480854,-0.0572967,0.0064480854,0.0572967,0.4711946144664019,0.8457580986896547,1
1767010225.100584,0.012351546,-0.066983886,0.012351546,0.066983886,0.47337478797648747,0.7681717206661238,1
1767010225.1836421,0.0073129097,-0.056804173,0.0073129097,0.056804173,0.4723591585439576,0.7557724042950622,1
1767010225.2546792,0.011583915,-0.054949187,0.011583915,0.054949187,0.47216038044033526,0.7488823506453656,1
1767010225.3325386,-0.002428065,-0.050784133,0.002428065,0.050784133,0.4724133143652208,0.7471340147486261,1
1767010226.2217555,-0.0012332359,-0.059931897,0.0012332359,0.059931897,0.4751005186621131,0.6392886406858995,1
1767010226.2893078,0.0029749935,-0.055545263,0.0029749935,0.055545263,0.47584433533271153,0.6220234681276925,1
1767010226.3663933,-0.024380598,0.04523465,0.024380598,0.04523465,0.475870637087239,0.6090319646540858,1
1767010227.0332665,-0.026528154,-0.049263455,0.026528154,0.049263455,0.5219893663973472,0.5367570603423134,1
1767010227.1229582,-0.0048520686,-0.04472336,0.0048520686,0.04472336,0.532892855162215,0.52289293105524,1
1767010227.4931653,-0.0360214,0.048937477,0.0360214,0.048937477,0.4157783179418766,0.40603768233329607,1
1767010227.7088096,-0.028588671,0.043593228,0.028588671,0.043593228,0.3636989679757051,0.26832844273328027,1
1767010227.7806706,-0.027485419,0.0375977,0.027485419,0.0375977,0.356970420342016,0.23294597310173137,1
1767010228.000248,-0.038530894,0.032522745,0.038530894,0.032522745,0.34896940691652756,0.15609189389184056,1
1767010228.6049967,-0.020332891,-0.03765825,0.020332891,0.03765825,0.3375735453309554,0.05411196735529516,1
1767010229.074901,0.007296878,0.055646565,0.007296878,0.055646565,0.3385123929958409,0.0276525960368693,1
1767010229.1433833,0.05687374,0.03100938,0.05687374,0.03100938,0.33617096456078355,0.02541323775682603,1
1767010229.2110238,0.047967847,0.06613471,0.047967847,0.06613471,0.34833580418024235,0.04717294329062075,1
1767010229.2876227,0.047967847,0.06613471,0.047967847,0.06613471,0.37714636727821327,0.12183863474445389,1
1767010229.371909,0.043205235,0.07265615,0.043205235,0.07265615,0.40220088239827345,0.20437618456308781,1
1767010229.4493597,0.038593415,0.07564683,0.038593415,0.07564683,0.4210515689615063,0.2629206878256493,1
1767010229.526127,0.035915103,0.070795216,0.035915103,0.070795216,0.43385967820631843,0.3059134108240148,1
1767010229.6015613,0.029363383,0.057610374,0.029363383,0.057610374,0.443298948545651,0.3395391246753979,1
1767010229.680511,0.031653322,0.07231344,0.031653322,0.07231344,0.4507491664437522,0.3669753004884114,1
1767010229.7585428,0.031653322,0.07231344,0.031653322,0.07231344,0.45580138997200204,0.39013295257383424,1
1767010229.8401573,0.035692178,0.077100135,0.035692178,0.077100135,0.46041193993140817,0.410306794143665,1
1767010229.9151628,0.036412645,0.073525935,0.036412645,0.073525935,0.46375460599841367,0.42833242803689475,1
1767010229.9901783,0.027297366,0.0722133,0.027297366,0.0722133,0.46578463665450065,0.44474196608248495,1
1767010230.275659,-0.01603857,-0.044654377,0.01603857,0.044654377,0.42924272006396524,0.5308833924042637,1
1767010230.3517418,-0.043448556,0.041197266,0.043448556,0.041197266,0.4381248432393354,0.5031021476581243,1
1767010230.4279447,-0.05321781,0.05171537,0.05321781,0.05171537,0.44591616065181583,0.48037011016154924,1
1767010230.5071206,-0.03706229,0.031151243,0.03706229,0.031151243,0.45208719545921416,0.4615838634231272,1
1767010230.5745845,-0.028996494,0.04079211,0.028996494,0.04079211,0.45719104627392726,0.44580444554017784,1
1767010230.6565127,-0.037096146,0.02796929,0.037096146,0.02796929,0.46161184163510227,0.43159922034560133,1
1767010230.738176,-0.007736006,-0.042845473,0.007736006,0.042845473,0.46455968872153863,0.4189680192773534,1
1767010230.812501,-0.039809033,-0.06554688,0.039809033,0.06554688,0.4675794018691226,0.40713993852579455,1
1767010230.891506,-0.06533135,-0.048193038,0.06533135,0.048193038,0.46941528155359313,0.396269772201281,1
1767010230.9846065,-0.072476245,-0.04894323,0.072476245,0.04894323,0.4704631591617946,0.386187958179662,1
1767010231.0623758,-0.039755613,0.018211037,0.039755613,0.018211037,0.4690640487140276,0.37487765455538863,1
1767010231.3191173,-0.028060757,0.041561745,0.028060757,0.041561745,0.3974105434248183,0.27685660091343145,1
1767010231.4008088,0.026553746,0.07266353,0.026553746,0.07266353,0.3804459540346645,0.24380097171632686,1
1767010231.4758146,0.022277556,0.07063915,0.022277556,0.07063915,0.3625443938449977,0.2139720324162762,1
1767010231.5596497,0.029088784,0.075368874,0.029088784,0.075368874,0.35322193380809674,0.1874652119448154,1
1767010231.68368,0.026483033,0.080274686,0.026483033,0.080274686,0.3468006189937908,0.16383713757158508,1
1767010231.7756279,0.13310507,0.03361418,0.13310507,0.03361418,0.36050778630420566,0.17799558299691737,1
1767010231.8418655,0.1326137,0.021349784,0.1326137,0.021349784,0.3770302369885359,0.2635610172657755,1
1767010231.9183836,0.12723005,0.026490495,0.12723005,0.026490495,0.39962826743532354,0.3256396720632301,1
1767010231.9914827,0.12382908,0.032308146,0.12382908,0.032308146,0.41705690665023454,0.37044361869954484,1
1767010232.0685418,0.11791813,0.024669588,0.11791813,0.024669588,0.4315787694325106,0.40420592044438763,1
1767010232.1416953,0.12761296,0.01966225,0.12761296,0.01966225,0.44179999014716,0.43116217496959197,1
1767010232.2115703,0.12708588,0.015333537,0.12708588,0.015333537,0.4498538081640683,0.45336878655053514,1
1767010232.287901,0.15133227,0.035204038,0.15133227,0.035204038,0.4554417067730563,0.47232875943782593,1
1767010232.3699384,0.14671034,0.043255944,0.14671034,0.043255944,0.45946097893070825,0.4889046053521049,1
1767010232.4352622,0.14806041,0.039437868,0.14806041,0.039437868,0.46255764344907824,0.5042562901193239,1
1767010232.509387,0.14671034,0.043255944,0.14671034,0.043255944,0.44378156478192476,0.5405868719636107,1
1767010232.586764,0.17008035,0.010927461,0.17008035,0.010927461,0.4189920798477488,0.5893388478508657,1
1767010232.6712973,0.16681777,0.03299364,0.16681777,0.03299364,0.3960955086074762,0.6377316450564748,1
1767010232.7421165,0.15095133,0.021085098,0.15095133,0.021085098,0.3802187091343562,0.6834829023180639,1
1767010232.8137822,0.16846927,0.018613487,0.16846927,0.018613487,0.3668508991152791,0.7241145696793655,1
1767010232.885212,0.1528592,0.0015083924,0.1528592,0.0015083924,0.3578643439731497,0.7579575320556613,1
1767010232.958827,0.1528592,0.0015083924,0.1528592,0.0015083924,0.35278917991171166,0.7900443859261896,1
1767010233.0384037,0.10850007,0.027916461,0.10850007,0.027916461,0.34782594047444115,0.8164162825473018,1
1767010233.1165504,0.10850007,0.027916461,0.10850007,0.027916461,0.35049294128538033,0.8417780038290472,1
1767010233.194306,-0.041174497,-0.04751893,0.041174497,0.04751893,0.3506049124872932,0.8613653093918363,1
1767010233.2703855,-0.0437881,-0.05105581,0.0437881,0.05105581,0.3717736634669685,0.8854295138900943,1
1767010233.361931,-0.024323124,-0.08565963,0.024323124,0.08565963,0.3736619438610196,0.9025869688683351,1
1767010233.4418428,-0.04292201,-0.05103699,0.04292201,0.05103699,0.3696201346455703,0.9163901562753252,1
1767010233.5223665,-0.060887765,0.07126232,0.060887765,0.07126232,0.3625949934258422,0.9279122779903856,1
1767010233.5984123,-0.04706505,0.047379237,0.04706505,0.047379237,0.37292145606239546,0.8944296274023718,1
1767010233.6748304,-0.045223292,0.04609454,0.045223292,0.04609454,0.3944980904766662,0.8058151528258044,1
1767010233.743855,-0.044612776,0.043252476,0.044612776,0.043252476,0.41299986195664795,0.7322003143472069,1
1767010233.820029,-0.055637795,0.055767454,0.055637795,0.055767454,0.4267578414307054,0.6808723305069473,1
1767010233.893199,-0.06219617,0.06632093,0.06219617,0.06632093,0.4377038777257247,0.6426253151241452,1
1767010233.9754708,-0.0585667,0.05465907,0.0585667,0.05465907,0.4461215560266929,0.6118615811237074,1
1767010234.0567243,-0.057579402,0.04901285,0.057579402,0.04901285,0.4523989403867652,0.5869278738375794,1
1767010234.1240315,-0.055683877,0.051177032,0.055683877,0.051177032,0.4574383955811463,0.5657271626902014,1
1767010234.2064574,-0.057505403,0.057659708,0.057505403,0.057659708,0.46129633735767284,0.5472563702849371,1
1767010234.271091,-0.050740223,0.061137103,0.050740223,0.061137103,0.4641450923139241,0.5307686913193218,1
1767010234.348385,-0.054753672,0.055931173,0.054753672,0.055931173,0.4661081605505061,0.5156795008421584,1
1767010234.41757,-0.041853707,0.042015404,0.041853707,0.042015404,0.44507122495353646,0.47735636664166214,1
1767010234.4878297,-0.04188108,0.05149223,0.04188108,0.05149223,0.4192537251066947,0.4260930381189377,1
1767010234.5668883,-0.043896493,0.058698922,0.043896493,0.058698922,0.39741615205752745,0.3725596452326936,1
1767010234.6442876,-0.037619155,0.03911694,0.037619155,0.03911694,0.38079482262674347,0.3234157824830555,1
1767010234.7250206,-0.0555269,0.065577894,0.0555269,0.065577894,0.3697850718931466,0.2807791443406697,1
1767010234.8761492,-0.033461582,0.055290945,0.033461582,0.055290945,0.36675844319901907,0.21201288334701465,1
1767010234.960799,-0.033461582,0.055290945,0.033461582,0.055290945,0.36297402997443906,0.18453418333064192,1
1767010235.0291278,-0.033461582,0.055290945,0.033461582,0.055290945,0.3573444509408139,0.16107797465990564,1
1767010235.1089911,-0.04787017,0.041341487,0.04787017,0.041341487,0.3531106860785047,0.14097481564215592,1
1767010235.1772048,-0.048819784,0.025341809,0.048819784,0.025341809,0.3410106242373371,0.12243875969958658,1
1767010235.2525153,-0.04307474,0.021158066,0.04307474,0.021158066,0.3356768460053451,0.10670807933341002,1
1767010235.328537,-0.042814214,0.0092623755,0.042814214,0.0092623755,0.333087576616092,0.09364696662337656,1
1767010235.4797132,-0.035229538,-0.004401706,0.035229538,0.004401706,0.3319197388909829,0.07280231726223224,1
1767010235.5493622,-0.035229538,-0.004401706,0.035229538,0.004401706,0.3317972632666689,0.06446457983837482,1
1767010235.783772,-0.04261479,-0.010269314,0.04261479,0.010269314,0.3337307045247342,0.045504519854091,1
1767010236.148634,0.11584421,0.029747073,0.11584421,0.029747073,0.33445646119029737,0.027024360025238423,1
1767010236.2177289,0.13173676,0.042522088,0.13173676,0.042522088,0.348341646046086,0.07162383160240092,1
1767010236.2965415,0.12297113,0.031200964,0.12297113,0.031200964,0.3729319261066073,0.17708929143553143,1
1767010236.3656483,0.12070009,0.0314342,0.12070009,0.0314342,0.40045725342794003,0.2544024515719864,1
1767010236.4319577,0.1196451,0.032384932,0.1196451,0.032384932,0.4188620275933248,0.30839311244706935,1
1767010236.4962764,0.12211135,0.03266652,0.12211135,0.03266652,0.43463441912792966,0.34832491517476005,1
1767010236.5780864,0.11264643,0.027523488,0.11264643,0.027523488,0.4433292743249351,0.3794727073367301,1
1767010236.6535687,0.122743145,0.03231541,0.122743145,0.03231541,0.45102551891998766,0.4050633731921652,1
1767010236.7380455,0.11935821,0.038329832,0.11935821,0.038329832,0.455806007524559,0.42623637478246523,1
1767010237.0420074,-0.04011814,-0.013905555,0.04011814,0.013905555,0.4224734388374497,0.5548982423198532,1
1767010237.1211061,-0.04407083,-0.010920674,0.04407083,0.010920674,0.40926983228358615,0.6088358905592334,1
1767010237.2013388,-0.040987127,-0.008725397,0.040987127,0.008725397,0.39321556290036597,0.6600622993232492,1
1767010237.2796304,-0.041484956,-0.02213353,0.041484956,0.02213353,0.3975117859639796,0.6324580439032518,1
1767010237.355406,-0.053271893,0.03132342,0.053271893,0.03132342,0.41096843489265766,0.5733629176446935,1
1767010237.4225154,-0.041439116,0.047514595,0.041439116,0.047514595,0.4231165207275508,0.5331605435593103,1
1767010237.49792,-0.041439116,0.047514595,0.041439116,0.047514595,0.43359941428991433,0.5042560189735169,1
1767010237.5639606,-0.04609066,0.05181741,0.04609066,0.05181741,0.4425935323264454,0.4811366117305499,1
1767010237.6362948,-0.022866894,0.07403697,0.022866894,0.07403697,0.4520135951516244,0.46183895839133376,1
1767010237.9032722,0.033317298,-0.038185284,0.033317298,0.038185284,0.46616745366941736,0.44277899099827167,1
1767010237.98631,0.03326261,-0.0392256,0.03326261,0.0392256,0.49775804286701475,0.4249197835626154,1
1767010238.0591629,0.016112078,-0.088122346,0.016112078,0.088122346,0.5003245000845329,0.4254639898940619,1
1767010238.1372123,-0.03573061,-0.058461986,0.03573061,0.058461986,0.5032404276805607,0.43555052782753,1
1767010238.2214425,0.040400643,-0.018487342,0.040400643,0.018487342,0.4994259633560838,0.4301318079233087,1
1767010238.355967,0.048885014,0.00033137947,0.048885014,0.00033137947,0.4975144525642017,0.44733689434185175,1
1767010239.90942,0.083746396,0.048580017,0.083746396,0.048580017,0.4909000009089812,0.4769660037406561,1
1767010239.9917638,0.07454118,0.04994922,0.07454118,0.04994922,0.4407291229843726,0.49170512435665986,1
1767010240.0661545,0.07454118,0.04994922,0.07454118,0.04994922,0.4362342181436676,0.5028369448756229,1
1767010241.662161,0.0042218706,-0.049609028,0.0042218706,0.049609028,0.44673850904120715,0.5366294525737687,1
1767010241.7395837,0.006352856,-0.05333913,0.006352856,0.05333913,0.44696122645854974,0.5496060127635014,1
1767010241.9703221,-0.011881725,0.07020683,0.011881725,0.07020683,0.46581901702470063,0.5799798249844067,1
1767010242.0447588,-0.008112789,0.037758183,0.008112789,0.037758183,0.4659682000820208,0.5950747504850611,1
1767010242.1926186,0.010013561,0.08495426,0.010013561,0.08495426,0.46484942002220153,0.5960669721316346,1
1767010242.264576,-0.010291087,0.098676845,0.010291087,0.098676845,0.4665090737869436,0.5959875558473217,1
1767010242.341657,0.01749482,0.09125589,0.01749482,0.09125589,0.46793299737442773,0.5939366409133052,1
1767010242.4207313,0.023503032,0.09684317,0.023503032,0.09684317,0.4684199209571842,0.5952143762755461,1
1767010242.4992354,-0.011837685,0.094378926,0.011837685,0.094378926,0.46891851123997585,0.5989687333787171,1
1767010242.5750737,-0.017910022,0.06997314,0.017910022,0.06997314,0.4699560433895599,0.5994980020562564,1
1767010242.6560223,-0.00857224,0.053275302,0.00857224,0.053275302,0.47068499317674806,0.5954303336505085,1
1767010242.8157408,0.034725916,0.05893056,0.034725916,0.05893056,0.4702722849441243,0.5801807794855426,1
1767010242.8979254,0.037232433,0.052533828,0.037232433,0.052533828,0.4711153995584212,0.582064130108432,1
1767010242.9676712,0.031065665,0.06821236,0.031065665,0.06821236,0.4717614766348903,0.5920871940722667,1
1767010243.0471165,0.04293551,0.04795013,0.04293551,0.04795013,0.4735708173901628,0.6029992518609956,1
1767010243.1248713,0.052905463,0.034052633,0.052905463,0.034052633,0.47345652672773864,0.614333507190137,1
1767010243.2030683,0.057252076,0.038964313,0.057252076,0.038964313,0.47329933042874806,0.6252064437177801,1
1767010243.2786832,0.05308174,0.060694084,0.05308174,0.060694084,0.4735576055408648,0.6350608097492986,1
1767010243.3602579,0.09659146,0.0588495,0.09659146,0.0588495,0.4736253724305033,0.6442475566832109,1
1767010243.4375336,0.09659146,0.0588495,0.09659146,0.0588495,0.4740696071300917,0.6537231598156444,1
1767010243.5156527,0.08359228,0.04606684,0.08359228,0.04606684,0.4741474942666368,0.662328184669324,1
1767010243.5989175,0.06334324,0.045695297,0.06334324,0.045695297,0.4741225686896886,0.6707852642597586,1
1767010243.6734364,0.06538797,0.053462744,0.06538797,0.053462744,0.47479489903339145,0.6784867971739346,1
1767010243.7420914,0.06538797,0.053462744,0.06538797,0.053462744,0.45619132781676386,0.6999684465573643,1
1767010243.8158364,0.06961691,0.056248814,0.06961691,0.056248814,0.43168212145794516,0.7289373787498573,1
1767010243.894333,0.105857864,0.037914358,0.105857864,0.037914358,0.40918560527093006,0.7598562324862379,1
1767010243.9764044,0.10320622,0.064115785,0.10320622,0.064115785,0.391090665302563,0.7914052728944768,1
1767010244.0555966,0.10320622,0.064115785,0.10320622,0.064115785,0.3792426551669945,0.8197903137194735,1
1767010244.131835,0.086967915,0.06748864,0.086967915,0.06748864,0.36873359127517324,0.8438934153330895,1
1767010244.209272,0.07110461,0.06292978,0.07110461,0.06292978,0.36484618224948684,0.8689020752034525,1
1767010244.292141,0.103158996,0.052678812,0.103158996,0.052678812,0.3598964277580252,0.8877349801488691,1
1767010244.3607626,0.085846305,0.05992441,0.085846305,0.05992441,0.35602680068049386,0.9036635795733576,1
1767010244.4270573,0.087788686,0.06388826,0.087788686,0.06388826,0.35195436869421126,0.9170590646120289,1
1767010244.4960632,0.09100853,0.057874814,0.09100853,0.057874814,0.34871026690325946,0.9303378360472742,1
1767010244.5661528,0.080817066,0.053959966,0.080817066,0.053959966,0.34478183594667566,0.940522444376828,1
1767010244.6311731,0.09382671,0.04025158,0.09382671,0.04025158,0.34267439181960746,0.9486338420684108,1
1767010244.7074962,0.11135298,0.06198301,0.11135298,0.06198301,0.3428606741705379,0.9450239859254224,1
1767010244.7920845,0.11587786,0.06343232,0.11587786,0.06343232,0.3434130250072589,0.9496213573983691,1
1767010244.8598523,0.09584296,0.057257302,0.09584296,0.057257302,0.34222865588347584,0.9535614907296088,1
1767010244.9297001,0.10056758,0.047885694,0.10056758,0.047885694,0.3389900869486946,0.9569827384002975,1
1767010245.004853,0.09148539,0.04343814,0.09148539,0.04343814,0.3390825349225609,0.9593470988245261,1
1767010245.0824537,0.10916631,0.0636098,0.10916631,0.0636098,0.3382120497653812,0.9619640004615045,1
1767010245.157826,0.092937864,0.036384493,0.092937864,0.036384493,0.3377231463378799,0.9636885439834401,1
1767010245.2350955,0.081545,-0.0054082125,0.081545,0.0054082125,0.3372637133355483,0.9655781496229991,1
1767010245.3177128,0.058275085,0.04051201,0.058275085,0.04051201,0.33729612215900917,0.9667539098200549,1
1767010245.3924403,0.038780212,0.020177033,0.038780212,0.020177033,0.3209312975728591,0.9697200630259051,1
1767010245.47027,0.049549744,-0.032810107,0.049549744,0.032810107,0.28777828557605234,0.9867287974044696,1
1767010245.5448458,0.054491095,-0.07080456,0.054491095,0.07080456,0.2735167796488436,0.9917753509740259,1
1767010245.61687,0.05712179,-0.085587956,0.05712179,0.085587956,0.24599165881773577,0.9882933385834213,1
1767010245.6882358,0.07053536,-0.09320352,0.07053536,0.09320352,0.2472732364564192,0.9826535624743011,1
1767010245.7627413,0.06437598,-0.08214659,0.06437598,0.08214659,0.25924416163760955,0.9763506184410226,1
1767010245.9722757,-0.021059416,0.037866257,0.021059416,0.037866257,0.35608635731199867,0.9439960292718017,1
1767010246.0437586,-0.03552047,0.0448863,0.03552047,0.0448863,0.36294508377922996,0.9409197610432047,1
1767010246.1210413,-0.019013513,0.058587153,0.019013513,0.058587153,0.37196631340451336,0.9364050714346484,1
1767010246.2025893,-0.04443411,0.09109688,0.04443411,0.09109688,0.37138285723748987,0.9360233815649155,1
1767010246.2810194,-0.05319268,0.09558699,0.05319268,0.09558699,0.41328297879537457,0.8849625282848832,1
1767010246.358534,-0.071294144,0.11751261,0.071294144,0.11751261,0.4287830610449743,0.8122103845625372,1
1767010246.4352577,-0.076443925,0.13119262,0.076443925,0.13119262,0.44452486754418896,0.7308497675179615,1
1767010246.5121744,-0.061421197,0.11745848,0.061421197,0.11745848,0.45457833569728656,0.6732287058378459,1
1767010246.5923135,-0.069408685,0.10799584,0.069408685,0.10799584,0.4583592339677791,0.6321777324480029,1
1767010246.6684613,-0.06323588,0.07625476,0.06323588,0.07625476,0.46113135807579153,0.6005527560454178,1
1767010246.75048,-0.062217567,0.077013835,0.062217567,0.077013835,0.46714917073880136,0.5743794065450794,1
1767010246.8236973,-0.060638297,0.06329533,0.060638297,0.06329533,0.4686512550579678,0.5530132148929685,1
1767010249.357634,0.0140381735,0.036073327,0.0140381735,0.036073327,0.4562404781372549,0.4659355901009242,1
1767010249.436734,-0.0044453787,0.035349697,0.0044453787,0.035349697,0.45934052278115056,0.484351540676847,1
1767010249.6534257,-0.025225967,0.053696133,0.025225967,0.053696133,0.46565283883077924,0.5190455165133238,1
1767010249.7214243,0.0073577156,0.05437999,0.0073577156,0.05437999,0.46597419427652287,0.519227974146434,1
1767010249.7990236,0.0092084175,0.07730775,0.0092084175,0.07730775,0.4645468634601144,0.5222552344278887,1
1767010249.8952286,0.0045300936,0.07638494,0.0045300936,0.07638494,0.4646266064381629,0.5265735745681682,1
1767010249.9612474,-0.0030849231,0.08297908,0.0030849231,0.08297908,0.4658871399045442,0.5307550769307694,1
1767010250.0349164,0.008614144,0.08381572,0.008614144,0.08381572,0.46730689215372023,0.532949766173427,1
1767010250.1139963,0.01736265,0.083935864,0.01736265,0.083935864,0.4687448448432905,0.5361326985069709,1
1767010250.197096,0.0064181453,0.09302375,0.0064181453,0.09302375,0.4695579992692229,0.5413180831365056,1
1767010250.2659678,-0.0033950107,0.09111587,0.0033950107,0.09111587,0.47017346517435366,0.5461728387706655,1
1767010250.3329866,0.0007858677,0.10149263,0.0007858677,0.10149263,0.4700085858476064,0.5490965873664722,1
1767010250.4124563,-0.0038648741,0.104409754,0.0038648741,0.104409754,0.4706033244465233,0.5511375992718401,1
1767010250.486613,-0.00617518,0.09704262,0.00617518,0.09704262,0.4713237844550462,0.5518615116911171,1
1767010250.5523205,-0.009643924,0.108181015,0.009643924,0.108181015,0.47262454265915654,0.5510520101331188,1
1767010250.6267078,-0.04642757,0.09844817,0.04642757,0.09844817,0.4750658928564626,0.5485712247146872,1
1767010250.7045498,-0.048961747,0.084971055,0.048961747,0.084971055,0.47760971977573785,0.5397329126797867,1
1767010250.7815976,-0.059798162,0.07917474,0.059798162,0.07917474,0.47808232197596,0.5259802817135968,1
1767010250.8638132,-0.064779766,0.035358574,0.064779766,0.035358574,0.47874734868781543,0.5123315516276931,1
1767010250.9443078,-0.056207027,0.03878154,0.056207027,0.03878154,0.47980055204574024,0.4990717935157808,1
1767010251.017523,-0.0776054,0.07847069,0.0776054,0.07847069,0.48008598629851496,0.4863615580344843,1
1767010252.555281,0.016262252,0.06175572,0.016262252,0.06175572,0.4748666512661398,0.44317961602504413,1
1767010252.6327739,0.1561962,0.028872564,0.1561962,0.028872564,0.4738628855890701,0.43334739580656045,1
1767010252.712342,0.13997583,0.033699233,0.13997583,0.033699233,0.46737271818679205,0.44964401001175636,1
1767010252.7866714,0.1410948,0.038175564,0.1410948,0.038175564,0.4661033800914134,0.4643885605026,1
1767010252.869567,0.13493681,0.031604357,0.13493681,0.031604357,0.4647057142844684,0.4794621904997911,1
1767010252.9436047,0.13466284,0.031247512,0.13466284,0.031247512,0.4646445872233782,0.4937738777349384,1
1767010253.0208423,0.12648177,0.04332762,0.12648177,0.04332762,0.4637599092366631,0.5090688799959164,1
1767010253.097926,0.12619035,0.022739135,0.12619035,0.022739135,0.46487148001394285,0.5227907015842603,1
1767010253.1979656,0.053103715,-0.024212599,0.053103715,0.024212599,0.5330825083991364,0.5352307004852334,1
1767010253.2888684,0.08712983,-0.018733568,0.08712983,0.018733568,0.5423338762424931,0.5492604736729496,1
1767010253.366977,0.09353503,0.00142131,0.09353503,0.00142131,0.44773458905341745,0.5690023334813797,1
1767010389.5374393,0.049489714,-0.008796312,0.049489714,0.008796312,0.4824073761701584,0.5,1
1767010389.6256177,0.057547286,-0.006912492,0.057547286,0.006912492,0.4861750155687332,0.55,1
1767010389.7024767,-0.043897614,-0.0067160726,0.043897614,0.0067160726,0.4865678548812866,0.5477285348807543,1
1767010389.8520331,-0.0004202528,-0.06049647,0.0004202528,0.06049647,0.3790070563554764,0.5518861966752584,1
1767010389.9198925,0.006975903,-0.06066499,0.006975903,0.06066499,0.37867002189159393,0.5574672119672804,1
1767010389.9982426,0.035716157,-0.007524967,0.035716157,0.007524967,0.48495006561279297,0.5633180678622425,1
1767010390.2171774,0.079655744,-0.112293415,0.079655744,0.112293415,0.2754131704568863,0.5849306770781324,1
1767010390.2992873,0.028994568,-0.1360282,0.028994568,0.1360282,0.22794359922409058,0.5919953245732694,1
1767010390.3673048,0.034617428,-0.12854367,0.034617428,0.12854367,0.2429126501083374,0.5994863675452655,1
1767010390.4385755,0.0030792607,-0.118373685,0.0030792607,0.118373685,0.2632526308298111,0.6073376691825924,1
1767010391.110214,-0.013655658,-0.047460355,0.013655658,0.047460355,0.40507929027080536,0.8672795747395142,1
1767010391.1852212,-0.015157876,-0.050945617,0.015157876,0.050945617,0.3981087654829025,0.8833147581708278,1
1767010391.2532477,0.0009547109,-0.062145166,0.0009547109,0.062145166,0.375709667801857,0.8625080148333619,1
1767010391.4814186,-0.006732614,0.09500092,0.006732614,0.09500092,0.6900018453598022,0.8420404404603092,1
1767010391.5568178,-0.006732614,0.09500092,0.006732614,0.09500092,0.6900018453598022,0.8274172397097321,1
1767010391.6418695,0.001031707,0.08191285,0.001031707,0.08191285,0.6638257056474686,0.8132332670987273,1
1767010391.7189133,-0.008702033,0.070067495,0.008702033,0.070067495,0.6401349902153015,0.8030967636332927,1
1767010391.7910864,-0.016681701,0.081101544,0.016681701,0.081101544,0.6622030884027481,0.7902143570906667,1
1767010391.8691456,-0.0013617994,0.070153125,0.0013617994,0.070153125,0.6403062492609024,0.7747485683874102,1
1767010391.939639,-0.0029426115,0.064967304,0.0029426115,0.064967304,0.6299346089363098,0.7618725455645095,1
1767010392.011826,-0.0004043812,0.098087765,0.0004043812,0.098087765,0.6961755305528641,0.7496911098278987,1
1767010392.0877624,0.00053117145,0.07719557,0.00053117145,0.07719557,0.6543911397457123,0.738845995613377,1
1767010392.3037093,0.007965527,-0.042787597,0.007965527,0.042787597,0.4144248068332672,0.7275749164565406,1
1767010392.385113,0.010103786,-0.03988219,0.010103786,0.03988219,0.42023561894893646,0.7336820280428723,1
1767010392.4525826,-0.01137716,-0.09790022,0.01137716,0.09790022,0.30419956147670746,0.7409664857786923,1
1767010392.5201719,-0.019068532,-0.1333664,0.019068532,0.1333664,0.2332671880722046,0.7391938476514878,1
1767010392.6002085,-0.014180669,-0.13313264,0.014180669,0.13313264,0.23373472690582275,0.725648331079405,1
1767010392.6778698,-0.017805103,-0.12027153,0.017805103,0.12027153,0.25945694744586945,0.7075783160191577,1
1767010392.7448812,-0.031212784,-0.124950476,0.031212784,0.124950476,0.2500990480184555,0.6887063185678921,1
1767010392.8136716,-0.021078788,-0.10137109,0.021078788,0.10137109,0.29725782573223114,0.6708084112022457,1
1767010392.896737,-0.009334805,-0.06872075,0.009334805,0.06872075,0.3625584989786148,0.6543918907341689,1
1767010392.9756725,-0.009334805,-0.06872075,0.009334805,0.06872075,0.3625584989786148,0.6373010625215751,1
1767010393.0568483,0.0038012518,-0.059715487,0.0038012518,0.059715487,0.3805690258741379,0.621145312927861,1
1767010393.6171715,-0.036208287,-0.1395405,0.036208287,0.1395405,0.22091901302337646,0.5644328586509203,1
1767010393.6934526,-0.00042610522,-0.100493066,0.00042610522,0.100493066,0.2990138679742813,0.5511781976154568,1
1767010393.7694163,0.013616406,-0.0935049,0.013616406,0.0935049,0.312990203499794,0.5432389787133709,1
1767010393.8370268,0.014379114,-0.09190277,0.014379114,0.09190277,0.31619445979595184,0.5429714515415078,1
1767010393.9071052,0.002291156,-0.11424553,0.002291156,0.11424553,0.27150894701480865,0.5482209129636165,1
1767010393.9897573,0.006994714,-0.10003958,0.006994714,0.10003958,0.29992084205150604,0.5541015220689329,1
1767010394.0565267,0.009293645,-0.10624818,0.009293645,0.10624818,0.287503644824028,0.5613818913288009,1
1767010394.1271417,0.009406498,-0.15827763,0.009406498,0.15827763,0.18344473838806152,0.5710407218129563,1
1767010394.2050745,0.02951967,-0.15136519,0.02951967,0.15136519,0.19726961851119995,0.5831683107770055,1
1767010394.288182,0.05224914,-0.12312155,0.05224914,0.12312155,0.25375689566135406,0.5937675406503999,1
1767010394.3667963,0.05224914,-0.12312155,0.05224914,0.12312155,0.25375689566135406,0.6028628594688084,1
1767010394.4371397,0.05163692,-0.11089244,0.05163692,0.11089244,0.27821512520313263,0.6117597233792659,1
1767010394.5193942,0.059962746,-0.13556361,0.059962746,0.13556361,0.22887277603149414,0.6206726066501654,1
1767010394.5965016,0.052053396,-0.12545955,0.052053396,0.12545955,0.24908089637756348,0.6294051263488931,1
1767010394.677601,0.04988025,-0.11557857,0.04988025,0.11557857,0.2688428610563278,0.6377338572198744,1
1767010394.7481592,0.062351845,-0.15239772,0.062351845,0.15239772,0.19520455598831177,0.6459988615808843,1
1767010394.8351858,0.053536635,-0.12269073,0.053536635,0.12269073,0.2546185404062271,0.6547401969968146,1
1767010394.9091392,0.062351845,-0.15239772,0.062351845,0.15239772,0.19520455598831177,0.679444889346055,1
1767010394.9875424,0.05869933,-0.14602405,0.05869933,0.14602405,0.20795190334320068,0.7114888367572927,1
1767010395.0708108,0.059241984,-0.12294946,0.059241984,0.12294946,0.25410108268260956,0.7469900193349531,1
1767010395.1463802,0.06179997,-0.15343666,0.06179997,0.15343666,0.19312667846679688,0.7815152912115563,1
1767010395.2269943,0.054761987,-0.13148147,0.054761987,0.13148147,0.2370370626449585,0.809511203847225,1
1767010395.3075848,0.059086584,-0.15185931,0.059086584,0.15185931,0.19628137350082397,0.8348801364869429,1
1767010395.3953822,0.054718684,-0.15751901,0.054718684,0.15751901,0.1849619746208191,0.8559139807053344,1
1767010395.4684565,9.5989555e-05,-0.040842824,9.5989555e-05,0.040842824,0.4183143526315689,0.8733390873345452,1
1767010395.5475147,-0.012816169,-0.0598175,0.012816169,0.0598175,0.3803649991750717,0.8956276818818745,1
1767010395.6241684,0.009752489,-0.05472953,0.009752489,0.05472953,0.3905409425497055,0.9100879032640967,1
1767010395.6997654,-0.00074201636,-0.05556134,0.00074201636,0.05556134,0.3888773173093796,0.9216239100591676,1
1767010395.8367155,0.042451415,-0.036473714,0.042451415,0.036473714,0.4270525723695755,0.938929291755673,1
1767010395.9163232,0.09212051,-0.0036426932,0.09212051,0.0036426932,0.49271461367607117,0.9433021509549121,1
1767010395.99575,0.1099504,-0.0015323386,0.1099504,0.0015323386,0.49693532288074493,0.9480239775641748,1
1767010396.072549,0.15150471,-0.015552424,0.15150471,0.015552424,0.46889515221118927,0.9518044051295472,1
1767010396.1541173,0.17370598,0.00010591,0.17370598,0.00010591,0.5002118200063705,0.9561217658319964,1
1767010396.225109,0.17370598,0.00010591,0.17370598,0.00010591,0.5002118200063705,0.9590756230109252,1
1767010396.3091395,0.1716285,-0.007358633,0.1716285,0.007358633,0.4852827340364456,0.9627480025011327,1
1767010396.3911557,0.17357989,-0.0031829998,0.17357989,0.0031829998,0.4936340004205704,0.9667090681566297,1
1767010396.4687,0.15865806,0.009022497,0.15865806,0.009022497,0.5180449932813644,0.9699316481386209,1
1767010396.5409482,0.16223219,0.0086122975,0.16223219,0.0086122975,0.517224594950676,0.9712844281331933,1
1767010396.6168833,0.17516601,0.023324326,0.17516601,0.023324326,0.5466486513614655,0.9732089375177055,1
1767010396.694892,0.17277242,0.0146343,0.17277242,0.0146343,0.5292686000466347,0.9742238778199309,1
1767010396.7724826,0.161253,0.0079110935,0.161253,0.0079110935,0.5158221870660782,0.9755653558083843,1
1767010396.85247,0.1658165,0.015076395,0.1658165,0.015076395,0.530152790248394,0.9772005083060842,1
1767010396.9305103,0.12018336,-0.0037220344,0.12018336,0.0037220344,0.4925559312105179,0.9785177262164033,1
1767010397.0043085,0.11875149,-0.0016044453,0.11875149,0.0016044453,0.4967911094427109,0.9795121282136471,1
1767010397.0833755,0.111820325,0.005453691,0.111820325,0.005453691,0.510907381772995,0.9801196199115674,1
1767010397.1586368,0.10740263,-0.011535384,0.10740263,0.011535384,0.4769292324781418,0.9808748182005708,1
1767010397.2410102,0.11082514,0.0066008046,0.11082514,0.0066008046,0.5132016092538834,0.982032598124884,1
1767010397.320036,0.10945279,0.0037797242,0.10945279,0.0037797242,0.5075594484806061,0.9838954875398817,1
1767010397.4003196,0.10686268,-0.0027636066,0.10686268,0.0027636066,0.49447278678417206,0.9856633186923534,1
1767010397.4747367,0.114178844,0.0026021823,0.114178844,0.0026021823,0.505204364657402,0.9873003196876431,1
1767010397.5532749,0.11311161,0.0035409108,0.11311161,0.0035409108,0.5070818215608597,0.9885633190201133,1
1767010397.6318169,0.12466965,-0.00159394,0.12466965,0.00159394,0.4968121200799942,0.9894582682245294,1
1767010397.7102726,0.13461633,0.01463018,0.13461633,0.01463018,0.5292603597044945,0.9905027820298623,1
1767010397.7802875,0.13461633,0.01463018,0.13461633,0.01463018,0.5292603597044945,0.9962230740787147,1
1767010397.8542411,0.12647676,0.0151035115,0.12647676,0.0151035115,0.530207023024559,1.0,1
1767010397.9353676,0.086731374,0.019343626,0.086731374,0.019343626,0.5386872515082359,1.0,1
1767010398.0103877,0.07032641,-0.00013827533,0.07032641,0.00013827533,0.4997234493494034,1.0,1
1767010398.090548,0.06828953,-0.0010637268,0.06828953,0.0010637268,0.4978725463151932,1.0,1
1767010398.1707237,0.06828953,-0.0010637268,0.06828953,0.0010637268,0.4978725463151932,1.0,1
1767010398.2437835,0.05238241,-0.023355529,0.05238241,0.023355529,0.4532889425754547,1.0,1
1767010398.3217595,0.0626224,-0.008539803,0.0626224,0.008539803,0.4829203933477402,1.0,1
1767010398.4048128,0.056732662,-0.01270432,0.056732662,0.01270432,0.47459135949611664,1.0,1
1767010398.483875,0.059802815,-0.011019424,0.059802815,0.011019424,0.47796115279197693,1.0,1
1767010398.9339507,-0.0072133215,-0.06366915,0.0072133215,0.06366915,0.37266169488430023,1.0,1
1767010399.0126414,-0.006115076,-0.05248896,0.006115076,0.05248896,0.39502207934856415,1.0,1
1767010399.2376902,0.012603494,0.05275229,0.012603494,0.05275229,0.6055045798420906,1.0,1
1767010399.306756,0.010967313,0.049419038,0.010967313,0.049419038,0.5988380759954453,1.0,1
1767010399.3890858,0.0038115634,0.1110827,0.0038115634,0.1110827,0.7221654057502747,1.0,1
1767010399.462531,0.0038115634,0.1110827,0.0038115634,0.1110827,0.7221654057502747,1.0,1
1767010399.5325532,0.0038115634,0.1110827,0.0038115634,0.1110827,0.7221654057502747,0.9931590698698013,1
1767010399.6066072,-0.0003361879,0.09750414,0.0003361879,0.09750414,0.6950082778930664,0.9832884724481252,1
1767010399.684624,-0.0043583894,-0.12413744,0.0043583894,0.12413744,0.25172512233257294,0.9713407802684799,1
1767010399.7504745,-0.0043583894,-0.12413744,0.0043583894,0.12413744,0.25172512233257294,0.9446688374226695,1
1767010399.8251817,-0.015095876,-0.13014024,0.015095876,0.13014024,0.23971951007843018,0.9159101924225976,1
1767010399.9069371,0.013054262,-0.10154923,0.013054262,0.10154923,0.29690153896808624,0.8779305775456576,1
1767010399.9880512,0.006659542,-0.07893007,0.006659542,0.07893007,0.3421398550271988,0.8641468381181174,1
1767010400.0600872,0.0054669436,-0.085228615,0.0054669436,0.085228615,0.32954277098178864,0.8578445873089793,1
1767010400.1383088,0.004321702,-0.08473831,0.004321702,0.08473831,0.33052338659763336,0.8544292037753592,1
1767010400.2176442,0.011496027,-0.11745084,0.011496027,0.11745084,0.26509831845760345,0.852725917318498,1
1767010400.2816544,0.0019203844,-0.11822369,0.0019203844,0.11822369,0.26355262100696564,0.855195139016846,1
1767010400.359733,0.00482601,-0.08462723,0.00482601,0.08462723,0.33074553310871124,0.8563750061916027,1
1767010400.4415395,-0.010216075,-0.047082603,0.010216075,0.047082603,0.40583479404449463,0.8579013058171114,1
1767010400.5165899,0.008444,-0.08697713,0.008444,0.08697713,0.3260457366704941,0.8519590611073982,1
1767010400.6013923,0.008444,-0.08697713,0.008444,0.08697713,0.3260457366704941,0.8503544819218352,1
1767010400.6764286,0.007779097,-0.09777523,0.007779097,0.09777523,0.30444954335689545,0.8512380812251529,1
1767010400.751757,0.0035783378,-0.08858884,0.0035783378,0.08858884,0.32282231748104095,0.8537786774083318,1
1767010400.8323922,0.0048817582,-0.07235236,0.0048817582,0.07235236,0.3552952855825424,0.8558601266880752,1
1767010400.9058013,0.0056874547,-0.07961198,0.0056874547,0.07961198,0.3407760411500931,0.8582798272523252,1
1767010400.9849129,0.0056874547,-0.07961198,0.0056874547,0.07961198,0.3407760411500931,0.8610276438016287,1
1767010401.0649948,0.0013049655,-0.078734405,0.0013049655,0.078734405,0.3425311893224716,0.863924764924294,1
1767010401.1418612,0.0055528684,-0.06841584,0.0055528684,0.06841584,0.36316831409931183,0.8655517033569705,1
1767010401.217161,0.0020977473,-0.072819896,0.0020977473,0.072819896,0.3543602079153061,0.8678302424283264,1
1767010401.285985,0.014428627,-0.08732789,0.014428627,0.08732789,0.3253442198038101,0.8690488651384861,1
1767010401.360575,0.0007637786,-0.063803844,0.0007637786,0.063803844,0.37239231169223785,0.8717510126099645,1
1767010401.429123,0.0007637786,-0.063803844,0.0007637786,0.063803844,0.37239231169223785,0.8743558362587944,1
1767010401.576131,0.03541946,-0.07072268,0.03541946,0.07072268,0.3585546463727951,0.8758500448283917,1
1767010401.655501,0.017845219,-0.0735969,0.017845219,0.0735969,0.3528061956167221,0.87884148194205,1
1767010401.7335615,0.025724273,-0.076952375,0.025724273,0.076952375,0.3460952490568161,0.8815415286011762,1
1767010401.809397,0.028946687,-0.047105737,0.028946687,0.047105737,0.40578852593898773,0.8842200507131044,1
1767010401.973558,0.01340455,-0.044692516,0.01340455,0.044692516,0.4106149673461914,0.8901245319697082,1
1767010402.044732,0.0020173667,-0.035600916,0.0020173667,0.035600916,0.4287981688976288,0.892513553765444,1
1767010402.1198363,0.0072174403,-0.04814945,0.0072174403,0.04814945,0.4037010967731476,0.8948631271745652,1
1767010402.1917608,-0.0017697038,-0.036393,0.0017697038,0.036393,0.42721399664878845,0.8972761992424888,1
1767010402.9648306,0.011618895,-0.075302996,0.011618895,0.075302996,0.3493940085172653,0.9076785923429564,1
1767010403.056948,0.0075952383,-0.06378969,0.0075952383,0.06378969,0.37242062389850616,0.9099585847910143,1
1767010403.134042,0.0066530015,-0.07842853,0.0066530015,0.07842853,0.34314294159412384,0.9119421946674029,1
1767010403.2019074,0.012458832,-0.08151197,0.012458832,0.08151197,0.3369760662317276,0.9140195538259904,1
1767010403.5750587,0.07078162,-0.0005731657,0.07078162,0.0005731657,0.4988536685705185,0.9319494415806431,1
1767010403.6405766,0.07078162,-0.0005731657,0.07078162,0.0005731657,0.4988536685705185,0.9394700313923967,1
1767010403.7094457,0.074901864,-0.0008928254,0.074901864,0.0008928254,0.49821434915065765,0.9468685690658707,1
1767010403.7921803,0.1631906,0.04251475,0.1631906,0.04251475,0.5850294977426529,0.9430476787724802,1
1767010403.8704767,0.1631906,0.04251475,0.1631906,0.04251475,0.5850294977426529,0.9585499832374809,1
1767010403.9463246,0.1534929,0.049671046,0.1534929,0.049671046,0.599342092871666,0.963721256354845,1
1767010404.0310047,0.15819386,0.049243126,0.15819386,0.049243126,0.5984862521290779,0.969196762639539,1
1767010404.0962157,0.15813175,0.049911007,0.15813175,0.049911007,0.5998220145702362,0.9727495077313395,1
1767010404.16554,0.15680657,0.050785072,0.15680657,0.050785072,0.6015701442956924,0.9760667725661121,1
1767010404.2345624,0.15906009,0.03579799,0.15906009,0.03579799,0.5715959817171097,0.9782662404369417,1
1767010404.3076673,0.15727493,0.04951846,0.15727493,0.04951846,0.599036917090416,0.9811168101758807,1
1767010404.388299,-0.011382396,0.110541835,0.011382396,0.110541835,0.7210836708545685,0.9828478460421959,1
1767010404.4623778,-0.0124307545,0.09313397,0.0124307545,0.09313397,0.6862679421901703,0.987236594493372,1
1767010404.540172,-0.019699838,0.087509006,0.019699838,0.087509006,0.6750180125236511,0.9902731644279927,1
1767010404.621041,-0.004508038,0.0743439,0.004508038,0.0743439,0.6486877948045731,0.9921025524914533,1
1767010404.7020051,0.01219147,0.08370857,0.01219147,0.08370857,0.6674171388149261,0.9945338885061756,1
1767010404.7761092,0.007665015,0.07963319,0.007665015,0.07963319,0.6592663824558258,0.9962458379073792,1
1767010404.8546307,0.030331425,0.07615094,0.030331425,0.07615094,0.6523018777370453,0.9977336720026908,1
1767010404.9318554,0.0073382733,0.106063485,0.0073382733,0.106063485,0.7121269702911377,0.9986478172382848,1
1767010405.0109103,-0.02049534,0.09140724,0.02049534,0.09140724,0.6828144788742065,0.99929900791993,1
1767010405.076,-0.03044936,0.09067414,0.03044936,0.09067414,0.6813482791185379,0.9999466399586037,1
1767010405.152836,-0.01351433,0.09498257,0.01351433,0.09498257,0.6899651437997818,0.9888328634761363,1
1767010405.228844,-0.006294527,-0.11200432,0.006294527,0.11200432,0.27599136531352997,0.9643458378893187,1
1767010405.2982495,-0.012200237,-0.097155295,0.012200237,0.097155295,0.30568940937519073,0.9203422008960668,1
1767010405.3734348,-0.012075565,-0.08462962,0.012075565,0.08462962,0.3307407647371292,0.8696210837792436,1
1767010405.4498603,-0.008961755,-0.08743871,0.008961755,0.08743871,0.32512257993221283,0.81802143669787,1
1767010405.5148623,-0.010715234,-0.0832529,0.010715234,0.0832529,0.3334942013025284,0.7731514035368251,1
1767010405.5881903,-0.010715234,-0.0832529,0.010715234,0.0832529,0.3334942013025284,0.7369446744453605,1
1767010405.6661627,-0.010715234,-0.0832529,0.010715234,0.0832529,0.3334942013025284,0.7071913543831105,1
1767010405.7350168,-0.011359452,-0.097869195,0.011359452,0.097869195,0.30426160991191864,0.681814091113667,1
1767010405.8069189,0.0020318544,-0.08226333,0.0020318544,0.08226333,0.33547334372997284,0.6588018141244825,1
1767010405.875463,-0.013718869,-0.104768924,0.013718869,0.104768924,0.2904621511697769,0.6389781585441032,1
1767010405.9418094,-0.011862156,-0.09271408,0.011862156,0.09271408,0.3145718425512314,0.6196980874820259,1
1767010406.0151608,-0.018517695,-0.10292838,0.018517695,0.10292838,0.2941432446241379,0.602679126596021,1
1767010406.083267,-0.01813149,-0.096156634,0.01813149,0.096156634,0.3076867312192917,0.5863226842082387,1
1767010406.162349,-0.014445948,-0.09896699,0.014445948,0.09896699,0.30206601321697235,0.566429352093827,1
1767010406.2394528,-0.010309708,-0.08027186,0.010309708,0.08027186,0.3394562751054764,0.5198367298483417,1
1767010406.3155923,-0.01259732,-0.0739974,0.01259732,0.0739974,0.352005198597908,0.45815031659381705,1
1767010406.3840191,-0.013099276,-0.10209248,0.013099276,0.10209248,0.29581503570079803,0.3950383688803595,1
1767010406.4517179,-0.015997011,-0.10053981,0.015997011,0.10053981,0.2989203780889511,0.3396236205744515,1
1767010406.5207453,-0.004988798,-0.08712477,0.004988798,0.08712477,0.3257504552602768,0.2914495507275398,1
1767010406.6005025,-0.004988798,-0.08712477,0.004988798,0.08712477,0.3257504552602768,0.25046078633070684,1
1767010406.687598,-0.004278288,-0.090356044,0.004278288,0.090356044,0.31928791105747223,0.2162891354809462,1
1767010406.7600944,-0.009346557,-0.095003136,0.009346557,0.095003136,0.3099937289953232,0.18803314923578884,1
1767010406.8268635,0.009562236,-0.06846281,0.009562236,0.06846281,0.3630743771791458,0.16421835544620855,1
1767010406.899953,-0.0031654807,-0.079847716,0.0031654807,0.079847716,0.34030456840991974,0.15596860618582692,1
1767010406.9773662,-0.0036261594,-0.09528873,0.0036261594,0.09528873,0.3094225376844406,0.1502052685820097,1
1767010407.0544574,0.006285769,-0.078835316,0.006285769,0.078835316,0.34232936799526215,0.14552432374667798,1
1767010407.1325638,-0.016701158,-0.103201695,0.016701158,0.103201695,0.29359661042690277,0.15520870381392898,1
1767010407.2096713,0.01231935,-0.06714677,0.01231935,0.06714677,0.3657064586877823,0.1505041479144303,1
1767010407.2756193,-0.014223785,-0.10073566,0.014223785,0.10073566,0.29852868616580963,0.1602110559759719,1
1767010407.3593247,0.016188713,-0.077432506,0.016188713,0.077432506,0.34513498842716217,0.16021327084999376,1
1767010407.4418921,0.0100527285,-0.0902253,0.0100527285,0.0902253,0.31954939663410187,0.17218867477223274,1
1767010407.5187228,-0.013510634,-0.09744721,0.013510634,0.09744721,0.3051055818796158,0.19035360837418774,1
1767010407.6069598,-0.011081365,-0.100962974,0.011081365,0.100962974,0.29807405173778534,0.1972553728545011,1
1767010407.6789877,-0.011081365,-0.100962974,0.011081365,0.100962974,0.29807405173778534,0.19802935733158855,1
1767010407.7534227,-0.012570799,-0.097629555,0.012570799,0.097629555,0.30474089086055756,0.19482223378446378,1
1767010407.832516,-0.008151098,-0.09250977,0.008151098,0.09250977,0.3149804621934891,0.1900261057407992,1
1767010407.8988967,0.012287876,-0.07519742,0.012287876,0.07519742,0.34960515797138214,0.18563798287690714,1
1767010407.9758844,-0.021165717,-0.074995436,0.021165717,0.074995436,0.35000912845134735,0.18715233413209106,1
1767010409.6860478,-0.008544943,0.043752283,0.008544943,0.043752283,0.5875045657157898,0.6329638223633873,1
1767010409.7661586,0.009123582,0.068264455,0.009123582,0.068264455,0.6365289092063904,0.6914578693546546,1
1767010409.8392386,0.0029764576,0.091908455,0.0029764576,0.091908455,0.6838169097900391,0.7391320150058558,1
1767010409.9182954,0.0029764576,0.091908455,0.0029764576,0.091908455,0.6838169097900391,0.7787708662035461,1
1767010409.9974785,0.00062673446,0.089661136,0.00062673446,0.089661136,0.6793222725391388,0.8102721997778459,1
1767010410.0776095,0.00453345,0.083518684,0.00453345,0.083518684,0.6670373678207397,0.818622435807391,1
1767010410.1526685,0.008160419,0.099335805,0.008160419,0.099335805,0.6986716091632843,0.8212854222672936,1
1767010410.2366931,0.013326733,0.09225216,0.013326733,0.09225216,0.6845043152570724,0.8218446258318612,1
1767010410.3069246,-0.0029483745,0.10794428,0.0029483745,0.10794428,0.7158885598182678,0.8232770265066067,1
1767010410.3848307,-0.010818508,0.123003446,0.010818508,0.123003446,0.7460068911314011,0.8206167124753523,1
1767010410.4664538,-0.00539326,0.11978485,0.00539326,0.11978485,0.7395696938037872,0.8155770458526777,1
1767010410.5435417,-0.015763257,0.11983278,0.015763257,0.11983278,0.7396655529737473,0.8092238415119297,1
1767010410.6172,-0.034363247,0.10760576,0.034363247,0.10760576,0.7152115255594254,0.8012414239634928,1
1767010410.686277,-0.033864852,0.117260516,0.033864852,0.117260516,0.7345210313796997,0.7886479634293253,1
1767010410.7638302,-0.033864852,0.117260516,0.033864852,0.117260516,0.7345210313796997,0.7741969153223565,1
1767010410.8419282,-0.0010489086,0.12088117,0.0010489086,0.12088117,0.7417623400688171,0.7585278083519107,1
1767010410.9172997,-0.016494196,0.08369903,0.016494196,0.08369903,0.667398065328598,0.7467874268849277,1
1767010410.9992163,-0.0038787508,0.09242005,0.0038787508,0.09242005,0.6848400980234146,0.7322037191193469,1
1767010411.0670888,0.0018677143,0.09211925,0.0018677143,0.09211925,0.6842384934425354,0.7195635828461394,1
1767010411.135447,0.015544715,0.07940665,0.015544715,0.07940665,0.6588132977485657,0.7096311718008151,1
1767010411.212835,-0.00037421007,0.07346402,0.00037421007,0.07346402,0.6469280421733856,0.7046748014696002,1
1767010411.29412,0.003995835,0.07442469,0.003995835,0.07442469,0.6488493829965591,0.6998602192619233,1
1767010411.372401,-0.00069226045,0.08082345,0.00069226045,0.08082345,0.6616469025611877,0.6965113169373577,1
1767010411.4483702,0.0016376106,0.06967519,0.0016376106,0.06967519,0.6393503844738007,0.692739718262598,1
1767010411.5308573,0.011195808,0.06400225,0.011195808,0.06400225,0.6280045062303543,0.6902129392330176,1
1767010411.604439,-0.007627961,0.054982085,0.007627961,0.054982085,0.609964169561863,0.6900987915161124,1
1767010411.6816468,0.0007886803,0.073115356,0.0007886803,0.073115356,0.6462307125329971,0.6865702265497516,1
1767010411.903439,0.04369742,0.04080722,0.04369742,0.04080722,0.5816144421696663,0.7018498904566751,1
1767010411.9798572,0.06731349,0.008327231,0.06731349,0.008327231,0.5166544616222382,0.7090182300472395,1
1767010412.0481718,0.044824574,0.0049964413,0.044824574,0.0049964413,0.5099928826093674,0.7172327009430319,1
1767010412.207181,0.038639944,0.012159407,0.038639944,0.012159407,0.5243188142776489,0.7324613771000537,1
1767010412.3648267,0.048716042,0.011620298,0.048716042,0.011620298,0.5232405960559845,0.7458869071054736,1
1767010412.4473767,0.04909737,-0.0019221455,0.04909737,0.0019221455,0.496155709028244,0.7519329915679909,1
1767010412.5240035,0.047675505,0.0016647577,0.047675505,0.0016647577,0.5033295154571533,0.7579608766025085,1
1767010412.68159,0.04845748,0.023425583,0.04845748,0.023425583,0.5468511655926704,0.7913197017640242,1
1767010412.7502434,0.045345996,0.044761255,0.045345996,0.044761255,0.589522510766983,0.8133868630555359,1
1767010412.8246922,0.053541556,0.056241356,0.053541556,0.056241356,0.6124827116727829,0.8338183938737547,1
1767010412.8979335,0.049077768,0.05882162,0.049077768,0.05882162,0.6176432371139526,0.8544395192556232,1
1767010412.9725301,0.037959535,0.09111864,0.037959535,0.09111864,0.6822372823953629,0.8679396491953125,1
1767010413.0390384,0.037215672,0.09871926,0.037215672,0.09871926,0.6974385231733322,0.8818572424490374,1
1767010413.119485,0.030098766,0.07091934,0.030098766,0.07091934,0.6418386846780777,0.8921254681156933,1
1767010413.197703,0.0058927154,0.08616183,0.0058927154,0.08616183,0.6723236590623856,0.8965131658694632,1
1767010413.2644172,0.0048234863,0.07163552,0.0048234863,0.07163552,0.6432710438966751,0.9029941795205919,1
1767010413.3360302,0.012219991,0.08882314,0.012219991,0.08882314,0.677646279335022,0.9063662488570825,1
1767010413.412189,-0.048094135,0.051689446,0.048094135,0.051689446,0.6033788919448853,0.9121064104997036,1
1767010413.491694,-0.042057585,0.04912498,0.042057585,0.04912498,0.5982499569654465,0.8856587327174978,1
1767010413.6482983,0.031890903,-0.052132227,0.031890903,0.052132227,0.3957355469465256,0.7328977469017085,1
1767010416.0267084,0.022929776,-0.03706912,0.022929776,0.03706912,0.42586176097393036,0.7192390904757108,1
1767010416.097738,0.03149697,-0.05637669,0.03149697,0.05637669,0.38724662363529205,0.7270467933570767,1
1767010416.1632605,0.035711583,-0.042026475,0.035711583,0.042026475,0.4159470498561859,0.7377818937720967,1
1767010416.6978817,-0.036139444,0.039767444,0.036139444,0.039767444,0.5795348882675171,0.7323474967428848,1
1767010416.775791,-0.036139444,0.039767444,0.036139444,0.039767444,0.5795348882675171,0.7112276929886243,1
1767010416.8508594,-0.0436989,0.04269534,0.0436989,0.04269534,0.58539067953825,0.6913674764184212,1
1767010416.9319463,-0.022370387,0.046543505,0.022370387,0.046543505,0.5930870100855827,0.6728035235614171,1
1767010417.0029955,-0.043487888,0.07322359,0.043487888,0.07322359,0.6464471817016602,0.6550586214572574,1
1767010417.0958557,-0.037825014,0.08136134,0.037825014,0.08136134,0.6627226769924164,0.6367968184696624,1
1767010417.1628706,-0.0094081545,0.0653756,0.0094081545,0.0653756,0.6307511925697327,0.6195040217128758,1
1767010417.2395267,-0.036511686,0.08519422,0.036511686,0.08519422,0.6703884452581406,0.6040098943783364,1
1767010417.3211572,-0.027338702,0.081414685,0.027338702,0.081414685,0.6628293693065643,0.5884923622001946,1
1767010417.3947392,-0.021304201,0.04763988,0.021304201,0.04763988,0.595279760658741,0.5739042097016713,1
1767010417.9307063,0.04183287,0.022239588,0.04183287,0.022239588,0.544479176402092,0.40618146412859235,1
1767010418.0038497,-0.022619188,0.051046673,0.022619188,0.051046673,0.6020933464169502,0.44731976263184703,1
1767010418.1639755,0.04662432,-0.015990205,0.04662432,0.015990205,0.46801958978176117,0.47517532854563466,1
1767010418.8331602,-0.030311827,0.053122133,0.030311827,0.053122133,0.6062442660331726,0.554928287548063,1
1767010418.9061737,-0.046788033,0.044029485,0.046788033,0.044029485,0.5880589708685875,0.5524440320517194,1
1767010418.9823008,-0.038977694,0.029315382,0.038977694,0.029315382,0.5586307644844055,0.5383700299155879,1
1767010419.1327484,-0.04122023,0.04925914,0.04122023,0.04925914,0.5985182821750641,0.5125330121979814,1
1767010419.207065,-0.04434389,0.033217244,0.04434389,0.033217244,0.5664344877004623,0.499779323978952,1
1767010419.3662188,-0.006063101,0.100152284,0.006063101,0.100152284,0.7003045678138733,0.47630903133782915,1
1767010419.4342325,-0.025591988,0.09660748,0.025591988,0.09660748,0.6932149529457092,0.46297581629496387,1
1767010419.505286,-0.0138148675,0.117397435,0.0138148675,0.117397435,0.734794870018959,0.45090387887746625,1
1767010419.582688,-0.013118953,0.14228539,0.013118953,0.14228539,0.7845707833766937,0.43875732052714145,1
1767010419.6617754,-0.03762376,0.09730088,0.03762376,0.09730088,0.694601759314537,0.4060190847945344,1
1767010419.732507,-0.0066698426,0.06580231,0.0066698426,0.06580231,0.6316046267747879,0.3675064202551891,1
1767010419.820145,-0.024081033,0.054647733,0.024081033,0.054647733,0.6092954650521278,0.32542321192575424,1
1767010419.8905184,-0.054421943,0.04838661,0.054421943,0.04838661,0.5967732220888138,0.28657277620307997,1
1767010419.9731886,0.016766666,-0.079584025,0.016766666,0.079584025,0.3408319503068924,0.25193824540079446,1
1767010420.0474153,-0.020388607,-0.05641017,0.020388607,0.05641017,0.3871796578168869,0.2169065736151892,1
1767010420.1273935,-0.020307869,-0.07866735,0.020307869,0.07866735,0.34266529977321625,0.19156789559876392,1
1767010420.2042904,-0.0039016986,-0.13253325,0.0039016986,0.13253325,0.2349334955215454,0.16965557436136153,1
1767010421.3231838,-0.031277858,-0.09655262,0.031277858,0.09655262,0.30689476430416107,0.14788369250917838,1
1767010421.3900783,-0.010301725,-0.10607705,0.010301725,0.10607705,0.2878458946943283,0.13432312477105912,1
1767010421.4633343,-0.010775144,-0.0782282,0.010775144,0.0782282,0.343543604016304,0.11896988049885031,1
1767010421.5356379,-0.032984875,-0.08985033,0.032984875,0.08985033,0.32029934227466583,0.10156524236728579,1
1767010421.6157398,-0.049170364,-0.053115405,0.049170364,0.053115405,0.39376918971538544,0.0856588187331632,1
1767010421.693832,-0.050252605,-0.052856125,0.050252605,0.052856125,0.39428775012493134,0.06615731332499653,1
1767010421.9298098,-0.04946236,0.014446694,0.04946236,0.014446694,0.5288933888077736,0.0360287702882648,1
1767010422.0051324,-0.04946236,0.014446694,0.04946236,0.014446694,0.5288933888077736,0.031045623821803123,1
1767010422.0794518,-0.04923695,0.022386566,0.04923695,0.022386566,0.544773131608963,0.026749917215229225,1
1767010422.165477,-0.04803757,0.05673986,0.04803757,0.05673986,0.6134797185659409,0.02397569180683328,1
1767010422.3164957,-0.044661373,0.06484167,0.044661373,0.06484167,0.6296833455562592,0.02012171120162677,1
1767010422.4734752,-0.0245043,0.035384327,0.0245043,0.035384327,0.5707686543464661,0.017557488108765545,1
1767010422.550552,-0.04446254,0.05022338,0.04446254,0.05022338,0.6004467606544495,0.01655644306405808,1
1767010422.628642,-0.04274146,0.040717904,0.04274146,0.040717904,0.5814358070492744,0.015508126758457086,1
1767010423.004368,0.0127508,0.052982748,0.0127508,0.052982748,0.6059654951095581,0.013497241089746492,1
1767010424.0761452,-0.03530207,0.019127142,0.03530207,0.019127142,0.5382542833685875,0.007700490488610092,1
1767010424.1497416,-0.033266682,0.03916692,0.033266682,0.03916692,0.5783338397741318,0.00734868605360681,1
1767010424.23285,-0.036879595,0.0073122457,0.036879595,0.0073122457,0.5146244913339615,0.006874605284931338,1
1767010424.6994944,-0.017988488,0.048907258,0.017988488,0.048907258,0.5978145152330399,0.013533455236048438,1
1767010424.7825966,-0.0049530426,0.041173108,0.0049530426,0.041173108,0.5823462158441544,0.01324222338660053,1
1767010424.9420483,0.04873497,-0.0714175,0.04873497,0.0714175,0.35716499388217926,0.011795063935115884,1
1767010425.015135,0.017310232,-0.049255185,0.017310232,0.049255185,0.40148963034152985,0.08337574256116441,1
1767010425.0913763,-0.013952664,-0.04467488,0.013952664,0.04467488,0.41065023839473724,0.16445740292520294,1
1767010425.1604002,-0.006643069,-0.058087863,0.006643069,0.058087863,0.38382427394390106,0.1894650551468347,1
1767010425.2322547,0.08743934,-0.07203958,0.08743934,0.07203958,0.35592083632946014,0.19967600386731543,1
1767010425.3094954,0.109391764,0.049676396,0.109391764,0.049676396,0.5993527919054031,0.25353157559309397,1
1767010425.3865573,0.088696234,0.0025846437,0.088696234,0.0025846437,0.5051692873239517,0.2963427769844072,1
1767010425.601273,-0.026543774,-0.036136165,0.026543774,0.036136165,0.42772766947746277,0.3717217315207102,1
1767010425.8350472,-0.0020965124,0.038711518,0.0020965124,0.038711518,0.5774230360984802,0.39990530103423233,1
1767010425.9155502,9.342749e-05,0.047514066,9.342749e-05,0.047514066,0.5950281322002411,0.40084839309642406,1
1767010425.9963007,0.0036177924,0.046737075,0.0036177924,0.046737075,0.5934741497039795,0.40223844239984824,1
1767010426.0679982,-0.0011044377,0.03810692,0.0011044377,0.03810692,0.5762138366699219,0.405816906109606,1
1767010426.1506488,0.005483807,0.040900502,0.005483807,0.040900502,0.5818010047078133,0.4081164290841576,1
1767010426.2237358,0.0045542177,0.047143795,0.0045542177,0.047143795,0.5942875891923904,0.4125620097576853,1
1767010426.4483962,0.002943485,0.035012998,0.002943485,0.035012998,0.5700259953737259,0.4124469003416043,1
1767010426.5244853,0.061481807,0.0071039572,0.061481807,0.0071039572,0.5142079144716263,0.4110157760887939,1
1767010426.6004496,0.0562954,-0.018806867,0.0562954,0.018806867,0.46238626539707184,0.4264012215908032,1
1767010426.678332,0.06390283,-0.014963299,0.06390283,0.014963299,0.470073401927948,0.44347868808813184,1
1767010426.7556171,0.059572414,-0.014833316,0.059572414,0.014833316,0.47033336758613586,0.4590909193811973,1
1767010427.3636467,-0.0140547315,-0.08272805,0.0140547315,0.08272805,0.3345438987016678,0.6194516839862406,1
1767010427.4337244,0.0012080707,-0.061813496,0.0012080707,0.061813496,0.3763730078935623,0.6344583131965037,1
1767010427.5017402,0.012821432,-0.08723418,0.012821432,0.08723418,0.32553164660930634,0.6432241435235729,1
1767010427.5797524,-0.008034402,-0.06459663,0.008034402,0.06459663,0.3708067387342453,0.6610543132306232,1
1767010427.6644797,-0.023402844,-0.10276254,0.023402844,0.10276254,0.29447491466999054,0.6622986160004348,1
1767010427.7369266,-0.02936536,-0.08637554,0.02936536,0.08637554,0.3272489160299301,0.6446072197434064,1
1767010427.8127692,-0.024639405,-0.09925149,0.024639405,0.09925149,0.30149702727794647,0.6186205529434026,1
1767010427.893578,-0.024639405,-0.09925149,0.024639405,0.09925149,0.30149702727794647,0.5957258427313066,1
1767010427.9728463,-0.019400358,-0.10554347,0.019400358,0.10554347,0.2889130562543869,0.5760211428668549,1
1767010428.0529413,-0.019400358,-0.10554347,0.019400358,0.10554347,0.2889130562543869,0.5577115673476964,1
1767010428.1247973,-0.013396547,-0.09762431,0.013396547,0.09762431,0.304751381278038,0.541471495848254,1
1767010428.1948092,-0.025855478,-0.1076413,0.025855478,0.1076413,0.28471739590168,0.5268223605608554,1
1767010428.2652175,-0.024620514,-0.12195449,0.024620514,0.12195449,0.25609101355075836,0.5128018620073113,1
1767010428.348777,-0.02077749,-0.10036678,0.02077749,0.10036678,0.29926644265651703,0.49914104985378993,1
1767010428.4198632,-0.019187167,-0.09641994,0.019187167,0.09641994,0.3071601241827011,0.48687289964655633,1
1767010428.487921,-0.021371365,-0.09910526,0.021371365,0.09910526,0.3017894774675369,0.45132219858758776,1
1767010428.564891,-0.016677607,-0.0968133,0.016677607,0.0968133,0.30637340247631073,0.4021601760468296,1
1767010428.6325133,-0.016970184,-0.091978095,0.016970184,0.091978095,0.31604380905628204,0.3504979910897815,1
1767010428.7060194,0.04137362,-0.006607987,0.04137362,0.006607987,0.48678402602672577,0.30143850263195127,1
1767010428.7822537,0.10137541,0.015774533,0.10137541,0.015774533,0.5315490663051605,0.25475152551889707,1
1767010428.8621118,0.10391915,0.018173642,0.10391915,0.018173642,0.536347284913063,0.3492947639302967,1
1767010428.9281182,0.09970538,0.034631528,0.09970538,0.034631528,0.5692630559206009,0.41403953874447597,1
1767010429.0083277,0.09970538,0.034631528,0.09970538,0.034631528,0.5692630559206009,0.4582135565593124,1
1767010429.0797553,0.09286718,0.018676445,0.09286718,0.018676445,0.5373528897762299,0.49004820370032076,1
1767010429.1521163,0.09286718,0.018676445,0.09286718,0.018676445,0.5373528897762299,0.5149254503502446,1
1767010429.2212126,0.09005205,0.02632182,0.09005205,0.02632182,0.5526436418294907,0.5353292312869848,1
1767010429.298042,0.08341256,0.016056571,0.08341256,0.016056571,0.532113142311573,0.5521306279530473,1
1767010429.3781672,-0.0119185345,-0.042552486,0.0119185345,0.042552486,0.41489502787590027,0.5671871104182529,1
1767010429.4472246,-0.0119185345,-0.042552486,0.0119185345,0.042552486,0.41489502787590027,0.583750849925498,1
1767010429.5147429,-0.017774299,-0.043052763,0.017774299,0.043052763,0.4138944745063782,0.6128945198263622,1
1767010429.6767232,-0.0025444487,-0.0491452,0.0025444487,0.0491452,0.4017096012830734,0.6931407063656236,1
1767010429.7486572,-0.0022733612,-0.07163734,0.0022733612,0.07163734,0.3567253202199936,0.730459743585583,1
1767010429.8267434,-0.029444825,-0.08151535,0.029444825,0.08151535,0.3369693011045456,0.7648295730625894,1
1767010429.9077961,-0.030429851,-0.08443808,0.030429851,0.08443808,0.33112384378910065,0.7432464587327873,1
1767010429.985653,-0.020435866,-0.088490136,0.020435866,0.088490136,0.32301972806453705,0.675945278764583,1
1767010430.0593786,-0.028958492,-0.099180736,0.028958492,0.099180736,0.30163852870464325,0.6204579927922339,1
1767010430.1414652,-0.026454087,-0.0959043,0.026454087,0.0959043,0.3081914037466049,0.5791266603867639,1
1767010430.2154875,-0.019248728,-0.09501281,0.019248728,0.09501281,0.30997438728809357,0.5479731378811575,1
1767010430.2947032,-0.015640311,-0.10361231,0.015640311,0.10361231,0.29277537763118744,0.5230461647949017,1
1767010430.3775117,-0.019248728,-0.09501281,0.019248728,0.09501281,0.30997438728809357,0.5018549716314077,1
1767010430.4485226,-0.022686783,-0.108753346,0.022686783,0.108753346,0.28249330818653107,0.48435606955893784,1
1767010430.5288248,0.0018264018,-0.0966228,0.0018264018,0.0966228,0.306754395365715,0.4681941561541437,1
1767010430.597503,0.0018264018,-0.0966228,0.0018264018,0.0966228,0.306754395365715,0.45440877127785967,1
1767010430.6723032,-0.016449396,-0.10414214,0.016449396,0.10414214,0.29171572625637054,0.44178695658990885,1
1767010430.7459543,-0.025553789,-0.10591049,0.025553789,0.10591049,0.28817902505397797,0.4104734582415163,1
1767010430.8260183,-0.026586276,-0.096000634,0.026586276,0.096000634,0.30799873173236847,0.3670382322836247,1
1767010430.9023156,-0.026586276,-0.096000634,0.026586276,0.096000634,0.30799873173236847,0.3196687209664095,1
1767010430.980699,-0.026586276,-0.096000634,0.026586276,0.096000634,0.30799873173236847,0.27615335317749234,1
1767010431.0556574,-0.028954688,-0.097273506,0.028954688,0.097273506,0.30545298755168915,0.23823529566854018,1
1767010431.1371546,-0.025050737,-0.09317254,0.025050737,0.09317254,0.31365491449832916,0.20647756196778538,1
1767010431.2125275,-0.023950744,-0.100055836,0.023950744,0.100055836,0.29988832771778107,0.17912956576144978,1
1767010431.2916596,-0.026198048,-0.09490622,0.026198048,0.09490622,0.31018756330013275,0.15632982370417633,1
1767010431.3699524,-0.026198048,-0.09490622,0.026198048,0.09490622,0.31018756330013275,0.1366520180349735,1
1767010431.4483747,-0.0095119765,-0.102067165,0.0095119765,0.102067165,0.29586566984653473,0.11996191175796944,1
1767010431.5285997,-0.025762007,-0.096653886,0.025762007,0.096653886,0.3066922277212143,0.10571388467129703,1
1767010431.6055934,-0.026023146,-0.09332382,0.026023146,0.09332382,0.3133523613214493,0.09328042407316484,1
1767010431.684634,-0.02258652,-0.10167865,0.02258652,0.10167865,0.2966427057981491,0.08234422430625339,1
1767010431.7566555,-0.024880663,-0.101642035,0.024880663,0.101642035,0.2967159301042557,0.07295568382348133,1
1767010431.8391733,-0.003229498,-0.09024147,0.003229498,0.09024147,0.3195170611143112,0.0648799584581943,1
1767010431.913966,-0.021263707,-0.1065396,0.021263707,0.1065396,0.28692080080509186,0.05788507452045355,1
1767010431.9943995,-0.02332164,-0.1068952,0.02332164,0.1068952,0.2862095981836319,0.05180988185321063,1
1767010432.0631804,-0.022108529,-0.10760162,0.022108529,0.10760162,0.2847967594861984,0.046347229152867334,1
1767010432.1306362,-0.024037544,-0.09564293,0.024037544,0.09564293,0.3087141364812851,0.041463711355422914,1
1767010432.2153513,-0.01979734,-0.09578513,0.01979734,0.09578513,0.3084297329187393,0.03710137709653973,1
1767010432.2881541,-0.0019307351,-0.10582589,0.0019307351,0.10582589,0.2883482128381729,0.03308144393553751,1
1767010432.3683226,-0.020825014,-0.09790056,0.020825014,0.09790056,0.30419887602329254,0.029631732962093735,1
1767010432.4475386,-0.019568328,-0.097927965,0.019568328,0.097927965,0.30414406955242157,0.02667871326097728,1
1767010432.5235798,0.0049631353,-0.08390053,0.0049631353,0.08390053,0.33219893276691437,0.02401047768270336,1
1767010432.6015534,0.0049631353,-0.08390053,0.0049631353,0.08390053,0.33219893276691437,0.02156862216733727,1
1767010432.679671,0.01650659,0.052965973,0.01650659,0.052965973,0.6059319451451302,0.01937658972186686,1
1767010432.7486866,0.020910148,0.06946541,0.020910148,0.06946541,0.6389308273792267,0.04476973236005731,1
1767010432.8219953,0.013755242,0.051273827,0.013755242,0.051273827,0.6025476530194283,0.08883654370249518,1
1767010432.8977263,0.021438204,0.050455265,0.021438204,0.050455265,0.6009105294942856,0.13555259119374152,1
1767010432.9749591,0.01993221,0.071317166,0.01993221,0.071317166,0.6426343321800232,0.18790941806297948,1
1767010433.0430057,0.0257462,0.060522087,0.0257462,0.060522087,0.6210441738367081,0.23415253640329903,1
1767010433.1174982,0.020496693,0.06270237,0.020496693,0.06270237,0.6254047453403473,0.27208655962311984,1
1767010433.1942067,0.025347397,0.066901185,0.025347397,0.066901185,0.6338023692369461,0.3028638270787889,1
1767010433.276887,0.023362912,0.055402182,0.023362912,0.055402182,0.6108043640851974,0.3288689012153896,1
1767010433.344003,0.019671679,0.07294531,0.019671679,0.07294531,0.64589062333107,0.3518520261166283,1
1767010433.415622,0.023362912,0.055402182,0.023362912,0.055402182,0.6108043640851974,0.3720442965475455,1
1767010433.4913924,0.04665782,0.074806675,0.04665782,0.074806675,0.6496133506298065,0.39069451095200053,1
1767010433.5577679,0.04665782,0.074806675,0.04665782,0.074806675,0.6496133506298065,0.40791193957172645,1
1767010433.621657,0.031002328,0.1025035,0.031002328,0.1025035,0.7050070017576218,0.4238771483670132,1
1767010433.6977522,0.023446016,0.098822534,0.023446016,0.098822534,0.6976450681686401,0.439782053327206,1
1767010433.776359,0.07698455,0.109355524,0.07698455,0.109355524,0.7187110483646393,0.4813877951833862,1
1767010433.847554,0.048690636,0.099073514,0.048690636,0.099073514,0.6981470286846161,0.5397938208352703,1
1767010433.9286242,0.071521156,0.09725799,0.071521156,0.09725799,0.6945159733295441,0.5987383233457304,1
1767010434.0076141,0.058271218,0.10073071,0.058271218,0.10073071,0.7014614194631577,0.6540022154526732,1
1767010434.0803568,0.053571668,0.099712834,0.053571668,0.099712834,0.6994256675243378,0.7027375837618317,1
1767010434.1594226,0.053571668,0.099712834,0.053571668,0.099712834,0.6994256675243378,0.7436848090241147,1
1767010434.2302167,0.07306669,0.1068697,0.07306669,0.1068697,0.7137393951416016,0.7780897302718841,1
1767010434.2981582,0.028910704,0.09993185,0.028910704,0.09993185,0.6998637020587921,0.8072842258943245,1
1767010434.3749812,0.03702352,0.09943595,0.03702352,0.09943595,0.6988718956708908,0.8322161010426774,1
1767010434.4478805,0.043142367,0.10484666,0.043142367,0.10484666,0.7096933126449585,0.8538006680189659,1
1767010434.5164287,0.043142367,0.10484666,0.043142367,0.10484666,0.7096933126449585,0.8720453292649522,1
1767010434.5976105,0.04226202,0.1051033,0.04226202,0.1051033,0.7102065980434418,0.8875666473675736,1
1767010434.6747327,0.11128092,0.08046705,0.11128092,0.08046705,0.66093410551548,0.9007280068517445,1
1767010434.7510645,0.139495,0.049873725,0.139495,0.049873725,0.5997474491596222,0.9119334422410879,1
1767010434.8320951,0.14668776,0.08708678,0.14668776,0.08708678,0.6741735637187958,0.9220909084889326,1
1767010434.9092288,0.1464161,0.0710107,0.1464161,0.0710107,0.6420214027166367,0.9308040061789845,1
1767010434.9838328,0.14785397,0.08616491,0.14785397,0.08616491,0.6723298132419586,0.9379873553968409,1
1767010435.062876,0.14224985,0.06653784,0.14224985,0.06653784,0.6330756843090057,0.9442933708527961,1
1767010435.1347432,0.14224985,0.06653784,0.14224985,0.06653784,0.6330756843090057,0.9503054824488643,1
1767010435.2048242,0.15154283,0.08868674,0.15154283,0.08868674,0.6773734837770462,0.9558795399332264,1
1767010435.2810771,0.15154283,0.08868674,0.15154283,0.08868674,0.6773734837770462,0.9606874582744563,1
1767010435.3659155,0.15502118,0.09128194,0.15502118,0.09128194,0.6825638860464096,0.9646376759003291,1
1767010435.4410613,0.15085012,0.078034684,0.15085012,0.078034684,0.6560693681240082,0.9682524260928107,1
1767010435.5180779,0.14502029,0.06534529,0.14502029,0.06534529,0.6306905746459961,0.971698427555156,1
1767010435.596396,0.14921193,0.083979085,0.14921193,0.083979085,0.6679581701755524,0.9751055466394547,1
1767010435.662407,0.14034438,0.0675093,0.14034438,0.0675093,0.635018602013588,0.9778531175813179,1
1767010435.731135,0.14261134,0.08959849,0.14261134,0.08959849,0.6791969835758209,0.9801700680096459,1
1767010435.8051472,0.14165205,0.08541922,0.14165205,0.08541922,0.6708384454250336,0.9823012523791532,1
1767010435.8940706,0.15022661,0.08668462,0.15022661,0.08668462,0.6733692437410355,0.9840979089434425,1
1767010435.9732459,0.15185234,0.097230986,0.15185234,0.097230986,0.6944619715213776,0.9857154598550926,1
1767010436.0472624,0.14008078,0.0928497,0.14008078,0.0928497,0.6856994032859802,0.9872548528209222,1
1767010436.126151,0.16113478,0.10420065,0.16113478,0.10420065,0.7084012925624847,0.9888311731730401,1
1767010436.2010202,0.14599119,0.09169108,0.14599119,0.09169108,0.6833821535110474,0.9902371158289139,1
1767010436.2821012,0.15865931,0.09258981,0.15865931,0.09258981,0.6851796209812164,0.9914445351983172,1
1767010436.3487883,0.14279026,0.08342081,0.14279026,0.08342081,0.6668416261672974,0.9925264057482273,1
1767010436.4194908,0.14159532,0.08686682,0.14159532,0.08686682,0.6737336367368698,0.9934816038650152,1
1767010436.5005093,0.15654588,0.103969485,0.15654588,0.103969485,0.7079389691352844,0.9941110067103258,1
1767010436.5750263,0.15325421,0.08946409,0.15325421,0.08946409,0.6789281815290451,0.9947880499284097,1
1767010436.652179,0.14482431,0.09178135,0.14482431,0.09178135,0.683562695980072,0.995339085676887,1
1767010436.7208276,0.14482431,0.09178135,0.14482431,0.09178135,0.683562695980072,0.9958520502080099,1
1767010436.7950976,0.14482431,0.09178135,0.14482431,0.09178135,0.683562695980072,0.9963123187332752,1
1767010436.8701732,0.0788569,0.08831842,0.0788569,0.08831842,0.6766368448734283,0.9967369830499455,1
1767010436.9398348,0.05368217,0.103414774,0.05368217,0.103414774,0.7068295478820801,0.9959826344764858,1
1767010437.0098014,0.05368217,0.103414774,0.05368217,0.103414774,0.7068295478820801,0.9955489492225194,1
1767010437.0782418,0.036629803,0.104039185,0.036629803,0.104039185,0.7080783694982529,0.9954519804521186,1
1767010437.15109,0.027721986,0.10606728,0.027721986,0.10606728,0.7121345549821854,0.9948739701423895,1
1767010437.2410605,0.057962485,0.09603761,0.057962485,0.09603761,0.6920752227306366,0.9943437255616454,1
1767010437.3200393,0.02653817,0.118107624,0.02653817,0.118107624,0.7362152487039566,0.9953610478697035,1
1767010437.400143,0.02653817,0.118107624,0.02653817,0.118107624,0.7362152487039566,0.9956819114616217,1
1767010437.4791281,0.04516156,0.11823182,0.04516156,0.11823182,0.7364636361598969,0.9961438095281011,1
1767010437.5538063,0.04869107,0.109144606,0.04869107,0.109144606,0.7182892113924026,0.9966249644898213,1
1767010437.630283,0.030736405,0.11674712,0.030736405,0.11674712,0.7334942370653152,0.997239598209124,1
1767010437.7133813,0.13590825,0.068052396,0.13590825,0.068052396,0.6361047923564911,0.9975853949139987,1
1767010437.7924511,0.14143823,0.08968853,0.14143823,0.08968853,0.6793770641088486,0.9976651127907727,1
1767010437.8727164,0.14250834,0.084770545,0.14250834,0.084770545,0.6695410907268524,0.9981669504439303,1
1767010437.9457512,0.14250834,0.084770545,0.14250834,0.084770545,0.6695410907268524,0.9985594710796625,1
1767010438.0268245,0.15907952,0.10002506,0.15907952,0.10002506,0.7000501155853271,0.998828604149163,1
1767010438.096691,0.15907952,0.10002506,0.15907952,0.10002506,0.7000501155853271,0.9990328104084176,1
1767010438.1816723,0.1653754,0.10376921,0.1653754,0.10376921,0.7075384259223938,0.9992183045004221,1
1767010438.2587364,0.1382951,0.09503285,0.1382951,0.09503285,0.6900656968355179,0.999303527421181,1
1767010438.3338194,0.0605308,0.10247287,0.0605308,0.10247287,0.7049457430839539,0.9991606040804784,1
1767010438.417921,0.06311263,0.0874331,0.06311263,0.0874331,0.6748661994934082,0.998502838903482,1
1767010438.4933739,0.05218963,0.0913627,0.05218963,0.0913627,0.6827253997325897,0.9981672916740789,1
1767010438.5715086,0.0334433,0.10051149,0.0334433,0.10051149,0.7010229825973511,0.9981968022579633,1
1767010438.64153,0.026929665,0.102661625,0.026929665,0.102661625,0.7053232491016388,0.9982951079398084,1
1767010438.7496257,0.06787025,0.09069704,0.06787025,0.09069704,0.6813940852880478,0.9983674727714238,1
1767010438.826655,0.10304702,0.08406871,0.10304702,0.08406871,0.6681374162435532,0.9984678138565426,1
1767010438.900351,0.10541533,0.012645759,0.10541533,0.012645759,0.5252915173768997,0.9981394818576859,1
1767010438.9711232,0.112186916,0.028945848,0.112186916,0.028945848,0.5578916966915131,0.9975850559307893,1
1767010439.0463188,0.11774285,0.043461196,0.11774285,0.043461196,0.5869223922491074,0.998178854041273,1
1767010439.1220946,0.051429104,0.08233301,0.051429104,0.08233301,0.6646660268306732,0.9986701217490529,1
1767010439.2014368,0.033915725,0.09880367,0.033915725,0.09880367,0.6976073384284973,0.9999925499027879,1
1767010439.2753527,0.051283546,0.10200205,0.051283546,0.10200205,0.704004094004631,1.0,1
1767010439.3493457,0.035750512,0.113456555,0.035750512,0.113456555,0.72691310942173,1.0,1
1767010439.4273977,0.0577438,0.10920185,0.0577438,0.10920185,0.718403697013855,1.0,1
1767010439.502604,0.04467104,0.10596374,0.04467104,0.10596374,0.7119274735450745,1.0,1
1767010439.5839646,0.080968656,0.09802888,0.080968656,0.09802888,0.6960577666759491,1.0,1
1767010439.6583962,0.1336952,0.10876881,0.1336952,0.10876881,0.7175376266241074,1.0,1
1767010439.7319252,0.12073189,0.12724982,0.12073189,0.12724982,0.7544996440410614,1.0,1
1767010439.8007112,0.14113158,0.13190833,0.14113158,0.13190833,0.7638166546821594,1.0,1
1767010439.876669,0.12672347,0.12386178,0.12672347,0.12386178,0.7477235645055771,1.0,1
1767010439.9660022,0.15968156,0.11146517,0.15968156,0.11146517,0.7229303419589996,1.0,1
1767010440.0427053,0.12791067,0.1312395,0.12791067,0.1312395,0.7624790072441101,1.0,1
1767010440.1121018,0.08671019,0.10253402,0.08671019,0.10253402,0.7050680369138718,1.0,1
1767010440.1813076,0.08769104,0.0741066,0.08769104,0.0741066,0.648213192820549,1.0,1
1767010440.2543445,0.08229506,0.08858218,0.08229506,0.08858218,0.6771643608808517,1.0,1
1767010440.3293922,0.06540567,0.074865855,0.06540567,0.074865855,0.6497317105531693,1.0,1
1767010440.4068205,0.07677744,0.091849096,0.07677744,0.091849096,0.6836981922388077,1.0,1
1767010440.4828568,0.066639036,0.07089336,0.066639036,0.07089336,0.6417867243289948,1.0,1
1767010440.5629003,0.066639036,0.07089336,0.066639036,0.07089336,0.6417867243289948,1.0,1
1767010440.6666145,0.07646276,0.07727461,0.07646276,0.07727461,0.6545492261648178,1.0,1
1767010440.7566457,0.11205126,0.09516922,0.11205126,0.09516922,0.6903384327888489,1.0,1
1767010440.8288555,0.110479936,0.041647594,0.110479936,0.041647594,0.583295188844204,1.0,1
1767010440.903907,0.09290259,0.082648806,0.09290259,0.082648806,0.6652976125478745,1.0,1
1767010440.9748142,0.12735282,0.07222006,0.12735282,0.07222006,0.6444401144981384,1.0,1
1767010441.044908,0.094152674,0.065706216,0.094152674,0.065706216,0.6314124315977097,1.0,1
1767010441.5070806,-0.040997855,-0.05526472,0.040997855,0.05526472,0.38947056233882904,0.9928652428371074,1
1767010441.587082,0.008180111,-0.08620671,0.008180111,0.08620671,0.3275865763425827,0.9746627585647587,1
1767010441.6611433,0.011118523,-0.11376614,0.011118523,0.11376614,0.2724677175283432,0.9783241865341595,1
1767010441.7304296,0.022565424,-0.111382656,0.022565424,0.111382656,0.27723468840122223,0.9793358594159132,1
1767010441.804366,0.022565424,-0.111382656,0.022565424,0.111382656,0.27723468840122223,0.9797585817122808,1
1767010441.8807049,0.024838425,-0.1097466,0.024838425,0.1097466,0.28050680458545685,0.9802623511442883,1
1767010441.9608188,0.029759984,-0.09926442,0.029759984,0.09926442,0.30147115886211395,0.9810891337370303,1
1767010442.0328457,0.03366087,-0.09948032,0.03366087,0.09948032,0.30103935301303864,0.9816533041978366,1
1767010442.1116695,0.028277226,-0.098160885,0.028277226,0.098160885,0.3036782294511795,0.982207997319758,1
1767010442.1947143,0.028277226,-0.098160885,0.028277226,0.098160885,0.3036782294511795,0.982701286668636,1
1767010442.260958,0.030397356,-0.102389984,0.030397356,0.102389984,0.2952200323343277,0.983151705469514,1
1767010442.330198,0.018618315,-0.1023917,0.018618315,0.1023917,0.2952166050672531,0.9842805537670629,1
1767010442.4065707,0.04904265,-0.09063924,0.04904265,0.09063924,0.3187215179204941,0.9859683297325308,1
1767010442.4876194,0.04904265,-0.09063924,0.04904265,0.09063924,0.3187215179204941,0.98768057197739,1
1767010442.565174,0.030725326,-0.097306974,0.030725326,0.097306974,0.3053860515356064,0.989019952278568,1
1767010442.6442542,0.05454496,-0.06677521,0.05454496,0.06677521,0.36644957959651947,0.9908913835382288,1
1767010443.0978835,0.061845705,0.099862576,0.061845705,0.099862576,0.6997251510620117,1.0,1
1767010443.176971,0.104931116,0.10159073,0.104931116,0.10159073,0.7031814604997635,1.0,1
1767010443.2550285,0.07301385,0.10973493,0.07301385,0.10973493,0.7194698601961136,1.0,1
1767010443.3320606,0.06166226,0.120174885,0.06166226,0.120174885,0.7403497695922852,1.0,1
1767010443.4140737,0.10887958,0.04900229,0.10887958,0.04900229,0.5980045795440674,1.0,1
1767010443.4848998,0.10887958,0.04900229,0.10887958,0.04900229,0.5980045795440674,1.0,1
1767010443.5652647,0.07264321,-0.027618237,0.07264321,0.027618237,0.44476352632045746,1.0,1
1767010443.6464343,0.07264321,-0.027618237,0.07264321,0.027618237,0.44476352632045746,1.0,1
1767010443.720497,0.087855615,0.026489269,0.087855615,0.026489269,0.5529785379767418,1.0,1
1767010443.7976048,0.04608679,-0.028127216,0.04608679,0.028127216,0.44374556839466095,1.0,1
1767010443.876177,0.04645494,-0.014941752,0.04645494,0.014941752,0.4701164960861206,1.0,1
1767010443.9940345,0.078952685,-0.022950016,0.078952685,0.022950016,0.45409996807575226,1.0,1
1767010532.7305686,0.008881527,-0.057464935,0.008881527,0.057464935,0.3850701302289963,0.5337617436077751,1
1767010532.7946846,0.043146774,-0.063720815,0.043146774,0.063720815,0.3725583702325821,0.5279617251219478,1
1767010532.8653188,0.0774265,-0.015269272,0.0774265,0.015269272,0.46946145594120026,0.5298629119759211,1
1767010532.933882,0.027095474,-0.04943066,0.027095474,0.04943066,0.40113867819309235,0.533063038269878,1
1767010533.1662004,0.026372246,-0.037624404,0.026372246,0.037624404,0.4247511923313141,0.55195790460451,1
1767010533.3077087,-0.039035153,0.032619677,0.039035153,0.032619677,0.565239354968071,0.5702174268890823,1
1767010533.9650443,0.046592407,0.068829335,0.046592407,0.068829335,0.6376586705446243,0.49833347160469177,1
1767010534.0314949,0.054429304,0.0749677,0.054429304,0.0749677,0.649935394525528,0.48518162876476023,1
1767010534.0974545,0.075849466,0.05463233,0.075849466,0.05463233,0.6092646569013596,0.48541255583097276,1
1767010534.1694636,0.043180726,0.08296937,0.043180726,0.08296937,0.6659387350082397,0.49837286602438846,1
1767010534.2443085,0.06208552,0.07333804,0.06208552,0.07333804,0.6466760784387589,0.5119317722876893,1
1767010534.3183515,0.07596828,0.05699037,0.07596828,0.05699037,0.6139807403087616,0.5240182902223832,1
1767010534.3968005,0.07596828,0.05699037,0.07596828,0.05699037,0.6139807403087616,0.5353229379974034,1
1767010534.4749339,0.07850771,0.06594915,0.07850771,0.06594915,0.6318982988595963,0.5462609585977227,1
1767010534.5526338,0.073785745,0.054299917,0.073785745,0.054299917,0.6085998341441154,0.5571805595193964,1
1767010534.6317174,0.09194775,0.06514639,0.09194775,0.06514639,0.6302927732467651,0.5677332999431364,1
1767010534.7092044,0.09194775,0.06514639,0.09194775,0.06514639,0.6302927732467651,0.5779540851912667,1
1767010534.7947361,0.1322997,0.06490804,0.1322997,0.06490804,0.629816085100174,0.5878630133546887,1
1767010534.8673534,0.111060664,0.0510481,0.111060664,0.0510481,0.6020961999893188,0.6153173811808328,1
1767010534.9481978,0.11587491,0.08339733,0.11587491,0.08339733,0.6667946577072144,0.652765412262766,1
1767010535.0223694,0.07654702,0.10302997,0.07654702,0.10302997,0.7060599327087402,0.6951776396578597,1
1767010535.1002784,0.13324583,0.07313711,0.13324583,0.07313711,0.6462742239236832,0.7366583701982488,1
1767010535.1789978,0.09825415,0.109290294,0.09825415,0.109290294,0.7185805886983871,0.7713529725601169,1
1767010535.2440145,0.11782096,0.08591652,0.11782096,0.08591652,0.6718330383300781,0.8026267398991491,1
1767010535.3220787,0.10910705,0.088545024,0.10910705,0.088545024,0.677090048789978,0.8279297723801542,1
1767010535.3971012,0.10635271,0.091381066,0.10635271,0.091381066,0.6827621310949326,0.8496231428833046,1
1767010535.4661243,0.10635271,0.091381066,0.10635271,0.091381066,0.6827621310949326,0.8682767810238421,1
1767010535.5311337,0.10484138,0.094789885,0.10484138,0.094789885,0.6895797699689865,0.8842118687328453,1
1767010535.6029189,0.11828604,0.082052454,0.11828604,0.082052454,0.6641049087047577,0.8980291062135506,1
1767010535.76054,-0.03654059,-0.049136646,0.03654059,0.049136646,0.40172670781612396,0.9199457724188845,1
1767010535.8356028,-0.033573292,-0.052620016,0.033573292,0.052620016,0.39475996792316437,0.9286036932729498,1
1767010535.91672,-0.031419184,-0.041732788,0.031419184,0.041732788,0.416534423828125,0.9361616556527633,1
1767010535.998284,-0.03587344,-0.05086004,0.03587344,0.05086004,0.39827992022037506,0.919748791666779,1
1767010536.0738914,-0.03963091,-0.04698713,0.03963091,0.04698713,0.4060257375240326,0.8412270831992686,1
1767010536.1509857,-0.029262908,-0.039077297,0.029262908,0.039077297,0.421845406293869,0.7631819739331959,1
1767010536.2945664,-0.02950754,-0.038741715,0.02950754,0.038741715,0.4225165694952011,0.6654179288475187,1
1767010536.439217,-0.027695041,-0.04997412,0.027695041,0.04997412,0.4000517576932907,0.6061937586193619,1
1767010536.520205,-0.035620306,-0.05915699,0.035620306,0.05915699,0.3816860169172287,0.5824639406443657,1
1767010536.6013052,-0.035620306,-0.05915699,0.035620306,0.05915699,0.3816860169172287,0.5616591444358783,1
1767010536.7498515,-0.036284015,-0.042805173,0.036284015,0.042805173,0.4143896549940109,0.5283139551968777,1
1767010536.843896,-0.028719183,-0.05021771,0.028719183,0.05021771,0.39956457912921906,0.48957396850619883,1
1767010536.924034,-0.032800578,-0.038012035,0.032800578,0.038012035,0.4239759296178818,0.4367049956968779,1
1767010536.991829,-0.03393283,-0.054001845,0.03393283,0.054001845,0.3919963091611862,0.3795976267022222,1
1767010537.0596826,-0.0363017,-0.053362392,0.0363017,0.053362392,0.3932752162218094,0.3282205079278369,1
1767010537.130291,-0.0363017,-0.053362392,0.0363017,0.053362392,0.3932752162218094,0.28264503397299756,1
1767010537.1954088,-0.032256816,-0.044420935,0.032256816,0.044420935,0.41115812957286835,0.24359802275993508,1
1767010537.2663844,-0.03632842,-0.03868059,0.03632842,0.03868059,0.42263881862163544,0.21061758654156115,1
1767010537.3460326,-0.040783804,-0.03596037,0.040783804,0.03596037,0.4280792623758316,0.18264212132979402,1
1767010537.4246953,-0.031660818,-0.037017785,0.031660818,0.037017785,0.42596442997455597,0.15908455201459196,1
1767010537.507431,-0.036383655,-0.05109822,0.036383655,0.05109822,0.39780355989933014,0.13908378592984927,1
1767010537.5808575,-0.035065122,-0.03392688,0.035065122,0.03392688,0.43214623630046844,0.12241692322055228,1
1767010537.6600926,-0.035248123,-0.045632973,0.035248123,0.045632973,0.4087340533733368,0.10847581112777946,1
1767010537.7389452,-0.035248123,-0.045632973,0.035248123,0.045632973,0.4087340533733368,0.09654516083625353,1
1767010537.8121495,-0.02665585,-0.048507355,0.02665585,0.048507355,0.4029852896928787,0.0858308641193668,1
1767010537.8902752,-0.03212223,-0.046552435,0.03212223,0.046552435,0.40689513087272644,0.07680365180578273,1
1767010537.9731762,-0.029652242,-0.04348211,0.029652242,0.04348211,0.4130357801914215,0.06870448442592998,1
1767010538.0479305,-0.028528675,-0.050932504,0.028528675,0.050932504,0.3981349915266037,0.06140954478570043,1
1767010538.124928,-0.02914555,-0.05474884,0.02914555,0.05474884,0.39050231873989105,0.05505402109991344,1
1767010538.2073019,-0.03556613,-0.060174488,0.03556613,0.060174488,0.3796510249376297,0.049340294196506845,1
1767010538.279461,-0.03556613,-0.060174488,0.03556613,0.060174488,0.3796510249376297,0.04419621533968372,1
1767010538.3642023,-0.03379159,-0.054300614,0.03379159,0.054300614,0.3913987725973129,0.039536598425900175,1
1767010538.442104,-0.03379159,-0.054300614,0.03379159,0.054300614,0.3913987725973129,0.03539343672729297,1
1767010538.5131238,-0.026933294,-0.040893547,0.026933294,0.040893547,0.4182129055261612,0.031526106755343106,1
1767010538.5806625,-0.044521105,-0.041544333,0.044521105,0.041544333,0.4169113337993622,0.028144097663728926,1
1767010538.6477613,-0.03287135,-0.04630316,0.03287135,0.04630316,0.407393679022789,0.024968771948266043,1
1767010538.795527,-0.037795454,-0.03276164,0.037795454,0.03276164,0.43447671830654144,0.02016225286325587,1
1767010538.8783045,-0.043787766,-0.043397434,0.043787766,0.043397434,0.4132051318883896,0.018227878383437587,1
1767010538.9510796,-0.059865367,-0.052714728,0.059865367,0.052714728,0.3945705443620682,0.016580842005690054,1
1767010539.0302875,-0.062277224,-0.049097754,0.062277224,0.049097754,0.40180449187755585,0.014973642817202237,1
1767010539.1053464,-0.0596163,-0.049848355,0.0596163,0.049848355,0.40030328929424286,0.013668719829443277,1
1767010539.184692,-0.05417859,-0.03603617,0.05417859,0.03603617,0.4279276579618454,0.012154954234649526,1
1767010539.2627716,-0.035695456,-0.021850787,0.035695456,0.021850787,0.45629842579364777,0.011080973884329178,1
1767010539.3376598,-0.050690833,-0.04029137,0.050690833,0.04029137,0.41941726207733154,0.009886027250024935,1
1767010539.4176588,-0.050690833,-0.04029137,0.050690833,0.04029137,0.41941726207733154,0.008816266548104966,1
1767010539.4887154,0.08409519,0.009370707,0.08409519,0.009370707,0.5187414139509201,0.007917086944022444,1
1767010539.563805,0.08409519,0.009370707,0.08409519,0.009370707,0.5187414139509201,0.006493038994372462,1
1767010539.626998,0.089471854,-0.0016181618,0.089471854,0.0016181618,0.496763676404953,0.06507174795819794,1
1767010539.6950352,0.089471854,-0.0016181618,0.089471854,0.0016181618,0.496763676404953,0.16952799455728634,1
1767010539.781066,0.07089728,0.006090939,0.07089728,0.006090939,0.5121818780899048,0.24608586321415513,1
1767010539.8516693,0.083127856,0.020256158,0.083127856,0.020256158,0.540512315928936,0.30102428346416527,1
1767010539.9203475,0.04806372,0.017756872,0.04806372,0.017756872,0.5355137437582016,0.3410865802875873,1
1767010539.9985914,0.06109439,-0.0033070818,0.06109439,0.0033070818,0.49338583648204803,0.37261525146363683,1
1767010540.0711699,0.08133334,0.010119066,0.08133334,0.010119066,0.5202381312847137,0.39959183097191014,1
1767010540.1372855,0.070536666,0.0060952157,0.070536666,0.0060952157,0.51219043135643,0.42154917752316023,1
1767010540.2159314,0.075341396,0.003929384,0.075341396,0.003929384,0.5078587681055069,0.44087055137517306,1
1767010540.2817986,0.07750218,0.017635833,0.07750218,0.017635833,0.535271666944027,0.45816520153440743,1
1767010540.3468647,0.08153586,0.019078214,0.08153586,0.019078214,0.5381564274430275,0.4993522917557057,1
1767010540.4135787,0.059630353,0.0019683614,0.059630353,0.0019683614,0.5039367228746414,0.5550410439351049,1
1767010540.4946656,0.054466262,-0.014500283,0.054466262,0.014500283,0.47099943459033966,0.6122414988944849,1
1767010540.5717387,0.05324775,-0.00936868,0.05324775,0.00936868,0.4812626391649246,0.6647016388844174,1
1767010540.722989,-0.031877294,-0.050639085,0.031877294,0.050639085,0.3987218290567398,0.7521308861578301,1
1767010540.7898576,-0.020519566,-0.06711196,0.020519566,0.06711196,0.36577607691287994,0.7866553426634263,1
1767010540.865935,-0.026013758,-0.08469009,0.026013758,0.08469009,0.33061982691287994,0.8152704000742882,1
1767010540.9309368,-0.02275607,-0.055444963,0.02275607,0.055444963,0.3891100734472275,0.8367391428163407,1
1767010541.0053844,-0.020014696,-0.05891723,0.020014696,0.05891723,0.3821655362844467,0.8093862004284011,1
1767010541.0835288,-0.024138052,-0.07096013,0.024138052,0.07096013,0.3580797463655472,0.7574306077470525,1
1767010541.1600032,-0.024138052,-0.07096013,0.024138052,0.07096013,0.3580797463655472,0.7018267901995887,1
1767010541.226468,-0.019445527,-0.044487916,0.019445527,0.044487916,0.41102416813373566,0.6609158260805477,1
1767010541.306353,-0.015457026,-0.0589192,0.015457026,0.0589192,0.38216160237789154,0.6297504078756985,1
1767010541.3818154,-0.017275747,-0.047570452,0.017275747,0.047570452,0.40485909581184387,0.6035431304857766,1
1767010541.4619405,-0.017275747,-0.047570452,0.017275747,0.047570452,0.40485909581184387,0.5816378573166519,1
1767010541.543099,-0.017006919,-0.045571603,0.017006919,0.045571603,0.4088567942380905,0.5624911560565862,1
1767010541.6101844,-0.017006919,-0.045571603,0.017006919,0.045571603,0.4088567942380905,0.5453899319496489,1
1767010541.6785538,-0.028036281,-0.04254295,0.028036281,0.04254295,0.4149141013622284,0.5298295932594304,1
1767010541.768058,-0.014821936,-0.055022337,0.014821936,0.055022337,0.3899553269147873,0.5154630724787013,1
1767010541.8340795,-0.020026475,-0.065128826,0.020026475,0.065128826,0.36974234879016876,0.4783707300848778,1
1767010541.915068,-0.0115174325,-0.05863338,0.0115174325,0.05863338,0.3827332407236099,0.42735551309757625,1
1767010541.9921515,-0.025532711,-0.055051886,0.025532711,0.055051886,0.3898962289094925,0.37233732092106814,1
1767010542.0720215,-0.019427016,-0.045264542,0.019427016,0.045264542,0.40947091579437256,0.32081179925308473,1
1767010542.2244034,-0.029024418,-0.040843382,0.029024418,0.040843382,0.41831323504447937,0.23615645461591678,1
1767010542.3044083,-0.019071747,-0.045428723,0.019071747,0.045428723,0.40914255380630493,0.2042174346288287,1
1767010542.3727431,-0.02527016,-0.059549324,0.02527016,0.059549324,0.38090135157108307,0.17831182679085558,1
1767010542.4486194,-0.011239757,-0.049756147,0.011239757,0.049756147,0.4004877060651779,0.15602052225259888,1
1767010542.5131526,-0.019961212,-0.05533684,0.019961212,0.05533684,0.3893263190984726,0.13694262877065666,1
1767010542.587353,-0.017923702,-0.046076916,0.017923702,0.046076916,0.4078461676836014,0.12056115213676098,1
1767010542.670167,-0.024354141,-0.045082808,0.024354141,0.045082808,0.4098343849182129,0.10640878015725036,1
1767010542.7360125,-0.013376323,-0.040953852,0.013376323,0.040953852,0.4180922955274582,0.09410854140631725,1
1767010542.8051395,-0.023723606,-0.03908591,0.023723606,0.03908591,0.42182818055152893,0.0833844563361642,1
1767010542.8861964,-0.013797614,-0.036535196,0.013797614,0.036535196,0.42692960798740387,0.07399170975608402,1
1767010542.9640622,-0.030178856,-0.035150863,0.030178856,0.035150863,0.42969827353954315,0.06593624372523232,1
1767010543.030127,-0.009241913,-0.046756268,0.009241913,0.046756268,0.40648746490478516,0.05879746504757167,1
1767010543.0970943,-0.030017171,-0.035911605,0.030017171,0.035911605,0.42817679047584534,0.052620428026357254,1
1767010543.2474804,-0.00825332,-0.044675425,0.00825332,0.044675425,0.4106491506099701,0.04206910520270699,1
1767010543.4597707,-0.037760485,-0.03249734,0.037760485,0.03249734,0.435005322098732,0.03020662919530005,1
1767010543.538433,-0.025529504,-0.037778415,0.025529504,0.037778415,0.42444317042827606,0.0266123843200528,1
1767010543.6049798,0.0061606197,-0.04329253,0.0061606197,0.04329253,0.41341494023799896,0.02378444462789409,1
1767010543.6822004,-0.014555522,-0.048195966,0.014555522,0.048195966,0.4036080688238144,0.020703858061110136,1
1767010544.0554993,-0.049602676,-0.05138605,0.049602676,0.05138605,0.3972278982400894,0.010764491353336484,1
1767010544.1275573,-0.04916768,-0.051812954,0.04916768,0.051812954,0.39637409150600433,0.00973882288833369,1
1767010544.2112157,-0.056503292,-0.04331188,0.056503292,0.04331188,0.41337624192237854,0.008404126921699527,1
1767010544.3455942,0.05847174,0.006089881,0.05847174,0.006089881,0.5121797621250153,0.006764898876060604,1
1767010544.4226716,0.061867643,-0.004695572,0.061867643,0.004695572,0.4906088560819626,0.03037814809059854,1
1767010544.5034678,0.061867643,-0.004695572,0.061867643,0.004695572,0.4906088560819626,0.13856892678519092,1
1767010544.5811574,0.052197848,-0.011861339,0.052197848,0.011861339,0.47627732157707214,0.21801679127455104,1
1767010544.6478784,0.06982442,0.00804954,0.06982442,0.00804954,0.5160990804433823,0.2764220178634218,1
1767010544.714457,0.060875125,-0.0019174516,0.060875125,0.0019174516,0.49616509675979614,0.31808416872613254,1
1767010544.7824907,0.058827676,-0.0032479167,0.058827676,0.0032479167,0.4935041666030884,0.35130833056248545,1
1767010544.864851,0.0550906,-0.01576478,0.0550906,0.01576478,0.4684704393148422,0.3787286589445165,1
1767010544.9365766,0.04533621,-0.011716612,0.04533621,0.011716612,0.47656677663326263,0.4025200084486171,1
1767010545.0226092,0.04533621,-0.011716612,0.04533621,0.011716612,0.47656677663326263,0.4226459674879892,1
1767010545.0986865,0.04533621,-0.011716612,0.04533621,0.011716612,0.47656677663326263,0.44067548758171937,1
1767010545.1734018,0.07148183,0.0013720095,0.07148183,0.0013720095,0.5027440190315247,0.48286425213595574,1
1767010545.2491004,0.04449451,-0.012156792,0.04449451,0.012156792,0.4756864160299301,0.5412412593850312,1
1767010545.3151193,0.09849199,0.00886637,0.09849199,0.00886637,0.5177327394485474,0.6007576053963031,1
1767010545.3932228,0.10798734,0.016917057,0.10798734,0.016917057,0.5338341146707535,0.6581835727395,1
1767010545.4591563,0.0932694,-0.0045685545,0.0932694,0.0045685545,0.4908628910779953,0.7067816569394134,1
1767010545.5297327,0.0932694,-0.0045685545,0.0932694,0.0045685545,0.4908628910779953,0.747888154498438,1
1767010545.5947533,0.0939233,0.0016286299,0.0939233,0.0016286299,0.5032572597265244,0.7819305139196397,1
1767010545.6748354,0.105911896,0.008017123,0.105911896,0.008017123,0.5160342454910278,0.8106340300256772,1
1767010545.742623,0.10042394,-0.0005701035,0.10042394,0.0005701035,0.49885979294776917,0.8353617554680678,1
1767010545.8195455,0.092382655,-0.003350772,0.092382655,0.003350772,0.4932984560728073,0.8561069983837061,1
1767010545.8933384,0.114329845,0.020667333,0.114329845,0.020667333,0.5413346663117409,0.873641363707184,1
1767010545.970117,0.106007695,0.009572335,0.106007695,0.009572335,0.519144669175148,0.8884877581571885,1
1767010546.0499015,0.10056297,0.0020967945,0.10056297,0.0020967945,0.504193589091301,0.9017450999888064,1
1767010546.1259427,0.10107149,0.0054621473,0.10107149,0.0054621473,0.51092429459095,0.9131191949163879,1
1767010546.2067358,0.10107149,0.0054621473,0.10107149,0.0054621473,0.51092429459095,0.9228088661809652,1
1767010546.2787545,0.10107149,0.0054621473,0.10107149,0.0054621473,0.51092429459095,0.9313310514179614,1
1767010546.360534,0.104493335,0.007560335,0.104493335,0.007560335,0.5151206701993942,0.9388687974005531,1
1767010546.437509,0.103959754,0.017177813,0.103959754,0.017177813,0.5343556255102158,0.9456075089534985,1
1767010546.5194492,0.11015301,0.02142572,0.11015301,0.02142572,0.5428514406085014,0.9513879060014132,1
1767010546.5920525,0.07694456,0.028488267,0.07694456,0.028488267,0.5569765344262123,0.9567790027879726,1
1767010546.6734364,0.06297808,-0.004216738,0.06297808,0.004216738,0.4915665239095688,0.961423478293298,1
1767010546.7515545,0.07535197,0.015943449,0.07535197,0.015943449,0.5318868979811668,0.9656103659539784,1
1767010546.8322363,-0.038589314,-0.034594834,0.038589314,0.034594834,0.4308103322982788,0.9692662190946382,1
1767010546.9800534,-0.023588777,-0.0384297,0.023588777,0.0384297,0.42314060032367706,0.9759271144476098,1
1767010547.125094,-0.020682786,0.03838252,0.020682786,0.03838252,0.5767650380730629,0.9809139320700893,1
1767010547.2017696,-0.01672287,0.041988973,0.01672287,0.041988973,0.5839779451489449,0.9507902584338715,1
1767010547.4392965,0.12131768,0.08855409,0.12131768,0.08855409,0.6771081835031509,0.8677777169728467,1
1767010547.516461,0.15014985,0.07904397,0.15014985,0.07904397,0.6580879390239716,0.8743922738586554,1
1767010547.5899932,0.17314517,0.08556551,0.17314517,0.08556551,0.6711310148239136,0.8794088864775604,1
1767010547.6586237,0.15870488,0.08895031,0.15870488,0.08895031,0.6779006272554398,0.8835998280759874,1
1767010547.737313,0.10970752,0.094823435,0.10970752,0.094823435,0.6896468698978424,0.8871666203417606,1
1767010547.8139606,0.14682396,0.08479983,0.14682396,0.08479983,0.6695996671915054,0.8903747731264338,1
1767010547.896033,0.15615138,0.07928167,0.15615138,0.07928167,0.6585633456707001,0.893236152628495,1
1767010547.9721036,0.119531654,0.059643604,0.119531654,0.059643604,0.6192872077226639,0.8959241352782559,1
1767010548.0475965,0.13608558,0.065260194,0.13608558,0.065260194,0.6305203884840012,0.8986943619861878,1
1767010548.1253507,0.14854077,0.06944489,0.14854077,0.06944489,0.6388897746801376,0.9011949234132306,1
1767010548.2083974,0.10839269,0.08242922,0.10839269,0.08242922,0.6648584455251694,0.9066760837283943,1
1767010548.2884572,0.062124774,0.065409996,0.062124774,0.065409996,0.6308199912309647,0.914539142794733,1
1767010548.3616197,0.06439192,0.06286369,0.06439192,0.06286369,0.6257273852825165,0.9220094427105164,1
1767010548.4373913,0.0642079,0.06279822,0.0642079,0.06279822,0.625596433877945,0.9294202833521976,1
1767010548.5048907,0.08618965,0.05510366,0.08618965,0.05510366,0.6102073192596436,0.9366750084156839,1
1767010548.5812657,0.06789515,0.047227353,0.06789515,0.047227353,0.5944547057151794,0.9429212739414619,1
1767010548.659691,0.07142051,0.0569958,0.07142051,0.0569958,0.6139916032552719,0.948852273116862,1
1767010548.7262735,0.079235,0.059162308,0.079235,0.059162308,0.6183246150612831,0.9540076853885182,1
1767010548.8027196,0.08065185,0.056045756,0.08065185,0.056045756,0.6120915114879608,0.9589185551312341,1
1767010548.8808305,0.06402403,0.051299583,0.06402403,0.051299583,0.6025991663336754,0.9632539638753891,1
1767010548.9585419,0.070673145,0.046934023,0.070673145,0.046934023,0.5938680469989777,0.9670820424222117,1
1767010549.034028,0.065737344,0.06288933,0.065737344,0.06288933,0.6257786601781845,0.9703335366159712,1
1767010549.1151242,0.07693135,0.019259464,0.07693135,0.019259464,0.5385189279913902,0.973430794654615,1
1767010549.1813333,0.07693135,0.019259464,0.07693135,0.019259464,0.5385189279913902,0.9763468290237511,1
1767010549.2518506,0.07748836,-0.04409845,0.07748836,0.04409845,0.41180309653282166,0.9788324437924834,1
1767010549.332618,0.025075074,-0.06470852,0.025075074,0.06470852,0.3705829530954361,0.9822074101540635,1
1767010549.6215682,0.043303814,0.012813613,0.043303814,0.012813613,0.5256272256374359,0.9928845886465512,1
1767010549.7536995,0.007088852,-0.0612273,0.007088852,0.0612273,0.37754540145397186,1.0,1
1767010549.832074,-0.022029769,-0.064858966,0.022029769,0.064858966,0.3702820688486099,1.0,1
1767010550.0664654,-0.0020909356,-0.046548285,0.0020909356,0.046548285,0.4069034308195114,0.9902315204213813,1
1767010550.1495392,-0.012603168,-0.056553967,0.012603168,0.056553967,0.38689206540584564,0.9828055881406317,1
1767010550.221187,0.015117082,-0.05244375,0.015117082,0.05244375,0.3951124995946884,0.9708299661050984,1
1767010550.2890556,-0.012723754,-0.05249817,0.012723754,0.05249817,0.39500366151332855,0.9558626915651448,1
1767010550.5140572,0.04505332,-0.03998346,0.04505332,0.03998346,0.4200330823659897,0.8922168480779412,1
1767010550.5841556,0.03495336,-0.05425798,0.03495336,0.05425798,0.3914840370416641,0.8974682362292018,1
1767010550.6695168,0.006457854,-0.08714994,0.006457854,0.08714994,0.325700119137764,0.9024134439998863,1
1767010550.7525349,-0.005560736,-0.06947466,0.005560736,0.06947466,0.36105068027973175,0.9070869167593518,1
1767010550.831765,-0.008823068,-0.060472257,0.008823068,0.060472257,0.3790554851293564,0.9103440984994103,1
1767010550.9130316,-0.025517505,-0.043283172,0.025517505,0.043283172,0.41343365609645844,0.9051824715685789,1
1767010550.9850602,-0.025517505,-0.043283172,0.025517505,0.043283172,0.41343365609645844,0.8872441665886889,1
1767010551.198762,-0.005364579,0.0980445,0.005364579,0.0980445,0.6960889995098114,0.8067658597972667,1
1767010551.2767088,-0.005364579,0.0980445,0.005364579,0.0980445,0.6960889995098114,0.7772616898616864,1
1767010551.4299278,-0.025594726,0.042580605,0.025594726,0.042580605,0.5851612091064453,0.7328496592270498,1
1767010551.8645961,-0.031325843,0.054829083,0.031325843,0.054829083,0.6096581667661667,0.6188740803767295,1
1767010551.9263139,-0.026674245,0.071957536,0.026674245,0.071957536,0.6439150720834732,0.5490053224448878,1
1767010551.9975982,-0.029653873,0.059154257,0.029653873,0.059154257,0.6183085143566132,0.4756346189716668,1
1767010552.0648313,0.006399422,0.11498406,0.006399422,0.11498406,0.7299681156873703,0.4055876528996734,1
1767010552.134617,0.008019938,0.12587348,0.008019938,0.12587348,0.7517469525337219,0.34315496047229443,1
1767010552.202972,0.0146760335,0.1320322,0.0146760335,0.1320322,0.7640644013881683,0.29195896350176315,1
1767010552.2811396,0.002438764,0.12174738,0.002438764,0.12174738,0.7434947639703751,0.2500183746741671,1
1767010552.3666341,0.022384245,0.11015945,0.022384245,0.11015945,0.7203188985586166,0.23547978694634122,1
1767010552.4387317,0.012131616,0.09835458,0.012131616,0.09835458,0.696709156036377,0.23833173202777547,1
1767010552.5057914,0.04997232,0.07804313,0.04997232,0.07804313,0.656086266040802,0.2488621856127505,1
1767010552.5734224,0.060018864,0.066554606,0.060018864,0.066554606,0.6331092119216919,0.28540654206350646,1
1767010552.653461,0.11705372,0.04902915,0.11705372,0.04902915,0.5980582982301712,0.32758133994525607,1
1767010552.729866,0.10782623,0.049847525,0.10782623,0.049847525,0.599695049226284,0.3619688659324727,1
1767010552.7974489,0.1321077,0.05024441,0.1321077,0.05024441,0.6004888191819191,0.38949185994019575,1
1767010552.889042,0.11536619,0.054853376,0.11536619,0.054853376,0.6097067520022392,0.4124730820969831,1
1767010552.969057,0.13430686,0.057223707,0.13430686,0.057223707,0.6144474148750305,0.4319767280473475,1
1767010553.0345592,0.12383604,0.06052167,0.12383604,0.06052167,0.6210433393716812,0.4493271882811736,1
1767010553.106826,0.14887635,0.052746706,0.14887635,0.052746706,0.6054934114217758,0.4651403345872418,1
1767010553.1839108,0.11633077,0.039772198,0.11633077,0.039772198,0.5795443952083588,0.47986225551526585,1
1767010553.2613442,0.11633077,0.039772198,0.11633077,0.039772198,0.5795443952083588,0.49371839009879553,1
1767010553.3421443,0.08095838,0.05469986,0.08095838,0.05469986,0.6093997210264206,0.5283046249889461,1
1767010553.4206398,0.08373579,0.039697476,0.08373579,0.039697476,0.5793949514627457,0.5761087270235318,1
1767010553.4974232,0.012707292,0.045007586,0.012707292,0.045007586,0.590015172958374,0.6272961000869135,1
1767010553.5750167,0.01118525,0.049747884,0.01118525,0.049747884,0.5994957685470581,0.6735221796684706,1
1767010553.6415505,0.014293476,0.043400977,0.014293476,0.043400977,0.5868019536137581,0.7167323318190153,1
1767010553.7195168,-0.0040664794,0.07557752,0.0040664794,0.07557752,0.6511550396680832,0.7535267269454536,1
1767010553.7861774,-0.019222002,0.040297944,0.019222002,0.040297944,0.580595888197422,0.7864106527188399,1
1767010553.8725832,-0.019222002,0.040297944,0.019222002,0.040297944,0.580595888197422,0.8131672106498578,1
1767010553.948484,-0.02045254,0.048929863,0.02045254,0.048929863,0.597859725356102,0.8363947274649198,1
1767010554.3054745,0.023986682,-0.123317935,0.023986682,0.123317935,0.25336413085460663,0.7892048504296911,1
1767010554.4052148,0.015419396,-0.12690893,0.015419396,0.12690893,0.2461821436882019,0.7890833222643399,1
1767010554.4762385,0.02475984,-0.10078115,0.02475984,0.10078115,0.29843769967556,0.7995177065694348,1
1767010554.5435374,0.015419396,-0.12690893,0.015419396,0.12690893,0.2461821436882019,0.8068624421922771,1
1767010554.760994,0.12889135,0.08307548,0.12889135,0.08307548,0.6661509573459625,0.8138911481665173,1
1767010554.8451674,0.10741492,0.07004465,0.10741492,0.07004465,0.6400893032550812,0.8226713911801149,1
1767010554.9190881,0.060425922,-0.12014025,0.060425922,0.12014025,0.25971950590610504,0.8288648801612304,1
1767010554.9961603,0.056148488,-0.11407725,0.056148488,0.11407725,0.2718455046415329,0.8336885313234355,1
1767010555.080612,0.056148488,-0.11407725,0.056148488,0.11407725,0.2718455046415329,0.838230588318956,1
1767010555.1836405,0.08763283,-0.16065449,0.08763283,0.16065449,0.17869102954864502,0.842314713577486,1
1767010555.2616696,0.09281052,-0.15501374,0.09281052,0.15501374,0.18997251987457275,0.8472962216097881,1
1767010555.3296287,0.0636682,-0.14827588,0.0636682,0.14827588,0.20344823598861694,0.8515090654403252,1
1767010556.127924,0.061001685,-0.014492147,0.061001685,0.014492147,0.47101570665836334,0.8563261737557448,1
1767010556.2199402,-0.017255839,-0.074806295,0.017255839,0.074806295,0.35038740932941437,0.8667886673108813,1
1767010556.3139613,-0.017255839,-0.074806295,0.017255839,0.074806295,0.35038740932941437,0.8834097898181117,1
1767010557.7942019,0.06163522,-0.019330084,0.06163522,0.019330084,0.4613398313522339,0.974179361102718,1
1767010557.869222,0.06163522,-0.019330084,0.06163522,0.019330084,0.4613398313522339,1.0,1
1767010557.94324,0.04184342,-0.020999692,0.04184342,0.020999692,0.45800061523914337,1.0,1
1767010558.0252538,0.09796145,-0.0519133,0.09796145,0.0519133,0.3961734026670456,1.0,1
1767010558.1022835,0.1129638,0.020573232,0.1129638,0.020573232,0.5411464646458626,1.0,1
1767010558.1813023,0.0824604,-0.035324425,0.0824604,0.035324425,0.42935115098953247,1.0,1
1767010558.2523055,0.1129638,0.020573232,0.1129638,0.020573232,0.5411464646458626,0.9994721734782437,1
1767010558.4258192,0.10252632,-0.009036958,0.10252632,0.009036958,0.4819260835647583,0.9784340304868494,1
1767010558.5101886,0.09138397,-0.062774904,0.09138397,0.062774904,0.3744501918554306,0.9523996357106798,1
1767010558.5872273,0.08494489,-0.07188509,0.08494489,0.07188509,0.35622982680797577,0.9449290178001929,1
1767010558.6732283,0.063352145,-0.100462295,0.063352145,0.100462295,0.2990754097700119,0.9438979725039547,1
1767010558.7612543,0.056750603,-0.100659646,0.056750603,0.100659646,0.29868070781230927,0.9472805763912776,1
1767010558.8392837,0.009680388,-0.110951595,0.009680388,0.110951595,0.2780968099832535,0.9514836942655017,1
1767010558.9163015,0.038593464,-0.08112038,0.038593464,0.08112038,0.33775924146175385,0.9236185450288368,1
1767010558.9922998,0.11877573,-0.027052619,0.11877573,0.027052619,0.4458947628736496,0.9127863409549393,1
1767010559.07832,0.12004748,-0.06137354,0.12004748,0.06137354,0.377252921462059,0.900731410219358,1
1767010559.1643465,0.16161887,-0.0256721,0.16161887,0.0256721,0.44865579903125763,0.8957694892217987,1
1767010559.2393553,0.15709238,-0.026516832,0.15709238,0.026516832,0.44696633517742157,0.8952019159994071,1
1767010559.3083713,0.09868143,-0.1299802,0.09868143,0.1299802,0.24003958702087402,0.8998348669813181,1
1767010559.3753855,0.1531724,0.0468183,0.1531724,0.0468183,0.5936366021633148,0.9098690699612533,1
1767010559.4494026,0.12798624,0.011731751,0.12798624,0.011731751,0.5234635025262833,0.9180685915359657,1
1767010559.5294397,0.13980669,0.03673945,0.13980669,0.03673945,0.5734788998961449,0.9289476882905163,1
1767010559.598846,0.12494108,0.052991692,0.12494108,0.052991692,0.6059833839535713,0.9343001285685955,1
1767010559.6678717,0.11323928,0.03168828,0.11323928,0.03168828,0.5633765608072281,0.9403480005578864,1
1767010559.7556953,0.13074748,0.06622178,0.13074748,0.06622178,0.6324435621500015,0.9511702891497058,1
1767010559.8457086,0.09271701,0.09359372,0.09271701,0.09359372,0.6871874332427979,0.960612383196975,1
1767010559.9163053,0.15364966,0.049876913,0.15364966,0.049876913,0.5997538268566132,0.9690447093913448,1
1767010559.993377,0.08309,0.033863228,0.08309,0.033863228,0.5677264556288719,0.9839195269927064,1
1767010560.0783882,0.059568003,0.027014881,0.059568003,0.027014881,0.5540297627449036,0.9911371488852565,1
1767010560.1624074,0.08609563,0.039199807,0.08609563,0.039199807,0.5783996134996414,0.9939014191010493,1
1767010560.2544274,0.0713739,0.014276158,0.0713739,0.014276158,0.5285523161292076,1.0,1
1767010560.327327,0.08461556,0.009860657,0.08461556,0.009860657,0.5197213143110275,1.0,1
1767010560.3995783,0.09422476,-0.0023049265,0.09422476,0.0023049265,0.4953901469707489,1.0,1
1767010560.4667478,0.09024356,0.0034592375,0.09024356,0.0034592375,0.5069184750318527,1.0,1
1767010560.54783,0.07173475,-0.03743452,0.07173475,0.03743452,0.4251309633255005,0.9994227067348427,1
1767010560.6116364,0.08968112,-0.023402177,0.08968112,0.023402177,0.45319564640522003,0.9978386737808174,1
1767010560.6843972,0.09902198,0.022063278,0.09902198,0.022063278,0.5441265553236008,0.99656531819839,1
1767010560.763457,0.07314538,0.040289555,0.07314538,0.040289555,0.5805791094899178,1.0,1
1767010561.11744,-0.011588656,0.039463267,0.011588656,0.039463267,0.5789265334606171,1.0,1
1767010561.1902688,-0.009474446,0.04359524,0.009474446,0.04359524,0.5871904790401459,0.9800321804787179,1
1767010561.351025,-0.042649113,0.033024102,0.042649113,0.033024102,0.5660482048988342,0.8956622477884315,1
1767010561.5568492,0.016503114,-0.1138844,0.016503114,0.1138844,0.27223120629787445,0.7473889178123605,1
1767010561.6231947,0.01561053,-0.102683045,0.01561053,0.102683045,0.2946339100599289,0.7317595513560262,1
1767010561.6954217,0.0028359974,-0.077317245,0.0028359974,0.077317245,0.345365509390831,0.7319661034720775,1
1767010561.7855415,-0.001364925,-0.036943138,0.001364925,0.036943138,0.42611372470855713,0.7328406454973304,1
1767010561.8585877,0.014362204,-0.0782531,0.014362204,0.0782531,0.3434938043355942,0.7308710512869581,1
1767010561.9536068,0.004461388,-0.062264122,0.004461388,0.062264122,0.375471755862236,0.7358512545182825,1
1767010562.0218256,0.004461388,-0.062264122,0.004461388,0.062264122,0.375471755862236,0.7406381110858662,1
1767010562.0927138,0.00031261798,-0.07878267,0.00031261798,0.07878267,0.3424346596002579,0.7452832415719824,1
1767010562.156081,-0.045456327,-0.033824094,0.045456327,0.033824094,0.43235181272029877,0.7481475744008341,1
1767010562.2961316,-0.06784436,-0.060580797,0.06784436,0.060580797,0.3788384050130844,0.7328657012202386,1
1767010562.3591354,0.03899428,-0.066379316,0.03899428,0.066379316,0.36724136769771576,0.7137569317912952,1
1767010562.4919128,-0.026793238,-0.044203475,0.026793238,0.044203475,0.4115930497646332,0.7075554782443109,1
1767010562.5563183,-0.05897292,0.021743748,0.05897292,0.021743748,0.5434874966740608,0.6951585993055606,1
1767010562.6278038,-0.045711737,-0.004327692,0.045711737,0.004327692,0.49134461581707,0.6748197579629492,1
1767010562.7007284,-0.037806485,-0.0033884868,0.037806485,0.0033884868,0.49322302639484406,0.6586340495566353,1
1767010562.7768514,0.0320195,-0.057641827,0.0320195,0.057641827,0.38471634685993195,0.6415555849618569,1
1767010562.844591,0.013428594,-0.07613573,0.013428594,0.07613573,0.34772853553295135,0.6237244253838605,1
1767010562.9206662,0.03637589,-0.044363663,0.03637589,0.044363663,0.41127267479896545,0.609745456659954,1
1767010562.9976156,0.026131544,-0.059987552,0.026131544,0.059987552,0.38002489507198334,0.6118707380617683,1
1767010563.0727322,0.04788176,-0.025613599,0.04788176,0.025613599,0.4487728029489517,0.6214270503007082,1
1767010563.155686,0.048618525,-0.025663525,0.048618525,0.025663525,0.44867295026779175,0.6302302787172216,1
1767010563.23059,0.044646356,-0.029676192,0.044646356,0.029676192,0.44064761698246,0.6386171991792706,1
1767010563.2930944,0.051934212,-0.020230494,0.051934212,0.020230494,0.4595390111207962,0.646807644723325,1
1767010563.3671505,0.051934212,-0.020230494,0.051934212,0.020230494,0.4595390111207962,0.6550208718974749,1
1767010563.435173,0.027035955,-0.06599241,0.027035955,0.06599241,0.36801518499851227,0.6629111969372294,1
1767010563.5065153,0.03278526,-0.05880388,0.03278526,0.05880388,0.3823922425508499,0.6709815829528867,1
1767010563.5735571,0.049984235,-0.023672782,0.049984235,0.023672782,0.4526544362306595,0.678268482282904,1
1767010563.64843,-0.022089373,-0.059974544,0.022089373,0.059974544,0.3800509124994278,0.6854266751273963,1
1767010563.7131898,0.028384687,-0.052475967,0.028384687,0.052475967,0.3950480669736862,0.7018133629028237,1
1767010563.7962801,0.031203851,-0.053116404,0.031203851,0.053116404,0.39376719295978546,0.7279358761390027,1
1767010563.8642652,0.028384484,-0.07111236,0.028384484,0.07111236,0.3577752858400345,0.7566845655274202,1
1767010563.9272778,0.048239313,-0.024696358,0.048239313,0.024696358,0.4506072849035263,0.7861311535834952,1
1767010563.991662,0.05208992,-0.009430692,0.05208992,0.009430692,0.4811386168003082,0.8221116405342703,1
1767010564.0700028,0.032116458,-0.07903048,0.032116458,0.07903048,0.3419390469789505,0.8489400226562441,1
1767010564.1457195,0.035768356,-0.057838462,0.035768356,0.057838462,0.3843230754137039,0.8676857634336786,1
1767010564.224412,0.04471501,-0.053247295,0.04471501,0.053247295,0.39350540935993195,0.8843936826233948,1
1767010564.3005235,0.05105901,-0.040432125,0.05105901,0.040432125,0.4191357493400574,0.8990337152981134,1
1767010564.3677878,0.04471501,-0.053247295,0.04471501,0.053247295,0.39350540935993195,0.9109189802431282,1
1767010564.6516135,-0.06069122,0.0058144405,0.06069122,0.0058144405,0.5116288810968399,0.9146396277113279,1
1767010564.9174814,-0.047737855,-0.020945407,0.047737855,0.020945407,0.45810918509960175,0.6472937214435454,1
1767010565.1590629,0.054812603,-0.017808586,0.054812603,0.017808586,0.4643828272819519,0.5689180203822173,1
1767010565.2224083,-0.057256933,-0.002130866,0.057256933,0.002130866,0.49573826789855957,0.5610843069701352,1
1767010565.290458,-0.058830094,-0.0030770898,0.058830094,0.0030770898,0.4938458204269409,0.5437676005040545,1
1767010565.3630424,-0.052971844,-0.016931042,0.052971844,0.016931042,0.46613791584968567,0.528026595048599,1
1767010565.4403744,-0.05715425,-0.021856152,0.05715425,0.021856152,0.4562876969575882,0.5128886459236797,1
1767010565.5104504,-0.05660217,-0.0053750277,0.05660217,0.0053750277,0.48924994468688965,0.49898258072452184,1
1767010565.5835202,-0.060411517,-0.017219096,0.060411517,0.017219096,0.46556180715560913,0.48641151571475244,1
1767010565.6606343,-0.03622764,-0.015797153,0.03622764,0.015797153,0.46840569376945496,0.47410442514906315,1
1767010565.8037107,0.043075785,-0.018279485,0.043075785,0.018279485,0.46344102919101715,0.4513862453189771,1
1767010565.8697224,0.038491268,-0.041511312,0.038491268,0.041511312,0.4169773757457733,0.44049070730838824,1
1767010566.025082,-0.013157743,-0.04912684,0.013157743,0.04912684,0.40174631774425507,0.44927009499239523,1
1767010566.1056397,-0.058350425,-0.016032502,0.058350425,0.016032502,0.4679349958896637,0.4504983530438853,1
1767010566.1856499,-0.05780107,-0.030102126,0.05780107,0.030102126,0.43979574739933014,0.44001772569628506,1
1767010566.2573206,-0.052370142,0.019940954,0.052370142,0.019940954,0.5398819074034691,0.4294693145258485,1
1767010566.5382245,0.07225145,-0.002408959,0.07225145,0.002408959,0.4951820820569992,0.38817130242605913,1
1767010566.6183841,0.07225145,-0.002408959,0.07225145,0.002408959,0.4951820820569992,0.38182867168085194,1
1767010566.694476,0.06549758,-0.0021487474,0.06549758,0.0021487474,0.49570250511169434,0.3971203672495083,1
1767010566.7686615,0.05906943,-0.011786833,0.05906943,0.011786833,0.4764263331890106,0.4118687476483711,1
1767010566.83649,0.05143803,-0.028100781,0.05143803,0.028100781,0.4437984377145767,0.4264075665293847,1
1767010566.9110754,0.05298269,-0.017341897,0.05298269,0.017341897,0.46531620621681213,0.440299360721757,1
1767010567.2229435,0.048606876,-0.006940201,0.048606876,0.006940201,0.4861195981502533,0.4928958331782599,1
1767010567.2881737,0.112620145,-0.033436656,0.112620145,0.033436656,0.43312668800354004,0.5054528940262122,1
1767010567.4271975,0.094331004,-0.0096156,0.094331004,0.0096156,0.4807687997817993,0.5881930615187351,1
1767010567.490211,0.08690379,-0.0011401176,0.08690379,0.0011401176,0.49771976470947266,0.6316650062450111,1
1767010567.5663762,0.06570088,-0.0031028613,0.06570088,0.0031028613,0.4937942773103714,0.6799068224409399,1
1767010567.6570094,0.106443524,-0.02296403,0.106443524,0.02296403,0.45407193899154663,0.7226535756591732,1
1767010567.73676,0.094114766,-0.0040972456,0.094114766,0.0040972456,0.4918055087327957,0.762592188883793,1
1767010567.8001957,0.111280695,-0.037857607,0.111280695,0.037857607,0.42428478598594666,0.7920673494634285,1
1767010567.8814194,0.11990628,-0.07453587,0.11990628,0.07453587,0.35092826187610626,0.8211143786632972,1
1767010567.9506993,0.09732238,-0.06130313,0.09732238,0.06130313,0.3773937374353409,0.8444101424957797,1
1767010568.0179813,0.1260584,-0.084224425,0.1260584,0.084224425,0.3315511494874954,0.8638799099967451,1
1767010568.0960062,0.15247808,-0.23273268,0.15247808,0.23273268,0.03453463315963745,0.8766956345767234,1
1767010568.1657362,0.101995826,-0.050408207,0.101995826,0.050408207,0.39918358623981476,0.8992253717279421,1
1767010568.239481,0.15221445,-0.19055712,0.15221445,0.19055712,0.11888575553894043,0.9123297629607692,1
1767010568.3216374,0.1495939,-0.22697756,0.1495939,0.22697756,0.046044886112213135,0.9243264271136609,1
1767010568.4016974,0.1639101,-0.14030817,0.1639101,0.14030817,0.21938365697860718,0.9346993936589751,1
1767010568.4761672,0.10623612,-0.09146205,0.10623612,0.09146205,0.3170758932828903,0.9408419171097226,1
1767010568.5465744,0.04400661,-0.017560132,0.04400661,0.017560132,0.46487973630428314,0.9473701733599232,1
1767010568.6177537,0.054406073,-0.017112724,0.054406073,0.017112724,0.4657745510339737,0.9466982552382192,1
1767010568.6968908,0.038620833,-0.012906842,0.038620833,0.012906842,0.47418631613254547,0.9509627442268609,1
1767010568.7625897,0.06926057,0.00091601163,0.06926057,0.00091601163,0.5018320232629776,0.9522941220150694,1
1767010568.8348067,0.07184293,-0.016294397,0.07184293,0.016294397,0.46741120517253876,0.9625259182383252,1
1767010568.8983116,-0.010996786,0.037488837,0.010996786,0.037488837,0.5749776735901833,0.9627306093432975,1
1767010569.1176734,0.06273354,-0.022199757,0.06273354,0.022199757,0.45560048520565033,0.9702866338137569,1
1767010569.334949,0.06950143,-0.021077573,0.06950143,0.021077573,0.4578448534011841,0.9828766687987778,1
1767010569.4131682,0.07940661,0.0068871826,0.07940661,0.0068871826,0.5137743651866913,0.9868062373645712,1
1767010569.6539295,0.007828757,0.039527602,0.007828757,0.039527602,0.5790552049875259,0.9940584815623346,1
1767010569.7329507,0.009863185,0.03858075,0.009863185,0.03858075,0.5771614983677864,0.9961479713910053,1
1767010569.806803,0.0038720397,0.040695634,0.0038720397,0.040695634,0.581391267478466,0.9985490788808551,1
1767010570.013347,0.0009620702,0.039822258,0.0009620702,0.039822258,0.5796445161104202,1.0,1
1767010570.1480436,-0.02246236,0.03969223,0.02246236,0.03969223,0.5793844610452652,0.9762041796893287,1
1767010570.3617039,0.07690071,0.027126178,0.07690071,0.027126178,0.5542523562908173,0.804807825238308,1
1767010570.4299946,0.041849203,-0.031803496,0.041849203,0.031803496,0.43639300763607025,0.808129045284314,1
1767010570.6272476,-0.0552104,-0.0005413145,0.0552104,0.0005413145,0.4989173710346222,0.8275913767028799,1
1767010570.6976094,-0.041970685,0.019881986,0.041970685,0.019881986,0.5397639721632004,0.8141196830276044,1
1767010570.7812543,-0.035595722,0.03453536,0.035595722,0.03453536,0.5690707191824913,0.787096654909226,1
1767010570.8431592,-0.050363313,0.006399043,0.050363313,0.006399043,0.512798085808754,0.7626259179477719,1
1767010570.9994757,0.06920715,-0.012105167,0.06920715,0.012105167,0.4757896661758423,0.7200635636310498,1
1767010571.0690439,0.00073094387,-0.06560383,0.00073094387,0.06560383,0.3687923401594162,0.7102940154045743,1
1767010571.2112267,-0.016016621,-0.04992739,0.016016621,0.04992739,0.4001452177762985,0.6831141958984046,1
1767010571.5610425,0.024265382,-0.04785289,0.024265382,0.04785289,0.4042942225933075,0.5995699720769516,1
1767010571.6401336,0.026844464,-0.08280084,0.026844464,0.08280084,0.3343983143568039,0.5840695074629602,1
1767010571.7119732,-0.03535018,0.009013556,0.03535018,0.009013556,0.5180271118879318,0.5816672023643061,1
1767010571.7942617,-0.035175104,-0.0037040114,0.035175104,0.0037040114,0.4925919771194458,0.5657410632869627,1
1767010571.8713949,-0.043318707,-0.008450933,0.043318707,0.008450933,0.4830981343984604,0.5514956289129056,1
1767010572.2459786,0.026434422,-0.07955181,0.026434422,0.07955181,0.3408963829278946,0.486448790229024,1
1767010572.328698,-0.055430006,-0.002642192,0.055430006,0.002642192,0.494715616106987,0.4806688082290107,1
1767010572.5357683,-0.04996338,-0.0008633137,0.04996338,0.0008633137,0.4982733726501465,0.446176306747202,1
1767010572.598806,0.0030560317,-0.045151174,0.0030560317,0.045151174,0.40969765186309814,0.4360566891853732,1
1767010572.6723974,0.040253095,0.016196106,0.040253095,0.016196106,0.5323922112584114,0.4254924635072423,1
1767010572.8080678,-0.039988957,-0.0043812096,0.039988957,0.0043812096,0.4912375807762146,0.41784160874418647,1
1767010572.88436,-0.04888003,0.010843247,0.04888003,0.010843247,0.5216864943504333,0.40820669438171053,1
1767010573.0910583,-0.058963325,-0.021595195,0.058963325,0.021595195,0.4568096101284027,0.37940960438766896,1
1767010573.1638231,-0.05291905,-0.014755726,0.05291905,0.014755726,0.4704885482788086,0.37043209662111604,1
1767010573.2918468,-0.014369414,-0.04528866,0.014369414,0.04528866,0.4094226807355881,0.35325085220591834,1
1767010573.370147,-0.039295256,-0.025620066,0.039295256,0.025620066,0.44875986874103546,0.34469735219439585,1
1767010573.4462643,-0.045491684,-0.0071188733,0.045491684,0.0071188733,0.48576225340366364,0.33692870991237606,1
1767010573.6028132,-0.042864125,-0.028585754,0.042864125,0.028585754,0.4428284913301468,0.2812537024527366,1
1767010573.6826296,-0.00055674836,-0.0475455,0.00055674836,0.0475455,0.40490899980068207,0.2490016292663222,1
1767010573.8260999,-0.054169055,-0.023652323,0.054169055,0.023652323,0.4526953548192978,0.19325796547943544,1
1767010573.899773,-0.0552483,-0.017833158,0.0552483,0.017833158,0.4643336832523346,0.1706928914749826,1
1767010574.043797,-0.049010497,-0.009380534,0.049010497,0.009380534,0.4812389314174652,0.130138191798577,1
1767010574.140267,-0.0338067,-0.036994673,0.0338067,0.036994673,0.4260106533765793,0.11293217939390404,1
1767010574.2082949,-0.014110715,-0.035331704,0.014110715,0.035331704,0.4293365925550461,0.09834455616171316,1
1767010574.2817285,-0.040698674,-0.040103413,0.040698674,0.040103413,0.41979317367076874,0.08515747261829576,1
1767010574.3498995,-0.0498661,-0.009506509,0.0498661,0.009506509,0.48098698258399963,0.07376324033429904,1
1767010574.4291222,-0.04778816,-0.008076929,0.04778816,0.008076929,0.48384614288806915,0.06394251831363677,1
1767010574.49592,-0.03942393,-0.023506083,0.03942393,0.023506083,0.45298783481121063,0.057520667216264275,1
1767010574.5674353,-0.042802516,-0.018840022,0.042802516,0.018840022,0.4623199552297592,0.05207596676423614,1
1767010574.6325207,-0.054772843,-0.024865031,0.054772843,0.024865031,0.4502699375152588,0.04582029319467124,1
1767010574.7117941,-0.051887702,-0.030030236,0.051887702,0.030030236,0.4399395287036896,0.04063349944566556,1
1767010574.8800159,-0.047967106,-0.013552301,0.047967106,0.013552301,0.47289539873600006,0.03207951831209859,1
1767010574.950029,-0.043558653,-0.021391965,0.043558653,0.021391965,0.4572160691022873,0.02843018823287551,1
1767010575.0197666,-0.047961645,-0.023271687,0.047961645,0.023271687,0.4534566253423691,0.024531837636996467,1
1767010575.0938463,-0.0637918,-0.037045486,0.0637918,0.037045486,0.42590902745723724,0.021717562715844352,1
1767010575.1597416,-0.06336533,-0.043860756,0.06336533,0.043860756,0.412278488278389,0.019660518577311163,1
1767010575.2378812,-0.0001750635,-0.08532304,0.0001750635,0.08532304,0.3293539136648178,0.01837684897782821,1
1767010575.3147383,0.0061671687,-0.060421683,0.0061671687,0.060421683,0.3791566342115402,0.01750402132479189,1
1767010575.4547715,0.029952534,-0.055976294,0.029952534,0.055976294,0.3880474120378494,0.01489910241856322,1
1767010575.53483,0.03584981,-0.041171588,0.03584981,0.041171588,0.4176568239927292,0.013240318391814311,1
1767010575.833003,-0.046334054,-0.005125016,0.046334054,0.005125016,0.4897499680519104,0.11899555565156572,1
1767010575.9862475,-0.040812146,0.015252303,0.040812146,0.015252303,0.5305046066641808,0.10705898076622616,1
1767010576.1982327,-0.043816905,-0.008790791,0.043816905,0.008790791,0.482418417930603,0.09691280586219,1
1767010576.2810338,-0.03901313,-0.014341466,0.03901313,0.014341466,0.4713170677423477,0.09424443175067596,1
1767010576.500167,-0.03816746,-0.035816528,0.03816746,0.035816528,0.42836694419384,0.08741180106641133,1
1767010576.5760157,-0.056613762,-0.0074108094,0.056613762,0.0074108094,0.4851783812046051,0.0819259636939096,1
1767010576.7251463,0.0064878855,-0.07409405,0.0064878855,0.07409405,0.35181190073490143,0.06570554816287935,1
1767010576.7985125,0.026874293,-0.0501704,0.026874293,0.0501704,0.3996592015028,0.05920176209601438,1
1767010576.879601,0.027581543,-0.069210656,0.027581543,0.069210656,0.36157868802547455,0.0542304496351667,1
1767010576.9485226,0.031800523,-0.04827147,0.031800523,0.04827147,0.40345706045627594,0.09549034033450107,1
1767010577.0294452,0.046360444,-0.049879886,0.046360444,0.049879886,0.4002402275800705,0.17894974261819166,1
1767010577.1065629,0.021110859,-0.08063529,0.021110859,0.08063529,0.3387294262647629,0.24978368838547071,1
1767010577.1741445,0.02874956,-0.08311289,0.02874956,0.08311289,0.33377422392368317,0.30105000291370143,1
1767010577.239155,0.04038047,-0.062118016,0.04038047,0.062118016,0.3757639676332474,0.3408390244933442,1
1767010577.3081715,0.052022822,-0.03849069,0.052022822,0.03849069,0.4230186194181442,0.37109970874776815,1
1767010577.3872766,0.066190474,-0.023476757,0.066190474,0.023476757,0.4530464857816696,0.3960857973342272,1
1767010577.46373,0.053704057,-0.03517122,0.053704057,0.03517122,0.42965756356716156,0.41766889768783083,1
1767010577.5485444,0.06607577,-0.023559868,0.06607577,0.023559868,0.45288026332855225,0.43609897366884487,1
1767010577.6287959,0.0742302,-0.0009663552,0.0742302,0.0009663552,0.49806728959083557,0.45239412356672765,1
1767010577.699083,0.04928047,-0.044003814,0.04928047,0.044003814,0.4119923710823059,0.46879148896991396,1
1767010577.7770288,0.033241287,-0.076728515,0.033241287,0.076728515,0.34654296934604645,0.5096098316956091,1
1767010577.8614924,0.09204383,0.03973566,0.09204383,0.03973566,0.5794713199138641,0.5627380844879812,1
1767010577.9316103,0.0639536,0.029529028,0.0639536,0.029529028,0.5590580552816391,0.6224202672266658,1
1767010577.9999454,0.093288854,0.05796687,0.093288854,0.05796687,0.6159337386488914,0.6765695829979195,1
1767010578.0763655,0.0475451,-0.014810763,0.0475451,0.014810763,0.47037847340106964,0.719624421809796,1
1767010578.1544082,0.06507564,0.0013226271,0.06507564,0.0013226271,0.5026452541351318,0.7554775515394144,1
1767010578.2307277,0.061619256,0.020713799,0.061619256,0.020713799,0.5414275974035263,0.7882291090537339,1
1767010578.3031118,0.07274561,0.03772125,0.07274561,0.03772125,0.5754425004124641,0.8142162413954305,1
1767010578.374706,0.06389828,0.004857816,0.06389828,0.004857816,0.5097156316041946,0.8366743593400336,1
1767010578.446903,0.06482249,0.02095877,0.06482249,0.02095877,0.5419175401329994,0.8589203571974848,1
1767010578.8996232,-0.012868852,0.041928038,0.012868852,0.041928038,0.583856076002121,0.9056666036525725,1
1767010579.324799,-0.048860636,0.034742918,0.048860636,0.034742918,0.5694858357310295,0.6990385252080769,1
1767010579.4598298,-0.036992103,0.023082718,0.036992103,0.023082718,0.5461654365062714,0.6533331063118271,1
1767010579.6912286,-0.039137762,0.036933698,0.039137762,0.036933698,0.5738673955202103,0.5970524278624035,1
1767010579.755237,-0.040708546,0.029378567,0.040708546,0.029378567,0.5587571337819099,0.5809915011623524,1
1767010579.9125648,0.06464694,0.013025038,0.06464694,0.013025038,0.5260500758886337,0.4761979357431422,1
1767010580.188598,-0.01863603,0.049265556,0.01863603,0.049265556,0.598531112074852,0.45949844403465895,1
1767010580.3457816,-0.030893877,0.04351815,0.030893877,0.04351815,0.5870362967252731,0.45742240402018514,1
1767010580.424881,-0.015804838,0.042023204,0.015804838,0.042023204,0.58404640853405,0.44444225908240675,1
1767010580.7055104,-0.014318741,0.04425868,0.014318741,0.04425868,0.5885173603892326,0.39593629531479585,1
1767010580.8494086,-0.022165686,0.041724276,0.022165686,0.041724276,0.583448551595211,0.3758345915856935,1
1767010581.1387496,0.00089960266,0.045326587,0.00089960266,0.045326587,0.5906531736254692,0.32760160027790153,1
1767010581.2182887,0.036747653,0.0086001605,0.036747653,0.0086001605,0.5172003209590912,0.2986223959045509,1
1767010581.2833023,0.051476527,-0.001944162,0.051476527,0.001944162,0.4961116760969162,0.3213989371678084,1
1767010581.357522,0.05927996,-0.008692332,0.05927996,0.008692332,0.4826153367757797,0.3671129881029531,1
1767010581.4317567,0.066970065,-0.0008597076,0.066970065,0.0008597076,0.4982805848121643,0.4037130250173086,1
1767010581.497796,0.061901286,0.002431713,0.061901286,0.002431713,0.5048634260892868,0.4315017097849,1
1767010581.5859294,0.058843415,-0.013416357,0.058843415,0.013416357,0.473167285323143,0.4536207613225477,1
1767010581.6529965,0.0594716,-0.0021986663,0.0594716,0.0021986663,0.49560266733169556,0.4740912977292119,1
1767010581.727823,0.060566198,-0.008787207,0.060566198,0.008787207,0.48242558538913727,0.49089658595853414,1
1767010581.8070052,0.06280872,-0.0040236786,0.06280872,0.0040236786,0.49195264279842377,0.507091934198454,1
1767010581.8870766,0.06244016,-0.0041909292,0.06244016,0.0041909292,0.4916181415319443,0.5212680596344587,1
1767010581.9635272,0.06936765,0.0018920898,0.06936765,0.0018920898,0.5037841796875,0.5342720708182304,1
1767010582.1818826,0.06902279,-0.016595937,0.06902279,0.016595937,0.46680812537670135,0.6616895382051342,1
1767010582.268032,0.052563984,-0.024822801,0.052563984,0.024822801,0.4503543972969055,0.7054683358426015,1
1767010582.3366687,0.07692957,-0.015755922,0.07692957,0.015755922,0.4684881567955017,0.7463441595891227,1
1767010582.4137554,0.08497973,-0.010652624,0.08497973,0.010652624,0.47869475185871124,0.7815141365550891,1
1767010582.4962194,0.051276427,-0.0053083226,0.051276427,0.0053083226,0.48938335478305817,0.8115181032774776,1
1767010582.5612688,0.05193566,-0.0044683665,0.05193566,0.0044683665,0.49106326699256897,0.8366901409765395,1
1767010582.6300187,0.046036966,-0.027101055,0.046036966,0.027101055,0.4457978904247284,0.8580506175638365,1
1767010582.696553,0.059847947,-0.0022034347,0.059847947,0.0022034347,0.4955931305885315,0.8756983255907405,1
1767010582.7575755,0.051129997,-0.018656671,0.051129997,0.018656671,0.4626866579055786,0.8911361169074828,1
1767010582.8326151,0.052923445,-0.023812309,0.052923445,0.023812309,0.4523753821849823,0.9045811629637496,1
1767010582.9181862,0.060986318,-0.02682209,0.060986318,0.02682209,0.44635581970214844,0.9153812908325258,1
1767010582.99352,0.08760302,0.013353154,0.08760302,0.013353154,0.5267063081264496,0.9247079472448714,1
1767010583.0681808,0.06639508,0.00212124,0.06639508,0.00212124,0.504242479801178,0.9321691634007886,1
1767010583.1452992,0.06491819,0.014802016,0.06491819,0.014802016,0.5296040326356888,0.9404324938081197,1
1767010583.287459,0.076279275,-0.016174898,0.076279275,0.016174898,0.4676502048969269,0.9536874104120323,1
1767010583.3630948,0.06251737,-0.026138365,0.06251737,0.026138365,0.44772326946258545,0.9614408280802986,1
1767010583.4419663,0.045322977,-0.02600342,0.045322977,0.02600342,0.4479931592941284,0.9654216272445125,1
1767010583.5221126,0.04773467,-0.029221542,0.04773467,0.029221542,0.441556915640831,0.9686608453598301,1
1767010583.5918796,0.11230592,-0.059741862,0.11230592,0.059741862,0.38051627576351166,0.9706376057183953,1
1767010583.7995536,-0.020294435,0.03934468,0.020294435,0.03934468,0.5786893591284752,0.9774678945848317,1
1767010583.8762498,0.11230592,-0.059741862,0.11230592,0.059741862,0.38051627576351166,0.9793673126955043,1
1767010583.9569798,0.05674626,0.03221855,0.05674626,0.03221855,0.564437098801136,0.9791601146158202,1
1767010584.0392606,-0.013226786,0.0413366,0.013226786,0.0413366,0.5826731994748116,0.9781043759975879,1
1767010584.1129267,-0.048065975,0.01754944,0.048065975,0.01754944,0.5350988805294037,0.9811387781631697,1
1767010584.1888251,0.11230592,-0.059741862,0.11230592,0.059741862,0.38051627576351166,0.988942208743244,1
1767010584.2709591,0.11230592,-0.059741862,0.11230592,0.059741862,0.38051627576351166,0.9915557303841669,1
1767010584.3504448,0.025501989,-0.07088215,0.025501989,0.07088215,0.358235701918602,0.9944692274643363,1
1767010584.4154742,-0.030206282,-0.04825905,0.030206282,0.04825905,0.4034819006919861,1.0,1
1767010584.486078,0.046620276,-0.041962236,0.046620276,0.041962236,0.41607552766799927,1.0,1
1767010584.6298945,-0.06953793,-0.051726244,0.06953793,0.051726244,0.39654751121997833,1.0,1
1767010584.708028,-0.016986191,-0.07692272,0.016986191,0.07692272,0.3461545556783676,0.9440761872987221,1
1767010584.7856603,-0.014289747,-0.050984405,0.014289747,0.050984405,0.39803119003772736,0.8626010163950824,1
1767010584.9315343,-0.0058098035,-0.03939239,0.0058098035,0.03939239,0.42121522128582,0.7501621730617983,1
1767010585.0032983,0.09921217,-0.0016675219,0.09921217,0.0016675219,0.49666495621204376,0.7148227277451867,1
1767010585.0808842,0.070445314,-0.007966898,0.070445314,0.007966898,0.4840662032365799,0.7248815624120968,1
1767010585.1620612,0.09093516,-0.028164454,0.09093516,0.028164454,0.4436710923910141,0.7343911070259652,1
1767010585.2264137,0.07337596,-0.043859757,0.07337596,0.043859757,0.41228048503398895,0.7432635781593392,1
1767010585.2924852,0.09798294,0.011114396,0.09798294,0.011114396,0.522228792309761,0.7510624462331694,1
1767010585.4447594,0.08476383,0.0057196096,0.08476383,0.0057196096,0.5114392191171646,0.7614575651969746,1
1767010585.5094175,0.10095801,-0.0029784665,0.10095801,0.0029784665,0.4940430670976639,0.7664746805223803,1
1767010585.5863206,0.0630787,-0.027278267,0.0630787,0.027278267,0.4454434663057327,0.7716836982233473,1
1767010585.659538,0.07538392,-0.010564424,0.07538392,0.010564424,0.478871151804924,0.7764836837115241,1
1767010585.735382,0.10758573,0.0031162575,0.10758573,0.0031162575,0.5062325149774551,0.7898433138071892,1
1767010585.813051,0.049241636,-0.041284554,0.049241636,0.041284554,0.41743089258670807,0.8106504471879464,1
1767010585.878057,0.08216405,0.0067143217,0.08216405,0.0067143217,0.5134286433458328,0.8306288870511468,1
1767010585.9450703,0.051075965,-0.014318824,0.051075965,0.014318824,0.4713623523712158,0.8553044789353212,1
1767010586.0093527,0.059671953,0.017323159,0.059671953,0.017323159,0.5346463173627853,0.8719715020926141,1
1767010586.073021,0.05909383,7.636845e-05,0.05909383,7.636845e-05,0.5001527369022369,0.8890407770172558,1
1767010586.1406,0.053090513,0.004161574,0.053090513,0.004161574,0.508323147892952,0.9045213353878431,1
1767010586.2260232,0.073716685,0.0063879713,0.073716685,0.0063879713,0.5127759426832199,0.9142813016494153,1
1767010586.299246,0.06031484,-0.0130415335,0.06031484,0.0130415335,0.4739169329404831,0.9217634399668404,1
1767010586.3646207,0.06525459,-0.009073295,0.06525459,0.009073295,0.4818534106016159,0.9292018685548671,1
1767010586.4455602,0.08700644,0.008021176,0.08700644,0.008021176,0.5160423517227173,0.9366651866151128,1
1767010586.5085742,0.06315887,0.005320914,0.06315887,0.005320914,0.5106418281793594,0.9444347790922261,1
1767010586.5826683,0.05220402,-0.007854901,0.05220402,0.007854901,0.4842901974916458,0.9497169639823965,1
1767010586.6600807,0.060578924,-0.011043951,0.060578924,0.011043951,0.4779120981693268,0.9551757583483294,1
1767010586.7250998,0.06274931,-0.010744169,0.06274931,0.010744169,0.47851166129112244,0.9595452579974341,1
1767010586.7860878,0.06569484,-0.0046737343,0.06569484,0.0046737343,0.49065253138542175,0.9638408907441415,1
1767010586.8685894,0.058508668,-0.031016067,0.058508668,0.031016067,0.43796786665916443,0.9673989744076733,1
1767010586.9422004,0.058300093,-0.030151188,0.058300093,0.030151188,0.43969762325286865,0.9734033195399863,1
1767010587.0200086,0.05882103,-0.024543107,0.05882103,0.024543107,0.45091378688812256,0.9777878381167264,1
1767010587.2526393,0.04200461,0.026368681,0.04200461,0.026368681,0.5527373626828194,0.9892022530997684,1
1767010587.318734,0.06476616,0.033943616,0.06476616,0.033943616,0.5678872317075729,0.9919644655992861,1
1767010587.3974519,-0.022135906,0.07180795,0.022135906,0.07180795,0.6436159014701843,0.9937695420074125,1
1767010587.4740748,-0.020832788,0.050999485,0.020832788,0.050999485,0.601998969912529,0.9953714775676197,1
1767010587.630613,0.026307477,0.03841215,0.026307477,0.03841215,0.5768242999911308,0.9976700644595176,1
1767010587.7833045,0.025156863,0.050172813,0.025156863,0.050172813,0.6003456264734268,0.9976987646858467,1
1767010587.8627195,0.034686368,-0.08792492,0.034686368,0.08792492,0.3241501599550247,1.0,1
1767010587.9394875,-0.032981005,-0.04515563,0.032981005,0.04515563,0.4096887409687042,1.0,1
1767010588.0187,-0.008985565,-0.036161825,0.008985565,0.036161825,0.42767634987831116,1.0,1
1767010588.0854092,0.02413203,-0.042657457,0.02413203,0.042657457,0.41468508541584015,0.9863718748119743,1
1767010588.1514823,0.029210169,-0.056822367,0.029210169,0.056822367,0.3863552659749985,0.9889517301330975,1
1767010588.2288156,-0.0364314,-0.044958048,0.0364314,0.044958048,0.41008390486240387,0.9969152690600754,1
1767010588.2898214,0.0011064019,-0.050753586,0.0011064019,0.050753586,0.39849282801151276,0.9787697887081308,1
1767010588.358639,0.030954883,-0.07066936,0.030954883,0.07066936,0.3586612790822983,0.9655958140772258,1
1767010588.4289753,0.03789996,-0.04869812,0.03789996,0.04869812,0.40260376036167145,0.9675957808382901,1
1767010588.5020728,0.005686219,-0.05501329,0.005686219,0.05501329,0.3899734169244766,0.9689493402846667,1
1767010588.5802546,-0.03831748,-0.018998578,0.03831748,0.018998578,0.46200284361839294,0.9701328594126796,1
1767010588.7256682,-0.053102676,-0.008942373,0.053102676,0.008942373,0.4821152538061142,0.9502132379162997,1
1767010589.3913794,-0.00898637,0.05965577,0.00898637,0.05965577,0.6193115413188934,0.7354145251065636,1
1767010589.4574013,-0.025603209,0.048509486,0.025603209,0.048509486,0.5970189720392227,0.6680953108534733,1
1767010589.6033635,-0.017036714,0.043230385,0.017036714,0.043230385,0.5864607691764832,0.5013412794176275,1
1767010589.8165603,0.046623144,0.040533997,0.046623144,0.040533997,0.5810679942369461,0.29684284444009307,1
1767010589.8817897,-0.0109832,0.038498566,0.0109832,0.038498566,0.5769971311092377,0.2669660858009133,1
1767010589.9561408,0.035185672,0.034511052,0.035185672,0.034511052,0.5690221041440964,0.24470885199806397,1
1767010590.0324664,0.05693165,-0.024599738,0.05693165,0.024599738,0.4508005231618881,0.2609878976601702,1
1767010590.1004703,0.058816474,0.011701897,0.058816474,0.011701897,0.5234037935733795,0.3144124264889922,1
1767010590.1785245,0.06879961,0.005910434,0.06879961,0.005910434,0.5118208676576614,0.3509161946008429,1
1767010590.2667303,0.08780043,0.030957691,0.08780043,0.030957691,0.5619153827428818,0.38029664265364066,1
1767010590.342846,0.092837594,0.03722109,0.092837594,0.03722109,0.5744421780109406,0.4022230869308841,1
1767010590.4209583,0.061694995,0.012438767,0.061694995,0.012438767,0.5248775333166122,0.4219409971275493,1
1767010590.4987733,0.08158955,0.039665505,0.08158955,0.039665505,0.5793310105800629,0.4413740220257823,1
1767010590.5787187,0.04552724,-0.033745013,0.04552724,0.033745013,0.43250997364521027,0.45800542480639916,1
1767010590.6567588,0.04572368,-0.025012568,0.04572368,0.025012568,0.4499748647212982,0.4809961693528418,1
1767010590.7294242,0.042580854,-0.014461428,0.042580854,0.014461428,0.4710771441459656,0.49849253588294606,1
1767010590.7934499,0.042015675,-0.045576945,0.042015675,0.045576945,0.4088461101055145,0.536470314436003,1
1767010590.864536,0.041797273,-0.037978284,0.041797273,0.037978284,0.4240434318780899,0.5903774343458079,1
1767010590.9356322,0.031663395,-0.048860468,0.031663395,0.048860468,0.4022790640592575,0.6458902699654335,1
1767010591.0131533,0.05431729,-0.06479468,0.05431729,0.06479468,0.37041063606739044,0.6953509859853811,1
1767010591.0941362,0.03949206,-0.048097186,0.03949206,0.048097186,0.4038056284189224,0.7394272338688148,1
1767010591.377598,0.062641874,-0.009963006,0.062641874,0.009963006,0.4800739884376526,0.8730229851880402,1
1767010591.4516425,0.054130845,-0.01237838,0.054130845,0.01237838,0.4752432405948639,0.8921618124325941,1
1767010591.5321162,-0.041613717,0.016956318,0.041613717,0.016956318,0.5339126363396645,0.9043657687453158,1
1767010591.9075115,0.047227893,0.0031061769,0.047227893,0.0031061769,0.5062123537063599,0.9284845510242477,1
1767010592.1277752,0.089142345,0.0017451942,0.089142345,0.0017451942,0.5034903883934021,0.936294338738921,1
1767010592.2679646,-0.037294816,-0.011638597,0.037294816,0.011638597,0.4767228066921234,0.940564305659741,1
1767010592.3319716,-0.04165716,-0.018938169,0.04165716,0.018938169,0.46212366223335266,0.938910212269378,1
1767010592.4841056,-0.038769342,0.0032008216,0.038769342,0.0032008216,0.5064016431570053,0.887483851832405,1
1767010592.6294098,0.021045074,0.053098153,0.021045074,0.053098153,0.6061963066458702,0.8363150445483156,1
1767010592.695462,0.02216766,0.051329426,0.02216766,0.051329426,0.6026588529348373,0.8162712995066832,1
1767010592.7675822,0.02216766,0.051329426,0.02216766,0.051329426,0.6026588529348373,0.8084878765171275,1
1767010592.8395326,0.061434206,0.026069485,0.061434206,0.026069485,0.5521389693021774,0.8074595762572195,1
1767010592.9073453,0.05067456,0.024682052,0.05067456,0.024682052,0.5493641048669815,0.8111378850753834,1
1767010592.9859443,0.007871071,0.053167485,0.007871071,0.053167485,0.6063349694013596,0.814961049098167,1
1767010593.063765,-0.0066980748,0.043904033,0.0066980748,0.043904033,0.5878080651164055,0.8191835004975203,1
1767010593.2042177,-0.018799901,0.040335726,0.018799901,0.040335726,0.580671451985836,0.8208988982029216,1
1767010593.2812855,0.07534993,0.0011494234,0.07534993,0.0011494234,0.5022988468408585,0.8113828493912879,1
1767010593.3634105,0.10046682,0.016450517,0.10046682,0.016450517,0.5329010337591171,0.8147279042185653,1
1767010593.4439712,0.114871025,0.025519762,0.114871025,0.025519762,0.5510395243763924,0.81797624537178,1
1767010593.5220437,0.08373407,0.0037694946,0.08373407,0.0037694946,0.5075389891862869,0.8207930521334312,1
1767010593.5925188,0.11793331,0.03693053,0.11793331,0.03693053,0.5738610625267029,0.8241437737194075,1
1767010593.671707,0.08739223,0.011517003,0.08739223,0.011517003,0.523034006357193,0.8276003196003343,1
1767010593.7523007,0.105970934,0.02692213,0.105970934,0.02692213,0.5538442581892014,0.8313753789965621,1
1767010593.8278446,0.07129988,0.01043091,0.07129988,0.01043091,0.5208618193864822,0.8344694205163903,1
1767010593.9063268,0.09921417,0.02280135,0.09921417,0.02280135,0.5456027016043663,0.838163423571417,1
1767010593.982378,0.1034339,0.042630628,0.1034339,0.042630628,0.5852612555027008,0.8413089978297178,1
1767010594.0474052,0.11066849,0.028581396,0.11066849,0.028581396,0.5571627914905548,0.8514696067684353,1
1767010594.1233418,0.10089729,0.01920066,0.10089729,0.01920066,0.5384013205766678,0.8652750882666971,1
1767010594.203778,0.11036322,0.049634494,0.11036322,0.049634494,0.5992689877748489,0.8800523030100735,1
1767010594.2802625,0.09289596,0.026188854,0.09289596,0.026188854,0.5523777082562447,0.8931907288143437,1
1767010594.35633,0.096378095,0.042141087,0.096378095,0.042141087,0.584282174706459,0.9044904509150192,1
1767010594.418887,0.12090525,0.044059444,0.12090525,0.044059444,0.588118888437748,0.9162241099249475,1
1767010594.4959066,0.10109006,0.047619127,0.10109006,0.047619127,0.5952382534742355,0.9262692277182452,1
1767010594.5748324,0.055102635,-0.032185353,0.055102635,0.032185353,0.43562929332256317,0.9359558673615996,1
1767010594.6522374,0.054534793,-0.01799617,0.054534793,0.01799617,0.4640076607465744,0.9408962280868787,1
1767010594.7162502,0.13147742,0.07342889,0.13147742,0.07342889,0.6468577831983566,0.9472695160853246,1
1767010594.7994535,-0.020734042,0.07779021,0.020734042,0.07779021,0.6555804163217545,0.9532603890718896,1
1767010594.9476502,-0.033184428,0.04981677,0.033184428,0.04981677,0.5996335372328758,0.9597350354805263,1
1767010595.0247731,-0.03522313,0.049911283,0.03522313,0.049911283,0.5998225659132004,0.9630134927573453,1
1767010595.1080644,0.084132746,0.021763317,0.084132746,0.021763317,0.5435266345739365,0.9661722922826069,1
1767010595.2587202,0.045140233,-0.0027370527,0.045140233,0.0027370527,0.49452589452266693,0.9721333971090074,1
1767010595.3394098,0.06080785,0.036743764,0.06080785,0.036743764,0.5734875276684761,0.9746441152802032,1
1767010595.4777846,0.042818017,0.034075543,0.042818017,0.034075543,0.5681510865688324,0.9785773435791697,1
1767010595.5489109,-0.044472404,0.052668247,0.044472404,0.052668247,0.605336494743824,0.9798036257205317,1
1767010595.6165125,-0.041547537,0.060575455,0.041547537,0.060575455,0.6211509108543396,0.9829172058765266,1
1767010595.7624702,0.058190357,-0.0014440641,0.058190357,0.0014440641,0.49711187183856964,0.9932428161800562,1
1767010595.9001262,0.08517076,0.022199214,0.08517076,0.022199214,0.5443984270095825,1.0,1
1767010595.9789808,-0.05703849,0.044360477,0.05703849,0.044360477,0.5887209549546242,1.0,1
1767010596.056582,0.05722266,0.043244623,0.05722266,0.043244623,0.5864892452955246,0.9985196767000311,1
1767010596.135741,0.05683224,0.004514158,0.05683224,0.004514158,0.5090283155441284,1.0,1
1767010596.2183766,0.065548,-0.066770785,0.065548,0.066770785,0.3664584308862686,1.0,1
1767010596.2913003,0.04700695,-0.05549427,0.04700695,0.05549427,0.3890114575624466,0.9990394595945948,1
1767010596.3693638,0.028160963,-0.06168557,0.028160963,0.06168557,0.3766288608312607,0.997380975134779,1
1767010596.4450443,0.09995184,-0.060685627,0.09995184,0.060685627,0.378628745675087,1.0,1
1767010596.5276093,0.09669059,-0.100510664,0.09669059,0.100510664,0.29897867143154144,1.0,1
1767010596.591181,0.106050186,-0.10782453,0.106050186,0.10782453,0.2843509465456009,0.9921085892536587,1
1767010596.6682575,0.079412594,-0.11014945,0.079412594,0.11014945,0.2797010987997055,0.9917818817586328,1
1767010596.7469838,0.057238318,-0.099168666,0.057238318,0.099168666,0.3016626685857773,0.9908169874415669,1
1767010596.823533,0.038273554,-0.096326835,0.038273554,0.096326835,0.30734632909297943,0.988650330009461,1
1767010596.9106324,0.022065815,-0.08106608,0.022065815,0.08106608,0.3378678411245346,0.986923554550645,1
1767010596.9762082,0.05930719,-0.08424402,0.05930719,0.08424402,0.3315119594335556,0.985986282323062,1
1767010597.0469182,0.06332521,-0.06178186,0.06332521,0.06178186,0.3764362782239914,0.985413778077899,1
1767010597.1249938,0.10617946,-0.056445457,0.10617946,0.056445457,0.38710908591747284,0.9860158410030244,1
1767010597.2612984,0.103575595,-0.0051243454,0.103575595,0.0051243454,0.48975130915641785,0.9832622402163798,1
1767010597.3421648,0.023697574,-0.036917835,0.023697574,0.036917835,0.42616432905197144,0.9776217620811989,1
1767010597.4232814,0.036706235,-0.0042371675,0.036706235,0.0042371675,0.49152566492557526,0.9876443269587593,1
1767010597.498719,0.07127665,0.015834086,0.07127665,0.015834086,0.531668171286583,0.9880208944986046,1
1767010597.584468,0.08167521,0.0002669096,0.08167521,0.0002669096,0.5005338191986084,0.9841876899024398,1
1767010597.6576905,0.021303229,-0.035186335,0.021303229,0.035186335,0.42962732911109924,0.982971460001373,1
1767010597.7227077,0.03939767,0.009062484,0.03939767,0.009062484,0.5181249678134918,0.9875423957474833,1
1767010597.7867262,0.06636494,0.014254089,0.06636494,0.014254089,0.5285081788897514,0.9892623038748685,1
1767010597.867078,0.06023035,-0.0069396645,0.06023035,0.0069396645,0.48612067103385925,0.9896467463151855,1
1767010597.940934,0.04922288,-0.059091993,0.04922288,0.059091993,0.3818160146474838,0.9878391386955006,1
1767010598.0059428,0.049934924,0.01678415,0.049934924,0.01678415,0.533568300306797,0.9919594127067359,1
1767010598.161427,0.07200198,0.002931103,0.07200198,0.002931103,0.5058622062206268,0.9943142982455104,1
1767010598.2329445,0.059672285,0.0033311099,0.059672285,0.0033311099,0.5066622197628021,0.9938759764119875,1
1767010598.3000195,0.059672285,0.0033311099,0.059672285,0.0033311099,0.5066622197628021,0.9959485788283595,1
1767010598.3800492,0.040536977,0.03256463,0.040536977,0.03256463,0.5651292577385902,0.9965573942448145,1
1767010598.610608,0.069017835,-0.07871885,0.069017835,0.07871885,0.3425623029470444,0.9956199192817005,1
1767010598.6917758,0.06521458,-0.009956948,0.06521458,0.009956948,0.4800861030817032,1.0,1
1767010598.7688339,0.08282435,-0.023290575,0.08282435,0.023290575,0.4534188508987427,1.0,1
1767010598.8479826,0.070576906,-0.009018563,0.070576906,0.009018563,0.4819628745317459,0.9989120800309039,1
1767010598.917636,0.061458267,-0.0016494244,0.061458267,0.0016494244,0.4967011511325836,0.9980626180962229,1
1767010598.9926481,0.07930592,0.026295267,0.07930592,0.026295267,0.5525905340909958,0.9988595042681527,1
1767010599.2226422,0.13701028,0.031821594,0.13701028,0.031821594,0.5636431872844696,1.0,1
1767010599.2994485,0.15682377,0.050566517,0.15682377,0.050566517,0.6011330336332321,1.0,1
1767010599.3789592,0.13754208,0.039080895,0.13754208,0.039080895,0.5781617909669876,1.0,1
1767010599.4560406,0.13129875,0.0474935,0.13129875,0.0474935,0.5949869975447655,1.0,1
1767010599.5350096,0.12838078,0.031748228,0.12838078,0.031748228,0.5634964555501938,1.0,1
1767010599.617162,0.13971494,0.05924563,0.13971494,0.05924563,0.6184912621974945,1.0,1
1767010599.6896267,0.0860039,0.023402363,0.0860039,0.023402363,0.5468047261238098,0.9990239895652285,1
1767010599.75349,0.09301155,0.013122894,0.09301155,0.013122894,0.5262457877397537,1.0,1
1767010599.818616,0.092890635,0.027889524,0.092890635,0.027889524,0.5557790473103523,1.0,1
1767010599.890187,0.08553632,0.030030012,0.08553632,0.030030012,0.5600600242614746,1.0,1
1767010599.9531777,0.083059624,0.025713205,0.083059624,0.025713205,0.5514264106750488,1.0,1
1767010600.0333326,0.08475187,0.029914048,0.08475187,0.029914048,0.559828095138073,1.0,1
1767010600.109498,0.085163206,0.03387499,0.085163206,0.03387499,0.5677499771118164,1.0,1
1767010600.1747694,0.06564355,0.025499362,0.06564355,0.025499362,0.5509987249970436,1.0,1
1767010600.2554429,0.08047801,0.034778327,0.08047801,0.034778327,0.5695566534996033,1.0,1
1767010600.3295636,0.06754892,0.030364864,0.06754892,0.030364864,0.5607297271490097,1.0,1
1767010600.3935766,0.08660118,0.036365114,0.08660118,0.036365114,0.572730228304863,1.0,1
1767010600.4656959,0.08994046,0.02793977,0.08994046,0.02793977,0.5558795407414436,1.0,1
1767010600.5324986,0.066213936,0.013404682,0.066213936,0.013404682,0.5268093645572662,1.0,1
1767010600.607265,0.05371287,0.011343755,0.05371287,0.011343755,0.5226875096559525,1.0,1
1767010600.6942317,0.087534845,0.026714735,0.087534845,0.026714735,0.5534294694662094,1.0,1
1767010600.7622747,0.10519171,0.007925697,0.10519171,0.007925697,0.5158513933420181,0.9971696381384694,1
1767010600.840704,0.106139444,0.017130323,0.106139444,0.017130323,0.5342606455087662,0.9908820266144664,1
1767010600.9253068,0.074847825,-0.002316326,0.074847825,0.002316326,0.4953673481941223,0.9922477219819089,1
1767010600.9944534,0.102679305,0.03381899,0.102679305,0.03381899,0.5676379799842834,0.9915897782866857,1
1767010601.0753736,0.089636326,0.023943339,0.089636326,0.023943339,0.5478866770863533,0.9909054309552828,1
1767010601.1563687,0.07524592,0.013328977,0.07524592,0.013328977,0.5266579538583755,0.9919702924601463,1
1767010601.2295444,0.09150028,0.02222281,0.09150028,0.02222281,0.5444456189870834,0.9916445953042764,1
1767010601.3072293,0.12435754,0.047060054,0.12435754,0.047060054,0.5941201075911522,0.9926861260697097,1
1767010601.38581,0.09149,0.030740134,0.09149,0.030740134,0.5614802688360214,0.9943376736873506,1
1767010601.4521368,0.10061476,0.033831894,0.10061476,0.033831894,0.5676637887954712,0.9946957003243282,1
1767010601.528166,0.10807313,0.042839088,0.10807313,0.042839088,0.5856781750917435,0.993857484183806,1
1767010601.6130102,0.06391454,0.0075913146,0.06391454,0.0075913146,0.5151826292276382,0.9936612434246618,1
1767010601.6794496,0.06630532,0.0028638318,0.06630532,0.0028638318,0.5057276636362076,0.9924501824821117,1
1767010601.747284,0.08550091,0.029317379,0.08550091,0.029317379,0.5586347579956055,0.9920905047639391,1
1767010601.824874,0.08627589,0.016314596,0.08627589,0.016314596,0.5326291918754578,0.99317229738342,1
1767010601.90282,0.08461044,0.020687602,0.08461044,0.020687602,0.5413752049207687,0.9968973966895506,1
1767010601.9795082,0.111656524,0.028163377,0.111656524,0.028163377,0.5563267543911934,0.9990738537561944,1
1767010602.0464978,0.12401608,0.041378282,0.12401608,0.041378282,0.5827565640211105,0.9992789498411555,1
1767010602.1298335,0.06635597,0.0053228363,0.06635597,0.0053228363,0.5106456726789474,1.0,1
1767010602.197456,0.11065754,0.038620796,0.11065754,0.038620796,0.5772415921092033,0.9961927091497704,1
1767010602.270431,0.057815794,0.014727995,0.057815794,0.014727995,0.5294559895992279,0.9942988011940682,1
1767010602.4176276,0.097089045,0.016769834,0.097089045,0.016769834,0.533539667725563,0.9890718873155704,1
1767010602.4941673,0.083013736,0.033723336,0.083013736,0.033723336,0.5674466714262962,0.9862913241058265,1
1767010602.5772502,0.088307574,0.040928997,0.088307574,0.040928997,0.5818579941987991,0.9965704709392343,1
1767010602.6442914,0.08915266,0.039100014,0.08915266,0.039100014,0.578200027346611,1.0,1
1767010602.7748525,0.024543889,-0.03594137,0.024543889,0.03594137,0.4281172603368759,0.9879783230826309,1
1767010602.8388288,0.07102293,-0.013664946,0.07102293,0.013664946,0.4726701080799103,0.9819579037241017,1
1767010602.9138725,0.057198714,-0.017376676,0.057198714,0.017376676,0.46524664759635925,0.9792491925883801,1
1767010602.9848428,0.065381944,-0.01620081,0.065381944,0.01620081,0.4675983786582947,0.9834335946885254,1
1767010603.0619402,0.066939525,-0.016750745,0.066939525,0.016750745,0.4664985090494156,0.9857554401041486,1
1767010603.129043,0.057137247,-0.0008099228,0.057137247,0.0008099228,0.4983801543712616,1.0,1
1767010603.204067,0.039775413,0.00079420954,0.039775413,0.00079420954,0.5015884190797806,1.0,1
1767010603.2807467,0.039775413,0.00079420954,0.039775413,0.00079420954,0.5015884190797806,1.0,1
1767010603.3588326,0.11055361,-0.05807767,0.11055361,0.05807767,0.38384465873241425,1.0,1
1767010603.423869,0.0926456,-0.017668396,0.0926456,0.017668396,0.46466320753097534,1.0,1
1767010603.4988225,0.07313103,0.030732587,0.07313103,0.030732587,0.5614651739597321,1.0,1
1767010603.5821128,0.04416033,-0.0071235895,0.04416033,0.0071235895,0.48575282096862793,1.0,1
1767010603.6538973,0.02628886,-0.053213112,0.02628886,0.053213112,0.3935737758874893,0.9974627639688991,1
1767010603.7314794,0.006197772,-0.04893852,0.006197772,0.04893852,0.40212295949459076,0.9954484936748573,1
1767010603.7974937,-0.026286215,-0.035568923,0.026286215,0.035568923,0.42886215448379517,0.992474186948187,1
1767010603.8747945,0.022491768,-0.06998744,0.022491768,0.06998744,0.3600251227617264,1.0,1
1767010603.9504642,0.017611783,-0.06557653,0.017611783,0.06557653,0.36884693801403046,0.98796238067584,1
1767010604.026588,0.0038756272,-0.042489067,0.0038756272,0.042489067,0.4150218665599823,0.9861226940669823,1
1767010604.1089828,-0.0048492895,-0.041385926,0.0048492895,0.041385926,0.4172281473875046,0.9867040114045301,1
1767010604.1892083,-0.008075778,-0.038995877,0.008075778,0.038995877,0.4220082461833954,0.9865332050895533,1
1767010604.267261,0.007348004,-0.05024662,0.007348004,0.05024662,0.3995067626237869,0.9883743925846706,1
1767010604.4003367,-0.009828136,-0.036511913,0.009828136,0.036511913,0.42697617411613464,0.9904414510439472,1
1767010604.4704158,-0.00088436436,-0.05892583,0.00088436436,0.05892583,0.382148340344429,0.9696078964296124,1
1767010604.5359375,-0.01927026,-0.0419923,0.01927026,0.0419923,0.4160154014825821,0.9411534349794943,1
1767010604.6131022,-0.007974126,-0.053915404,0.007974126,0.053915404,0.39216919243335724,0.8950638701436503,1
1767010604.6912758,-0.019441236,-0.065174244,0.019441236,0.065174244,0.36965151131153107,0.8448428943468588,1
1767010604.7555509,-0.00842907,-0.07789003,0.00842907,0.07789003,0.3442199379205704,0.7904232016358996,1
1767010604.8279624,-0.0041745966,-0.06818166,0.0041745966,0.06818166,0.36363668739795685,0.7394234034575555,1
1767010604.913316,0.0028351713,-0.07355095,0.0028351713,0.07355095,0.35289810597896576,0.6997839567708471,1
1767010604.9874039,-0.010854133,-0.079311274,0.010854133,0.079311274,0.34137745201587677,0.6751163465806257,1
1767010605.7029545,-0.0130899595,-0.053915538,0.0130899595,0.053915538,0.39216892421245575,0.6458421306399509,1
1767010605.7859719,-0.04275204,-0.056874566,0.04275204,0.056874566,0.3862508684396744,0.6261441215565171,1
1767010605.874991,-0.031325083,-0.07075559,0.031325083,0.07075559,0.3584888130426407,0.6081496320568722,1
1767010605.9590104,-0.0024481947,-0.051360093,0.0024481947,0.051360093,0.3972798138856888,0.5907762265614779,1
1767010606.0241723,0.0019909749,-0.04408261,0.0019909749,0.04408261,0.4118347764015198,0.5748040474095416,1
1767010606.1022706,-0.004599058,-0.04076749,0.004599058,0.04076749,0.4184650182723999,0.557449916787397,1
1767010606.180221,-0.004599058,-0.04076749,0.004599058,0.04076749,0.4184650182723999,0.5418191181817439,1
1767010606.3384643,-0.01422535,-0.044868186,0.01422535,0.044868186,0.41026362776756287,0.513600592684256,1
1767010606.4144714,-0.008654813,-0.050374635,0.008654813,0.050374635,0.39925073087215424,0.48356066923436375,1
1767010608.8726983,0.0037018238,0.035653807,0.0037018238,0.035653807,0.5713076144456863,0.329829977797361,1
1767010609.122314,-0.0398317,0.031312443,0.0398317,0.031312443,0.5626248866319656,0.21479311431642192,1
1767010609.2004716,-0.038865313,0.027748827,0.038865313,0.027748827,0.5554976537823677,0.1764108988940784,1
1767010609.2777653,-0.035456523,0.019526783,0.035456523,0.019526783,0.5390535667538643,0.14778238647202352,1
1767010609.3565652,-0.038232546,0.047933377,0.038232546,0.047933377,0.5958667546510696,0.12270038787246935,1
1767010609.51303,-0.038816668,-0.025173672,0.038816668,0.025173672,0.44965265691280365,0.08585118190204644,1
1767010609.6404328,0.056855895,-0.019174792,0.056855895,0.019174792,0.46165041625499725,0.06735813077224445,1
1767010610.6934986,-0.044370845,-0.017449617,0.044370845,0.017449617,0.4651007652282715,0.0693548054009427,1
1767010610.7728121,-0.08954608,-0.0038697124,0.08954608,0.0038697124,0.49226057529449463,0.07150035298897295,1
1767010610.8504488,-0.06453364,0.036356788,0.06453364,0.036356788,0.5727135762572289,0.06974049383449388,1
1767010610.9278767,-0.10665695,-0.038377613,0.10665695,0.038377613,0.42324477434158325,0.06535085534673582,1
1767010611.006575,-0.060833182,0.03587924,0.060833182,0.03587924,0.5717584788799286,0.056501160678881675,1
1767010611.08471,0.0045312913,-0.1114975,0.0045312913,0.1114975,0.27700500190258026,0.05053294244346737,1
1767010611.162239,0.08646938,-0.055574782,0.08646938,0.055574782,0.3888504356145859,0.03750244270722269,1
1767010611.5368614,0.016933167,-0.037967287,0.016933167,0.037967287,0.424065425992012,0.02899409989404491,1
1767010611.6117344,0.038461752,-0.0325713,0.038461752,0.0325713,0.43485739827156067,0.08659951596685692,1
1767010611.893696,-0.0032938318,-0.076608635,0.0032938318,0.076608635,0.34678272902965546,0.37806668341994054,1
1767010611.960718,0.014045319,-0.042023912,0.014045319,0.042023912,0.4159521758556366,0.41495696832303147,1
1767010612.0327718,0.007873569,-0.050237946,0.007873569,0.050237946,0.39952410757541656,0.43959140062091107,1
1767010612.10071,-0.014541586,-0.08301107,0.014541586,0.08301107,0.3339778631925583,0.46054618237882505,1
1767010612.1806169,0.0047735274,-0.0790819,0.0047735274,0.0790819,0.34183619916439056,0.47171493521948055,1
1767010612.251667,-0.013013312,-0.07582209,0.013013312,0.07582209,0.34835581481456757,0.4823270111796283,1
1767010612.315291,-0.0032011094,-0.07162473,0.0032011094,0.07162473,0.3567505329847336,0.48254575162618696,1
1767010612.4004645,-0.013993134,-0.059487455,0.013993134,0.059487455,0.3810250908136368,0.48041332498205064,1
1767010612.4714904,0.011393343,-0.069010265,0.011393343,0.069010265,0.3619794696569443,0.47290100530428886,1
1767010612.5536501,0.011393343,-0.069010265,0.011393343,0.069010265,0.3619794696569443,0.4725754665593603,1
1767010612.6214073,-0.004925576,-0.08261559,0.004925576,0.08261559,0.3347688168287277,0.4776523464938946,1
1767010612.692998,-0.0008984329,-0.08720099,0.0008984329,0.08720099,0.32559801638126373,0.4790422918594557,1
1767010612.7690153,-0.004684654,-0.08480089,0.004684654,0.08480089,0.33039821684360504,0.4794023938224778,1
1767010612.8571508,-0.006872277,-0.07741927,0.006872277,0.07741927,0.34516145288944244,0.477325910190068,1
1767010612.9272301,-0.009461389,-0.08898308,0.009461389,0.08898308,0.3220338374376297,0.47268803664868625,1
1767010612.9942503,-0.006958631,-0.07690861,0.006958631,0.07690861,0.34618277847766876,0.4647739909720371,1
1767010613.0659368,-0.021595597,-0.10359564,0.021595597,0.10359564,0.29280872642993927,0.4556751934954173,1
1767010613.1443021,-0.015186616,-0.05540242,0.015186616,0.05540242,0.38919515907764435,0.4441650671248405,1
1767010613.2103298,-0.01890843,-0.071119,0.01890843,0.071119,0.3577619940042496,0.4325735748944639,1
1767010613.2830741,0.0009001149,-0.063541554,0.0009001149,0.063541554,0.37291689217090607,0.42220963385873866,1
1767010613.3594828,0.06558933,-0.01974047,0.06558933,0.01974047,0.46051906049251556,0.41223414462617247,1
1767010613.4381232,0.05901264,-0.033487193,0.05901264,0.033487193,0.43302561342716217,0.4216421050695036,1
1767010613.5093167,0.05901264,-0.033487193,0.05901264,0.033487193,0.43302561342716217,0.43614516823704164,1
1767010613.5713327,0.04825439,-0.03571187,0.04825439,0.03571187,0.42857626080513,0.45001127072199276,1
1767010613.6425612,0.035056256,-0.07512198,0.035056256,0.07512198,0.34975604712963104,0.46330399169107234,1
1767010613.7106066,0.037696924,-0.050742008,0.037696924,0.050742008,0.398515984416008,0.4768845087760686,1
1767010613.79895,0.04479197,-0.029476449,0.04479197,0.029476449,0.4410471022129059,0.4892829281394586,1
1767010613.8757122,0.04069663,-0.025147311,0.04069663,0.025147311,0.4497053772211075,0.501745463499895,1
1767010613.9415152,0.11459099,0.0111138,0.11459099,0.0111138,0.5222276002168655,0.5138612668626815,1
1767010614.0196085,0.09527409,0.017005675,0.09527409,0.017005675,0.5340113490819931,0.5272379515170216,1
1767010614.092156,0.09882415,0.00092071295,0.09882415,0.00092071295,0.5018414258956909,0.5397451005547407,1
1767010614.1621778,0.09882415,0.00092071295,0.09882415,0.00092071295,0.5018414258956909,0.5727590282703949,1
1767010614.2372277,0.08229711,0.0068051666,0.08229711,0.0068051666,0.5136103332042694,0.6178951551654157,1
1767010614.3149428,0.090908006,-0.017853163,0.090908006,0.017853163,0.4642936736345291,0.6654652048994225,1
1767010614.3898792,0.09230383,0.015578162,0.09230383,0.015578162,0.5311563238501549,0.710028889595469,1
1767010614.453732,0.08991705,0.0032456517,0.08991705,0.0032456517,0.5064913034439087,0.74874265277379,1
1767010614.5338933,0.09994221,0.0057763755,0.09994221,0.0057763755,0.5115527510643005,0.7823233802542022,1
1767010614.6103985,0.09994221,0.0057763755,0.09994221,0.0057763755,0.5115527510643005,0.8116078454467253,1
1767010614.6885931,0.09090438,0.010127991,0.09090438,0.010127991,0.520255982875824,0.8361310349891271,1
1767010614.7559628,0.086448364,0.013243161,0.086448364,0.013243161,0.5264863222837448,0.8564725676938546,1
1767010614.8330593,0.089597,0.00092458725,0.089597,0.00092458725,0.5018491744995117,0.8741936276698105,1
1767010614.9050524,0.08738526,0.0018092319,0.08738526,0.0018092319,0.5036184638738632,0.8892307172622136,1
1767010614.9721003,0.096890375,0.0004152879,0.096890375,0.0004152879,0.5008305758237839,0.902341082481904,1
1767010615.035279,0.08583705,0.007643558,0.08583705,0.007643558,0.5152871161699295,0.9134087973347119,1
1767010615.110314,0.08319548,0.004595101,0.08319548,0.004595101,0.5091902017593384,0.9231490634915682,1
1767010615.1889856,0.08890376,-0.0012593046,0.08890376,0.0012593046,0.4974813908338547,0.9316234358645712,1
1767010615.2677164,0.08890376,-0.0012593046,0.08890376,0.0012593046,0.4974813908338547,0.9390592096417548,1
1767010615.3344,0.021568563,-0.05577988,0.021568563,0.05577988,0.38844023644924164,0.9456915752884134,1
1767010615.404867,0.0050808815,-0.12389573,0.0050808815,0.12389573,0.25220854580402374,0.9519340256878185,1
1767010615.477883,0.031714737,-0.11579225,0.031714737,0.11579225,0.26841549575328827,0.9492548322428698,1
1767010615.5451894,0.031714737,-0.11579225,0.031714737,0.11579225,0.26841549575328827,0.9544797975804428,1
1767010615.6100338,0.029646605,-0.115801014,0.029646605,0.115801014,0.2683979719877243,0.9666813417192115,1
1767010615.687596,0.03092834,-0.11114187,0.03092834,0.11114187,0.277716264128685,0.9707274136480134,1
1767010615.7505827,0.022843331,-0.13751155,0.022843331,0.13751155,0.22497689723968506,0.9725862531594754,1
1767010615.8182774,0.03281821,-0.10318332,0.03281821,0.10318332,0.2936333566904068,0.9753359472756512,1
1767010615.893258,0.03281821,-0.10318332,0.03281821,0.10318332,0.2936333566904068,0.9774893333276329,1
1767010615.9582777,0.03183122,-0.0810406,0.03183122,0.0810406,0.33791880309581757,0.979331539240223,1
1767010616.0343552,0.03183122,-0.0810406,0.03183122,0.0810406,0.33791880309581757,0.9810159116307998,1
1767010616.1129572,0.03153769,-0.08635465,0.03153769,0.08635465,0.32729069888591766,0.9823984339243312,1
1767010616.191734,0.043524913,-0.09979034,0.043524913,0.09979034,0.30041931569576263,0.9838474219865601,1
1767010616.7197182,0.017950457,-0.10313349,0.017950457,0.10313349,0.29373301565647125,0.743999676341826,1
1767010616.791258,0.07436564,-0.090016104,0.07436564,0.090016104,0.3199677914381027,0.7015244948174679,1
1767010616.8606656,0.060874153,-0.12521529,0.060874153,0.12521529,0.24956941604614258,0.7161523419944745,1
1767010616.9371269,0.059247438,-0.11468097,0.059247438,0.11468097,0.2706380635499954,0.7296135503314254,1
1767010617.0154188,0.059247438,-0.11468097,0.059247438,0.11468097,0.2706380635499954,0.739636728441379,1
1767010617.0925343,0.056966837,-0.12833518,0.056966837,0.12833518,0.24332964420318604,0.7484946258354281,1
1767010617.1732194,0.027341943,-0.11896212,0.027341943,0.11896212,0.2620757669210434,0.7564647067814128,1
1767010617.2490351,0.049083076,-0.11332131,0.049083076,0.11332131,0.2733573764562607,0.7634011389952883,1
1767010617.3281116,0.045024972,-0.12050835,0.045024972,0.12050835,0.2589832991361618,0.7693004625640251,1
1767010617.4054422,0.058335572,-0.10992295,0.058335572,0.10992295,0.2801540940999985,0.7751910531504718,1
1767010617.4867375,0.054087255,-0.12267812,0.054087255,0.12267812,0.2546437531709671,0.7802887163156011,1
1767010617.7647147,0.0563972,-0.11867521,0.0563972,0.11867521,0.2626495808362961,0.7939407536859117,1
1767010617.8397138,0.06338701,-0.019834891,0.06338701,0.019834891,0.46033021807670593,0.8132696440200815,1
1767010617.9065917,0.07383961,-0.020032875,0.07383961,0.020032875,0.4599342495203018,0.8379684415909039,1
1767010617.9822366,0.071623966,-0.012761332,0.071623966,0.012761332,0.4744773358106613,0.8618327069099971,1
1767010618.0582287,0.06623297,-0.015849538,0.06623297,0.015849538,0.468300923705101,0.8799359472935968,1
1767010618.1229906,0.06623297,-0.015849538,0.06623297,0.015849538,0.468300923705101,0.8956248730512072,1
1767010618.1903057,0.07124195,-0.022974677,0.07124195,0.022974677,0.4540506452322006,0.9087728186568457,1
1767010618.2528102,0.053470228,-0.018642582,0.053470228,0.018642582,0.4627148360013962,0.9197542728895393,1
1767010618.323499,0.051434677,-0.04030572,0.051434677,0.04030572,0.4193885624408722,0.9291930251195883,1
1767010618.4056354,0.05073897,-0.01430954,0.05073897,0.01430954,0.47138091921806335,0.9374057521132458,1
1767010618.4779775,0.072451316,-0.024978496,0.072451316,0.024978496,0.4500430077314377,0.9445857420528162,1
1767010618.5582497,0.09270601,-0.003637679,0.09270601,0.003637679,0.4927246421575546,0.9508217761984894,1
1767010618.6327262,0.10301585,-0.0024793074,0.10301585,0.0024793074,0.4950413852930069,0.9554774524528813,1
1767010618.7133145,0.102591336,-0.0019474402,0.102591336,0.0019474402,0.4961051195859909,0.9594991236176522,1
1767010618.793975,0.091886334,-0.011566311,0.091886334,0.011566311,0.4768673777580261,0.9632436456498269,1
1767010618.8644853,0.08145012,-0.014403865,0.08145012,0.014403865,0.47119227051734924,0.9671700522859251,1
1767010618.944347,0.091444604,-0.00811661,0.091444604,0.00811661,0.4837667793035507,0.9704797063481858,1
1767010619.0274475,0.08191496,-0.0041492134,0.08191496,0.0041492134,0.49170157313346863,0.9738790033442398,1
1767010619.1004903,0.081708156,-0.008002572,0.081708156,0.008002572,0.48399485647678375,0.9769520244667711,1
1767010619.1757822,0.071213275,-0.016332962,0.071213275,0.016332962,0.4673340767621994,0.9794632297862862,1
1767010619.24208,0.08468532,-0.009530313,0.08468532,0.009530313,0.4809393733739853,0.9817605781770576,1
1767010619.3205855,0.07403179,-0.02760464,0.07403179,0.02760464,0.44479072093963623,0.9833695956654533,1
1767010619.3985205,0.07240937,-0.010132559,0.07240937,0.010132559,0.4797348827123642,0.9853536848188513,1
1767010619.4762106,0.07255757,-0.027345128,0.07255757,0.027345128,0.44530974328517914,0.9861676606798755,1
1767010619.5452166,0.05968677,-0.027302124,0.05968677,0.027302124,0.44539575278759,0.9876195984568387,1
1767010619.6193268,0.066173315,-0.03013897,0.066173315,0.03013897,0.43972206115722656,0.9884597155071795,1
1767010619.70482,0.076552704,-0.027810924,0.076552704,0.027810924,0.44437815248966217,0.9894344625513114,1
1767010619.7749827,-0.017794434,-0.06825323,0.017794434,0.06825323,0.36349354684352875,0.9903660373318911,1
1767010619.8401575,-0.017794434,-0.06825323,0.017794434,0.06825323,0.36349354684352875,0.9914184229415187,1
1767010619.9179018,0.025209706,-0.12840441,0.025209706,0.12840441,0.2431911826133728,0.9818634087136284,1
1767010619.9983742,0.0068529816,-0.13035133,0.0068529816,0.13035133,0.23929733037948608,0.982222127604055,1
1767010620.068973,-0.01608546,-0.13012877,0.01608546,0.13012877,0.2397424578666687,0.991408857397256,1
1767010620.1382575,-0.00506786,-0.12330372,0.00506786,0.12330372,0.2533925622701645,0.9924567721177149,1
1767010620.2022877,-0.003930335,-0.063046195,0.003930335,0.063046195,0.3739076107740402,0.9931824691018672,1
1767010620.345339,0.01443938,0.04867297,0.01443938,0.04867297,0.5973459407687187,0.9831085436693144,1
1767010620.4202707,0.009252964,0.050205834,0.009252964,0.050205834,0.600411668419838,0.975890637907249,1
1767010620.4987466,0.028289955,0.05974762,0.028289955,0.05974762,0.6194952428340912,0.9750349996540031,1
1767010620.5765092,-0.010876016,0.05299668,0.010876016,0.05299668,0.6059933602809906,0.9740171634472761,1
1767010620.652975,0.0048849983,0.047227547,0.0048849983,0.047227547,0.5944550931453705,0.96984694329914,1
1767010620.7192428,0.02858213,0.065823525,0.02858213,0.065823525,0.6316470503807068,0.9656733932482062,1
1767010620.7935343,-0.009470605,0.040703543,0.009470605,0.040703543,0.5814070850610733,0.964420551372609,1
1767010620.8585503,0.06088395,-0.012060009,0.06088395,0.012060009,0.4758799821138382,0.9572029383781218,1
1767010620.936289,0.06956619,-0.030506648,0.06956619,0.030506648,0.4389867037534714,0.9635204562064149,1
1767010621.0112197,0.064990394,-0.025919326,0.064990394,0.025919326,0.4481613487005234,0.9657489953856466,1
1767010621.0887716,0.06605419,-0.032314397,0.06605419,0.032314397,0.43537120521068573,0.9664586073961223,1
1767010621.1657236,0.059350763,-0.031638674,0.059350763,0.031638674,0.43672265112400055,0.9672036933212544,1
1767010621.242826,0.05985833,-0.023150228,0.05985833,0.023150228,0.4536995440721512,0.9678951666543372,1
1767010621.3234208,0.058583632,-0.03041704,0.058583632,0.03041704,0.4391659200191498,0.9685747420314618,1
1767010621.4729536,0.016476728,-0.03911525,0.016476728,0.03911525,0.42176949977874756,0.9699754006926584,1
1767010621.5369937,0.0489174,-0.016910069,0.0489174,0.016910069,0.46617986261844635,0.970680865864439,1
1767010621.6202557,0.0489174,-0.016910069,0.0489174,0.016910069,0.46617986261844635,0.9728037005902698,1
1767010621.6936872,0.04108467,0.022541143,0.04108467,0.022541143,0.5450822860002518,0.9754844478073952,1
1767010621.7697077,0.04108467,0.022541143,0.04108467,0.022541143,0.5450822860002518,0.9768290316969332,1
1767010621.8339736,0.06478562,0.08965999,0.06478562,0.08965999,0.6793199777603149,0.979530647007587,1
1767010621.8996682,0.07988332,0.09458054,0.07988332,0.09458054,0.6891610771417618,0.9745288476286276,1
1767010621.9727156,0.052845653,0.09040338,0.052845653,0.09040338,0.6808067560195923,0.9855747421241169,1
1767010622.0390067,0.06509936,0.08356332,0.06509936,0.08356332,0.6671266406774521,0.9882142149811872,1
1767010622.1141982,0.049851157,0.0578765,0.049851157,0.0578765,0.6157530024647713,0.9896779994832051,1
1767010622.189475,0.032828014,0.051180698,0.032828014,0.051180698,0.6023613959550858,0.9910565986617257,1
1767010622.2584794,0.032828014,0.051180698,0.032828014,0.051180698,0.6023613959550858,0.9916883517998634,1
1767010622.334421,0.011649056,0.048743427,0.011649056,0.048743427,0.5974868535995483,0.9925017985850331,1
1767010622.409597,0.0024320623,0.04917802,0.0024320623,0.04917802,0.5983560383319855,0.9933154342886046,1
1767010622.4886823,-0.01690561,0.037963647,0.01690561,0.037963647,0.5759272947907448,0.9938581369327129,1
1767010622.5648336,-0.021399464,-0.054151423,0.021399464,0.054151423,0.39169715344905853,0.9943344497681396,1
1767010622.6446528,0.05038748,-0.044149585,0.05038748,0.044149585,0.4117008298635483,0.9686956856096706,1
1767010622.7221456,0.05038748,-0.044149585,0.05038748,0.044149585,0.4117008298635483,0.9694069756424633,1
1767010622.7851589,0.08781229,-0.021162696,0.08781229,0.021162696,0.4576746076345444,0.959962096442033,1
1767010622.8505373,0.08043755,-0.019485481,0.08043755,0.019485481,0.4610290378332138,0.9672156169218024,1
1767010622.9289691,0.09501357,-0.0016599968,0.09501357,0.0016599968,0.49668000638484955,0.9677908953123002,1
1767010623.0040872,0.09501357,-0.0016599968,0.09501357,0.0016599968,0.49668000638484955,0.9683373080013206,1
1767010623.0834675,0.081145786,-0.020284303,0.081145786,0.020284303,0.45943139493465424,0.9688497525700009,1
1767010623.1603622,0.09002285,-0.020597816,0.09002285,0.020597816,0.4588043689727783,0.9713378901580052,1
1767010623.238554,0.10078177,-0.01074288,0.10078177,0.01074288,0.47851423919200897,0.971957879393047,1
1767010623.3180451,0.096677125,-0.0034408793,0.096677125,0.0034408793,0.4931182414293289,0.9728127613795016,1
1767010623.3906248,0.08458425,-0.019084617,0.08458425,0.019084617,0.4618307650089264,0.9744556199858929,1
1767010623.458866,0.08852115,-0.012692906,0.08852115,0.012692906,0.4746141880750656,0.9761912996845976,1
1767010623.5341494,0.07710724,-0.016766176,0.07710724,0.016766176,0.46646764874458313,0.9766394559643005,1
1767010623.6041694,0.07476956,-0.024452634,0.07476956,0.024452634,0.45109473168849945,0.9785681272938872,1
1767010623.669729,0.071692064,-0.023823738,0.071692064,0.023823738,0.45235252380371094,0.9713684325095578,1
1767010623.7377217,0.074378684,-0.024941213,0.074378684,0.024941213,0.4501175731420517,0.9723171713105806,1
1767010623.8105423,0.074378684,-0.024941213,0.074378684,0.024941213,0.4501175731420517,0.9729504420607934,1
1767010623.8886383,0.07943912,-0.018960722,0.07943912,0.018960722,0.4620785564184189,0.973423900445417,1
1767010623.9707732,0.07483244,-0.02256509,0.07483244,0.02256509,0.4548698216676712,0.97356177095752,1
1767010624.0439026,0.075668015,-0.025492907,0.075668015,0.025492907,0.44901418685913086,0.9745369390316642,1
1767010624.1079714,0.061729737,-0.03715343,0.061729737,0.03715343,0.4256931394338608,0.9854070906948651,1
1767010624.1898985,0.061729737,-0.03715343,0.061729737,0.03715343,0.4256931394338608,0.9868453561621121,1
1767010624.2602596,0.056192562,-0.03922885,0.056192562,0.03922885,0.42154230177402496,0.9879664148022016,1
1767010624.3284316,0.042574473,-0.03151513,0.042574473,0.03151513,0.43696974217891693,0.9899677925102679,1
1767010624.4059496,0.055163693,-0.031076796,0.055163693,0.031076796,0.4378464072942734,0.9913803406306263,1
1767010624.4854677,0.055163693,-0.031076796,0.055163693,0.031076796,0.4378464072942734,0.9928430485341987,1
1767010624.5642345,0.038926445,-0.03680253,0.038926445,0.03680253,0.4263949394226074,0.9936832804335799,1
1767010624.6282256,0.038926445,-0.03680253,0.038926445,0.03680253,0.4263949394226074,0.9941685287557698,1
1767010624.7072587,0.01562513,-0.04142654,0.01562513,0.04142654,0.4171469211578369,0.9947880956666209,1
1767010624.7732854,0.009884813,-0.044861324,0.009884813,0.044861324,0.4102773517370224,0.9954391202945264,1
1767010624.8373542,-0.002919062,-0.14908352,0.002919062,0.14908352,0.20183295011520386,0.9960348144106161,1
1767010624.9095528,-0.0022165095,-0.14731431,0.0022165095,0.14731431,0.20537137985229492,0.9857621902568108,1
1767010624.9725668,0.009112992,-0.14025477,0.009112992,0.14025477,0.21949046850204468,0.9924566950983131,1
1767010625.042222,0.008917351,-0.11932542,0.008917351,0.11932542,0.261349156498909,0.9928630262143449,1
1767010625.1118412,-0.012408973,-0.1278202,0.012408973,0.1278202,0.24435961246490479,0.9928938852381046,1
1767010625.1849778,-0.018022303,-0.16444707,0.018022303,0.16444707,0.17110586166381836,0.9933669737088311,1
1767010625.2616727,0.0053275824,-0.13725019,0.0053275824,0.13725019,0.22549962997436523,0.9531267830353221,1
1767010625.3423843,-0.0150706945,-0.15608782,0.0150706945,0.15608782,0.18782436847686768,0.9350724448068982,1
1767010625.421103,-0.0150706945,-0.15608782,0.0150706945,0.15608782,0.18782436847686768,0.8903410422767974,1
1767010625.5001085,-0.01161426,-0.082262285,0.01161426,0.082262285,0.33547542989254,0.8363688176514145,1
1767010625.583127,-0.022838738,-0.09674666,0.022838738,0.09674666,0.3065066784620285,0.7876822346017133,1
1767010625.6478093,-0.017251078,-0.08782645,0.017251078,0.08782645,0.3243470937013626,0.7476238270036691,1
1767010625.7163897,0.026614826,-0.039519615,0.026614826,0.039519615,0.42096076905727386,0.7156993091803928,1
1767010625.7925558,-0.020446751,-0.07629857,0.020446751,0.07629857,0.3474028557538986,0.6981963446020265,1
1767010625.8716526,0.00048069935,-0.13240927,0.00048069935,0.13240927,0.23518145084381104,0.6741720742296686,1
1767010625.9487035,-0.0134437,-0.13429815,0.0134437,0.13429815,0.23140370845794678,0.6530495777024631,1
1767010626.013722,-0.013741019,-0.15084732,0.013741019,0.15084732,0.19830536842346191,0.6314896930317655,1
1767010626.0780325,-0.01578014,-0.14150542,0.01578014,0.14150542,0.2169891595840454,0.6110699709822396,1
1767010626.1466563,-0.015618962,-0.13782984,0.015618962,0.13782984,0.2243403196334839,0.5936171705257005,1
1767010626.232753,-0.015618962,-0.13782984,0.015618962,0.13782984,0.2243403196334839,0.577624251395652,1
1767010626.3020463,3.3950433e-05,-0.09242008,3.3950433e-05,0.09242008,0.3151598423719406,0.5625819392183925,1
1767010626.378977,-0.0045230137,-0.10295873,0.0045230137,0.10295873,0.29408253729343414,0.5474459088772443,1
1767010626.459997,0.0034616785,-0.09519308,0.0034616785,0.09519308,0.30961383879184723,0.5338090338601442,1
1767010626.5480332,0.0034616785,-0.09519308,0.0034616785,0.09519308,0.30961383879184723,0.5217023480053907,1
1767010626.6149683,-0.008133207,-0.12285919,0.008133207,0.12285919,0.2542816251516342,0.5150421643751592,1
1767010626.6810362,0.0003626654,-0.11615091,0.0003626654,0.11615091,0.26769818365573883,0.5056637584328662,1
1767010626.7549975,-0.0054974975,-0.12634587,0.0054974975,0.12634587,0.24730825424194336,0.4993114309268471,1
1767010626.8330357,-0.010842708,-0.12432838,0.010842708,0.12432838,0.251343235373497,0.4914395868371065,1
1767010626.9141986,0.011362135,-0.11557148,0.011362135,0.11557148,0.26885704696178436,0.4804432233806122,1
1767010626.986798,0.00987877,-0.09763435,0.00987877,0.09763435,0.3047312945127487,0.47754370237276433,1
1767010627.0536807,-0.015645862,-0.13689178,0.015645862,0.13689178,0.22621643543243408,0.479584490037164,1
1767010627.1321611,-0.01395068,-0.060703702,0.01395068,0.060703702,0.3785925954580307,0.4747556931374931,1
1767010627.2089314,-0.03771905,-0.083326764,0.03771905,0.083326764,0.3333464711904526,0.4632979433089587,1
1767010627.2762756,0.07334008,-0.011707805,0.07334008,0.011707805,0.47658438980579376,0.4518545802301411,1
1767010627.3493664,0.08149117,-0.009939469,0.08149117,0.009939469,0.48012106120586395,0.45970577614931196,1
1767010627.4309957,0.07230091,-0.014657192,0.07230091,0.014657192,0.47068561613559723,0.4752582535869343,1
1767010627.5093067,0.081304505,-0.012629673,0.081304505,0.012629673,0.4747406542301178,0.4889768771901787,1
1767010627.591637,-0.013703906,-0.06725318,0.013703906,0.06725318,0.36549364030361176,0.5018901758838155,1
1767010627.663707,-0.013703906,-0.06725318,0.013703906,0.06725318,0.36549364030361176,0.514494303279785,1
1767010627.7413554,0.04130211,-0.13805228,0.04130211,0.13805228,0.22389543056488037,0.5263883119142987,1
1767010627.8204618,0.04464792,-0.12227074,0.04464792,0.12227074,0.2554585188627243,0.541783771336044,1
1767010627.8962455,0.023622882,-0.11907605,0.023622882,0.11907605,0.2618478983640671,0.5539513681523545,1
1767010627.9752378,0.0030183634,-0.0893288,0.0030183634,0.0893288,0.3213423937559128,0.5650990700268143,1
1767010628.0523405,-0.021862354,-0.076078124,0.021862354,0.076078124,0.3478437513113022,0.575086260650076,1
1767010628.130948,-0.02276102,-0.06858534,0.02276102,0.06858534,0.3628293126821518,0.6065043050196155,1
1767010628.2076101,-0.02276102,-0.06858534,0.02276102,0.06858534,0.3628293126821518,0.610552154614089,1
1767010628.2947385,-0.01672652,-0.07870754,0.01672652,0.07870754,0.34258492290973663,0.596117755755489,1
1767010628.3697975,-0.019076884,-0.079013206,0.019076884,0.079013206,0.34197358787059784,0.5733386548164401,1
1767010628.4385273,-0.019362308,-0.09570966,0.019362308,0.09570966,0.308580681681633,0.552069328793081,1
1767010628.501594,-0.009383411,-0.15061668,0.009383411,0.15061668,0.19876664876937866,0.5330239688513795,1
1767010628.5806415,0.010013851,-0.1273399,0.010013851,0.1273399,0.24532020092010498,0.5128040997306081,1
1767010628.6615644,0.01169043,-0.1390743,0.01169043,0.1390743,0.2218514084815979,0.4985992192964519,1
1767010628.726347,0.0040240455,-0.13075495,0.0040240455,0.13075495,0.23849010467529297,0.49479371347859463,1
1767010628.7976527,-0.0029981928,-0.09839033,0.0029981928,0.09839033,0.30321933329105377,0.4947264539870332,1
1767010628.8796628,-0.00955725,-0.06374361,0.00955725,0.06374361,0.3725127726793289,0.49283996485001713,1
1767010628.9586558,0.0018992424,-0.04382682,0.0018992424,0.04382682,0.41234636306762695,0.4857399241145161,1
1767010629.0312803,-0.008077561,-0.05915069,0.008077561,0.05915069,0.3816986232995987,0.4819368648848155,1
1767010629.108806,-0.020605199,-0.09294718,0.020605199,0.09294718,0.31410564482212067,0.475559981070737,1
1767010629.1910622,-0.0023946846,-0.13184619,0.0023946846,0.13184619,0.23630762100219727,0.4637223718182493,1
1767010629.268133,-0.00093147997,-0.13473111,0.00093147997,0.13473111,0.2305377721786499,0.4510138612922112,1
1767010629.3416705,0.0032203104,-0.13695237,0.0032203104,0.13695237,0.2260952591896057,0.4414045325275079,1
1767010629.4209085,0.031145532,-0.15426624,0.031145532,0.15426624,0.1914675235748291,0.43688186612941765,1
1767010629.5040991,0.031145532,-0.15426624,0.031145532,0.15426624,0.1914675235748291,0.4453240899164287,1
1767010629.5763047,0.029049717,-0.1702019,0.029049717,0.1702019,0.15959620475769043,0.45948494642798166,1
1767010629.6601777,0.00741772,-0.07471723,0.00741772,0.07471723,0.3505655378103256,0.4735813434150312,1
1767010629.732914,-0.0011351155,-0.07357042,0.0011351155,0.07357042,0.35285915434360504,0.48898492616622957,1
1767010629.79837,-0.0011351155,-0.07357042,0.0011351155,0.07357042,0.35285915434360504,0.5028779313453682,1
1767010629.8730075,-0.0007693954,-0.07227089,0.0007693954,0.07227089,0.35545821487903595,0.5150748421410147,1
1767010629.9503925,0.0027126437,-0.061595656,0.0027126437,0.061595656,0.37680868804454803,0.523115703901553,1
1767010630.0174053,0.00397762,-0.04181797,0.00397762,0.04181797,0.41636405885219574,0.5310727881951627,1
1767010630.0924945,0.0048690764,-0.05467602,0.0048690764,0.05467602,0.3906479626893997,0.5397751644319785,1
1767010630.2345316,0.001916605,-0.03872159,0.001916605,0.03872159,0.4225568175315857,0.5565745639936073,1
1767010630.3045435,-0.011411869,-0.05142761,0.011411869,0.05142761,0.39714477956295013,0.5635241843422278,1
1767010630.5317862,0.005585594,-0.06335267,0.005585594,0.06335267,0.3732946664094925,0.553118008107754,1
1767010630.610502,0.006152967,-0.067866795,0.006152967,0.067866795,0.36426641047000885,0.5508264588470078,1
1767010630.6871629,0.008811884,-0.08066852,0.008811884,0.08066852,0.3386629670858383,0.5520310680856453,1
1767010630.7512002,0.0054570995,-0.09505776,0.0054570995,0.09505776,0.3098844736814499,0.5568678313085562,1
1767010630.8180864,0.0069974987,-0.0668245,0.0069974987,0.0668245,0.366350993514061,0.5635524971028033,1
1767010630.8871908,0.0052839853,-0.08485945,0.0052839853,0.08485945,0.3302810937166214,0.5710740471851875,1
1767010630.9551241,0.007655127,-0.091397725,0.007655127,0.091397725,0.317204549908638,0.5795801016723696,1
1767010631.0293097,-0.0001073638,-0.063542195,0.0001073638,0.063542195,0.3729156106710434,0.5895607899319663,1
1767010631.1044054,0.006579471,-0.081754275,0.006579471,0.081754275,0.3364914506673813,0.5961183955022904,1
1767010631.168427,0.006579471,-0.081754275,0.006579471,0.081754275,0.3364914506673813,0.6039317203015802,1
1767010631.2474747,0.0011223098,-0.06487324,0.0011223098,0.06487324,0.3702535182237625,0.6127130311392767,1
1767010631.313167,0.00013951492,-0.06338506,0.00013951492,0.06338506,0.37322987616062164,0.6195409149448938,1
1767010631.3855476,-0.03146989,-0.1413477,0.03146989,0.1413477,0.21730458736419678,0.62423037234729,1
1767010631.45056,-0.02521595,-0.14858735,0.02521595,0.14858735,0.20282530784606934,0.6146132892880094,1
1767010631.5246615,-0.03146989,-0.1413477,0.03146989,0.1413477,0.21730458736419678,0.5971214232255228,1
1767010631.605883,-0.032022122,-0.14825094,0.032022122,0.14825094,0.20349812507629395,0.5815665967842087,1
1767010631.6775906,-0.029954884,-0.13037139,0.029954884,0.13037139,0.23925721645355225,0.5666314135237178,1
1767010631.758071,-0.032869928,-0.113299675,0.032869928,0.113299675,0.2734006494283676,0.5530057391768981,1
1767010631.8241062,-0.027303766,-0.12174148,0.027303766,0.12174148,0.25651703774929047,0.5396584523513006,1
1767010631.8881366,0.011151633,-0.04739014,0.011151633,0.04739014,0.4052197188138962,0.5267902237174057,1
1767010632.179847,0.04604509,-0.037030995,0.04604509,0.037030995,0.4259380102157593,0.5183102740707655,1
1767010632.24788,0.05714225,-0.02681107,0.05714225,0.02681107,0.44637785851955414,0.529977663282098,1
1767010632.3192866,0.035139948,-0.024924733,0.035139948,0.024924733,0.4501505345106125,0.5417230292453871,1
1767010632.383138,0.04502048,-0.021986194,0.04502048,0.021986194,0.4560276120901108,0.5527163342801241,1
1767010632.464211,0.039288174,-0.02316925,0.039288174,0.02316925,0.4536615014076233,0.5634865589631937,1
1767010632.537628,0.040947728,-0.021099031,0.040947728,0.021099031,0.4578019380569458,0.5736775112620008,1
1767010632.7539208,0.03775928,-0.015742913,0.03775928,0.015742913,0.46851417422294617,0.6024385557710293,1
1767010632.968528,0.012254213,-0.042871505,0.012254213,0.042871505,0.4142569899559021,0.7084189971975947,1
1767010633.0332136,0.01343342,-0.042081706,0.01343342,0.042081706,0.4158365875482559,0.7443803945211538,1
1767010633.1143613,0.018063001,-0.042545415,0.018063001,0.042545415,0.41490916907787323,0.777650244744394,1
1767010633.2532492,0.023234993,-0.039229847,0.023234993,0.039229847,0.421540305018425,0.8316148693041892,1
1767010633.3318706,0.021028016,-0.040161647,0.021028016,0.040161647,0.4196767061948776,0.8522007149471633,1
1767010633.4109492,0.021028016,-0.040161647,0.021028016,0.040161647,0.4196767061948776,0.8704469738798986,1
1767010633.492748,0.013956289,-0.042332172,0.013956289,0.042332172,0.41533565521240234,0.8856743260079178,1
1767010633.5707686,0.0146189565,-0.043411255,0.0146189565,0.043411255,0.413177490234375,0.8993271957259584,1
1767010633.6418643,-0.03560579,-0.100390665,0.03560579,0.100390665,0.29921866953372955,0.9104646810397223,1
1767010633.7206943,-0.031311084,-0.06846849,0.031311084,0.06846849,0.3630630224943161,0.9205988586641104,1
1767010633.8001487,-0.025934342,-0.102804966,0.025934342,0.102804966,0.29439006745815277,0.8685556104811469,1
1767010633.875846,-0.025934342,-0.102804966,0.025934342,0.102804966,0.29439006745815277,0.7839480598020143,1
1767010633.9519076,-0.02242313,-0.0997029,0.02242313,0.0997029,0.30059419572353363,0.7113138147765623,1
1767010634.0182836,-0.026162263,-0.088046335,0.026162263,0.088046335,0.3239073306322098,0.6581288231880786,1
1767010634.0934753,-0.022099532,-0.0883104,0.022099532,0.0883104,0.32337920367717743,0.6195694493436088,1
1767010634.1550238,-0.022938374,-0.117750324,0.022938374,0.117750324,0.26449935138225555,0.5894800176939219,1
1767010634.2265851,-0.022099532,-0.0883104,0.022099532,0.0883104,0.32337920367717743,0.5626956593520843,1
1767010634.2986524,-0.019316237,-0.10419052,0.019316237,0.10419052,0.2916189581155777,0.542270890345766,1
1767010634.3790107,-0.016893338,-0.08714578,0.016893338,0.08714578,0.32570843398571014,0.5237169636192062,1
1767010634.443287,-0.0233569,-0.11250735,0.0233569,0.11250735,0.27498529851436615,0.5080113896622502,1
1767010634.5221202,-0.02585239,-0.09337541,0.02585239,0.09337541,0.3132491856813431,0.49260846058156127,1
1767010634.585387,-0.030276619,-0.09988061,0.030276619,0.09988061,0.300238773226738,0.4560308449513347,1
1767010634.6504054,-0.016102966,-0.09223793,0.016102966,0.09223793,0.3155241459608078,0.4062198632395065,1
1767010634.7225604,-0.028851394,-0.08135719,0.028851394,0.08135719,0.3372856229543686,0.35323839793903067,1
1767010634.796494,-0.023828756,-0.10465563,0.023828756,0.10465563,0.29068873822689056,0.30383466709214646,1
1767010634.8665347,-0.025431532,-0.09313548,0.025431532,0.09313548,0.31372903287410736,0.2625160521904733,1
1767010634.9408493,-0.025730327,-0.10491989,0.025730327,0.10491989,0.2901602238416672,0.22664087460508675,1
1767010635.0225399,-0.03142835,-0.09287994,0.03142835,0.09287994,0.31424011290073395,0.19692406487957037,1
1767010635.0870059,-0.030467965,-0.09576476,0.030467965,0.09576476,0.3084704726934433,0.1711396826210428,1
1767010635.1607337,-0.031860285,-0.09697195,0.031860285,0.09697195,0.30605609714984894,0.14963066433321048,1
1767010635.2403202,-0.031029273,-0.09144076,0.031029273,0.09144076,0.31711848080158234,0.1311858646596495,1
1767010635.3150287,-0.028354675,-0.073506065,0.028354675,0.073506065,0.3529878705739975,0.1156424497873841,1
1767010635.3810725,-0.033171386,-0.08149647,0.033171386,0.08149647,0.3370070606470108,0.10167503070096914,1
1767010635.456064,-0.033171386,-0.08149647,0.033171386,0.08149647,0.3370070606470108,0.08993947625573082,1
1767010635.5419562,-0.021398064,-0.08619713,0.021398064,0.08619713,0.327605739235878,0.07976416989622229,1
1767010635.605951,-0.017096683,-0.07082302,0.017096683,0.07082302,0.35835395753383636,0.07015490463501536,1
1767010635.6727328,-0.027795624,-0.09658823,0.027795624,0.09658823,0.3068235367536545,0.062169520532109585,1
1767010635.748822,-0.028205052,-0.07703351,0.028205052,0.07703351,0.3459329754114151,0.055270860462342954,1
1767010635.8279812,-0.02820789,-0.09429582,0.02820789,0.09429582,0.3114083558320999,0.04871803465166385,1
1767010635.9007437,-0.017130721,-0.060279854,0.017130721,0.060279854,0.3794402927160263,0.04350279923275896,1
1767010635.9657466,-0.029580202,-0.097170286,0.029580202,0.097170286,0.3056594282388687,0.03841966420851939,1
1767010636.0478761,-0.022576295,-0.081132986,0.022576295,0.081132986,0.33773402869701385,0.034519598679077716,1
1767010636.1118925,-0.038348448,-0.07801447,0.038348448,0.07801447,0.34397105872631073,0.030801415306879566,1
1767010636.180991,-0.019434933,-0.07458345,0.019434933,0.07458345,0.35083310306072235,0.02717309922866829,1
1767010636.2500443,-0.02985853,-0.082043625,0.02985853,0.082043625,0.335912749171257,0.02438767528914522,1
1767010636.3246715,-0.029756974,-0.07215879,0.029756974,0.07215879,0.3556824177503586,0.022051854940126462,1
1767010636.4025295,-0.041298218,-0.08869467,0.041298218,0.08869467,0.32261066138744354,0.019643894800932368,1
1767010636.483511,-0.02626127,-0.08346049,0.02626127,0.08346049,0.3330790251493454,0.01755325052441269,1
1767010636.5579174,-0.02626127,-0.08346049,0.02626127,0.08346049,0.3330790251493454,0.015964645339103467,1
1767010636.635473,-0.02531005,-0.15811774,0.02531005,0.15811774,0.1837645173072815,0.014279529785772177,1
1767010636.6994927,-0.022176541,-0.15769589,0.022176541,0.15769589,0.18460822105407715,0.012140949951839427,1
1767010636.7758157,0.00856892,-0.09710614,0.00856892,0.09710614,0.30578772723674774,0.010490927347109592,1
1767010636.85799,-0.0035201171,-0.10856397,0.0035201171,0.10856397,0.2828720659017563,0.00914416174173952,1
1767010636.9328806,0.00022060052,-0.121743865,0.00022060052,0.121743865,0.25651226937770844,0.008304797775732892,1
1767010637.0091264,0.00657179,-0.11167658,0.00657179,0.11167658,0.27664683759212494,0.007596686343889367,1
1767010637.0761478,0.006911042,-0.096460976,0.006911042,0.096460976,0.3070780485868454,0.006698523738928027,1
1767010637.1421587,-0.008445409,-0.14339393,0.008445409,0.14339393,0.21321213245391846,0.0333250730189108,1
1767010637.2155485,0.0009164857,-0.13242254,0.0009164857,0.13242254,0.235154926776886,0.04343503264036334,1
1767010637.292931,-0.00088799093,-0.14232635,0.00088799093,0.14232635,0.2153472900390625,0.05955382026923202,1
1767010637.370032,-0.009215224,-0.13966465,0.009215224,0.13966465,0.2206707000732422,0.07367957193668082,1
1767010637.446086,-0.010213443,-0.14708683,0.010213443,0.14708683,0.20582634210586548,0.07710220638316327,1
1767010637.5242848,-0.013089084,-0.13092536,0.013089084,0.13092536,0.23814928531646729,0.07451807926325006,1
1767010637.5913386,0.0023438483,-0.11525049,0.0023438483,0.11525049,0.2694990187883377,0.07156886123215463,1
1767010637.665792,-0.00821451,-0.13529074,0.00821451,0.13529074,0.22941851615905762,0.07212810578575592,1
1767010637.7409904,-0.0052973563,-0.11494582,0.0052973563,0.11494582,0.2701083570718765,0.07014883912263661,1
1767010637.82111,-0.0073891496,-0.11250157,0.0073891496,0.11250157,0.2749968618154526,0.06833302570200897,1
1767010637.8996296,-0.03576648,-0.16521364,0.03576648,0.16521364,0.16957271099090576,0.06669166464861141,1
1767010637.9668918,-0.033348646,-0.1656838,0.033348646,0.1656838,0.1686323881149292,0.06472243658978623,1
1767010638.0389578,-0.031077836,-0.16310817,0.031077836,0.16310817,0.17378365993499756,0.06294834301560047,1
1767010638.1084979,-0.010173439,-0.14362088,0.010173439,0.14362088,0.21275824308395386,0.061378992111161504,1
1767010638.1848552,-0.030780934,-0.15927836,0.030780934,0.15927836,0.18144327402114868,0.0600710638628125,1
1767010638.266999,-0.0340908,-0.17288026,0.0340908,0.17288026,0.1542394757270813,0.058675686375420325,1
1767010638.3405375,-0.02796951,-0.17059025,0.02796951,0.17059025,0.15881949663162231,0.05725037770879216,1
1767010638.4165819,-0.028464582,-0.11561642,0.028464582,0.11561642,0.2687671631574631,0.05507590759787052,1
1767010638.4947603,-0.028464582,-0.11561642,0.028464582,0.11561642,0.2687671631574631,0.0495081980487465,1
1767010638.5617752,-0.028745215,-0.07784238,0.028745215,0.07784238,0.3443152457475662,0.04379266859063907,1
1767010638.6308215,-0.03173901,-0.083766185,0.03173901,0.083766185,0.33246763050556183,0.038235164426477744,1
1767010638.7115555,-0.024147589,-0.08620707,0.024147589,0.08620707,0.3275858610868454,0.032863085102782096,1
1767010638.7834842,-0.024147589,-0.08620707,0.024147589,0.08620707,0.3275858610868454,0.028584847134245524,1
1767010638.8614485,-0.025808547,-0.085355066,0.025808547,0.085355066,0.32928986847400665,0.02504689122059966,1
1767010638.9274635,-0.018211637,-0.08904182,0.018211637,0.08904182,0.3219163566827774,0.02206156211796316,1
1767010638.9944987,-0.016292796,-0.07272922,0.016292796,0.07272922,0.3545415550470352,0.01918012992874638,1
1767010639.0634708,-0.022853356,-0.1020591,0.022853356,0.1020591,0.29588179290294647,0.016801355719045685,1
1767010639.1296346,-0.01637898,-0.076968245,0.01637898,0.076968245,0.3460635095834732,0.014928561755779564,1
1767010639.2067847,-0.02749144,-0.1069122,0.02749144,0.1069122,0.28617559373378754,0.013204257553532418,1
1767010639.2848518,-0.02235372,-0.089474045,0.02235372,0.089474045,0.3210519105195999,0.011641157006711539,1
1767010639.3616512,-0.021005921,-0.108591,0.021005921,0.108591,0.282818004488945,0.010366202045268513,1
1767010639.4400296,-0.016041558,-0.09243355,0.016041558,0.09243355,0.31513290107250214,0.009423906467361137,1
1767010639.5100272,-0.028427325,-0.076429285,0.028427325,0.076429285,0.34714142978191376,0.008350062467541969,1
1767010639.578651,-0.02226276,-0.1082947,0.02226276,0.1082947,0.28341059386730194,0.007232258562932991,1
1767010639.6592925,-0.019140188,-0.09058567,0.019140188,0.09058567,0.31882865726947784,0.006436587553957812,1
1767010639.7415748,-0.019140188,-0.09058567,0.019140188,0.09058567,0.31882865726947784,0.006110953999017498,1
1767010639.8143585,-0.03644795,-0.086210586,0.03644795,0.086210586,0.3275788277387619,0.005599073015987581,1
1767010639.890812,-0.023532398,-0.07567542,0.023532398,0.07567542,0.34864915907382965,0.004736657891007732,1
1767010639.9703705,-0.031236347,-0.17206728,0.031236347,0.17206728,0.15586543083190918,0.004555414205930405,1
1767010640.0344815,0.0048194677,-0.12408716,0.0048194677,0.12408716,0.251825675368309,0.003434848004707352,1
1767010640.1091645,0.02325635,-0.11123461,0.02325635,0.11123461,0.277530774474144,0.0031100580347912386,1
1767010640.1784105,0.038783304,-0.09337395,0.038783304,0.09337395,0.3132521063089371,0.002949037601348233,1
1767010640.2547584,0.028094979,-0.12774545,0.028094979,0.12774545,0.24450910091400146,0.07695669297512231,1
1767010640.3277054,0.028094979,-0.12774545,0.028094979,0.12774545,0.24450910091400146,0.17540685797760816,1
1767010640.4044068,0.025885109,-0.11989433,0.025885109,0.11989433,0.2602113336324692,0.25194306278884776,1
1767010640.4685388,0.02672068,-0.12487083,0.02672068,0.12487083,0.25025834143161774,0.30806144601465835,1
1767010640.5466425,0.02672068,-0.12487083,0.02672068,0.12487083,0.25025834143161774,0.349941626059911,1
1767010640.6248472,0.032285992,-0.17062724,0.032285992,0.17062724,0.15874552726745605,0.38240209763957933,1
1767010640.7032182,0.038145874,-0.13204572,0.038145874,0.13204572,0.23590856790542603,0.41264203087531987,1
1767010640.7815883,0.030017234,-0.15923819,0.030017234,0.15923819,0.1815236210823059,0.43415098380927497,1
1767010640.8656332,0.031245332,-0.12685418,0.031245332,0.12685418,0.2462916374206543,0.4546551830630172,1
1767010640.9316483,0.040344868,-0.12909335,0.040344868,0.12909335,0.2418133020401001,0.47104899430073194,1
1767010641.000163,0.037095033,-0.1618444,0.037095033,0.1618444,0.176311194896698,0.4861238748233851,1
1767010641.0770247,0.026747476,-0.12689373,0.026747476,0.12689373,0.24621254205703735,0.5235599489816287,1
1767010641.1637337,0.03930102,-0.13279057,0.03930102,0.13279057,0.2344188690185547,0.579177611273445,1
1767010641.231645,0.0035490626,-0.13661772,0.0035490626,0.13661772,0.22676455974578857,0.6357774313595981,1
1767010641.30881,0.012503764,-0.112801306,0.012503764,0.112801306,0.2743973881006241,0.6866864210026421,1
1767010641.375829,0.00998481,-0.10994246,0.00998481,0.10994246,0.280115082859993,0.732196140559245,1
1767010641.4527597,0.012742063,-0.12791082,0.012742063,0.12791082,0.24417835474014282,0.7703226357765396,1
1767010641.5357711,0.010451877,-0.1375646,0.010451877,0.1375646,0.22487080097198486,0.8014619095532081,1
1767010641.6065402,0.01134542,-0.141395,0.01134542,0.141395,0.21720999479293823,0.8265218771584079,1
1767010641.685364,0.01134542,-0.141395,0.01134542,0.141395,0.21720999479293823,0.8479586271896149,1
1767010641.7613976,-0.02512591,-0.12681463,0.02512591,0.12681463,0.24637073278427124,0.8665757248693966,1
1767010641.8284137,-0.02512591,-0.12681463,0.02512591,0.12681463,0.24637073278427124,0.8823019461818996,1
1767010641.903069,-0.019841261,-0.0835722,0.019841261,0.0835722,0.33285559713840485,0.8363227198021215,1
1767010641.9822652,0.012329015,-0.03830982,0.012329015,0.03830982,0.42338036000728607,0.7631736231867072,1
1767010642.05497,0.0027698288,-0.050213404,0.0027698288,0.050213404,0.3995731920003891,0.7444521701832841,1
1767010642.1233947,0.0027698288,-0.050213404,0.0027698288,0.050213404,0.3995731920003891,0.7343170230200353,1
1767010642.2029622,0.008906203,-0.04959748,0.008906203,0.04959748,0.4008050411939621,0.7290641842056942,1
1767010642.274311,0.021234378,-0.047398426,0.021234378,0.047398426,0.4052031487226486,0.7308066409800775,1
1767010642.352164,0.0059280833,-0.054422922,0.0059280833,0.054422922,0.3911541551351547,0.7406988772545631,1
1767010642.429288,0.004250874,-0.056779005,0.004250874,0.056779005,0.38644199073314667,0.7494346874091851,1
1767010642.4984562,-0.0032192552,-0.077522166,0.0032192552,0.077522166,0.3449556678533554,0.7572891389284064,1
1767010642.5728228,-0.011686244,-0.05538494,0.011686244,0.05538494,0.3892301172018051,0.759817362380224,1
1767010642.6502469,-0.034424085,-0.071598075,0.034424085,0.071598075,0.35680384933948517,0.754176585178751,1
1767010642.7310145,-0.00820019,-0.06404366,0.00820019,0.06404366,0.3719126731157303,0.7329240416775433,1
1767010642.8069363,-0.00820019,-0.06404366,0.00820019,0.06404366,0.3719126731157303,0.7122764374756686,1
1767010642.8779674,-0.027158093,-0.07589675,0.027158093,0.07589675,0.3482065051794052,0.6928055430680612,1
1767010642.9467077,-0.024502631,-0.06694233,0.024502631,0.06694233,0.36611534655094147,0.6740404433089208,1
1767010643.0237153,-0.03559204,-0.071000256,0.03559204,0.071000256,0.3579994887113571,0.6565528999172223,1
1767010643.102762,-0.037571635,-0.074445195,0.037571635,0.074445195,0.3511096090078354,0.6396684374806338,1
1767010643.1658087,0.024944544,-0.041382186,0.024944544,0.041382186,0.4172356277704239,0.6234112070250997,1
1767010643.8210778,0.059189636,-0.01152619,0.059189636,0.01152619,0.476947620511055,0.6531902488661427,1
1767010643.8841112,0.048011918,-0.01003433,0.048011918,0.01003433,0.4799313396215439,0.6610470430630282,1
1767010643.9586444,0.06496765,-0.014257811,0.06496765,0.014257811,0.47148437798023224,0.6687011636813894,1
1767010644.0359697,0.064840905,-0.015347995,0.064840905,0.015347995,0.46930401027202606,0.6761617550093445,1
1767010644.1166632,0.037249297,-0.009544298,0.037249297,0.009544298,0.48091140389442444,0.6972659629621348,1
1767010644.19309,0.049133208,0.00378564,0.049133208,0.00378564,0.507571280002594,0.7268909810077425,1
1767010644.3470266,0.032756507,-0.046543173,0.032756507,0.046543173,0.4069136530160904,0.7900803796857128,1
1767010644.765985,0.052347865,0.04426562,0.052347865,0.04426562,0.5885312408208847,0.9056532511522213,1
1767010644.8455892,0.055841044,0.02488219,0.055841044,0.02488219,0.5497643798589706,0.918422558689665,1
1767010644.918655,0.053906698,0.05112749,0.053906698,0.05112749,0.6022549793124199,0.9280469241763261,1
1767010644.9972017,0.06672809,0.017029442,0.06672809,0.017029442,0.5340588837862015,0.9371354487348171,1
1767010645.075149,0.055841792,0.030300353,0.055841792,0.030300353,0.5606007054448128,0.9439973181611802,1
1767010645.1510293,0.07127256,0.03758201,0.07127256,0.03758201,0.5751640200614929,0.950572364837708,1
1767010645.2306728,0.06254624,0.03483006,0.06254624,0.03483006,0.5696601197123528,0.955998300633669,1
1767010645.2931705,0.06447659,-5.3569674e-05,0.06447659,5.3569674e-05,0.49989286065101624,0.9607366014348055,1
1767010645.3572643,0.069847256,0.050428424,0.069847256,0.050428424,0.6008568480610847,0.9648415250162762,1
1767010645.4233122,0.08535883,0.045830857,0.08535883,0.045830857,0.5916617140173912,0.9685595671370457,1
1767010645.5039346,0.056824327,0.013646863,0.056824327,0.013646863,0.5272937268018723,0.9720447630403806,1
1767010645.5752587,0.06864253,0.017421674,0.06864253,0.017421674,0.534843347966671,0.9750687565908436,1
1767010645.6514626,0.06864253,0.017421674,0.06864253,0.017421674,0.534843347966671,0.9774299617680707,1
1767010645.7174773,0.067512296,-0.013824381,0.067512296,0.013824381,0.47235123813152313,0.9795064302237401,1
1767010645.7919688,0.07772961,0.001564838,0.07772961,0.001564838,0.5031296759843826,0.9820400725243646,1
1767010645.8697426,0.0612443,0.008966811,0.0612443,0.008966811,0.5179336220026016,0.9836454160786876,1
1767010645.945171,0.08512092,0.005109355,0.08512092,0.005109355,0.5102187097072601,0.9855205797036115,1
1767010646.0261564,0.061057616,0.024104051,0.061057616,0.024104051,0.5482081025838852,0.9869502895326411,1
1767010646.0916934,0.06087151,0.013319679,0.06087151,0.013319679,0.5266393572092056,0.9885704636400318,1
1767010646.1716557,0.076522656,0.015494954,0.076522656,0.015494954,0.530989907681942,0.9895232497200958,1
1767010646.2331796,0.06128965,-0.010796167,0.06128965,0.010796167,0.4784076660871506,0.9905197794117302,1
1767010646.303165,0.07451528,0.02156061,0.07451528,0.02156061,0.5431212186813354,0.991392506852571,1
1767010646.3672342,0.05239624,-0.006398976,0.05239624,0.006398976,0.4872020483016968,0.9922710001679536,1
1767010646.4436107,0.06815747,7.199496e-05,0.06815747,7.199496e-05,0.5001439899206161,0.992947392893127,1
1767010646.5219693,0.07351478,-0.0015261173,0.07351478,0.0015261173,0.4969477653503418,0.9933957299101306,1
1767010646.600063,0.06615072,-0.020002358,0.06615072,0.020002358,0.4599952846765518,0.9938711701970877,1
1767010646.676763,0.030280564,0.090678535,0.030280564,0.090678535,0.6813570708036423,0.9945433029263333,1
1767010646.7547064,0.030280564,0.090678535,0.030280564,0.090678535,0.6813570708036423,0.9952594460063073,1
1767010646.8378766,0.055770524,0.08459377,0.055770524,0.08459377,0.6691875457763672,0.9955021676910343,1
1767010646.9029443,0.015205654,0.07045395,0.015205654,0.07045395,0.6409078985452652,0.9958364917680191,1
1767010646.9743063,0.004792151,0.09281754,0.004792151,0.09281754,0.6856350749731064,0.9962653825389299,1
1767010647.04932,0.004792151,0.09281754,0.004792151,0.09281754,0.6856350749731064,0.9963600747349264,1
1767010647.1140087,0.00081659574,0.088391945,0.00081659574,0.088391945,0.6767838895320892,0.9968398498813763,1
1767010647.1925812,0.00081659574,0.088391945,0.00081659574,0.088391945,0.6767838895320892,0.996990338421512,1
1767010647.2659698,0.010840506,0.076181024,0.010840506,0.076181024,0.652362048625946,0.9973388008553961,1
1767010647.345466,0.014315947,0.07147671,0.014315947,0.07147671,0.6429534256458282,0.9976377864994745,1
1767010647.4100916,0.0042174207,0.06375183,0.0042174207,0.06375183,0.6275036633014679,0.9976079469620838,1
1767010647.4904637,-0.010280746,0.037736714,0.010280746,0.037736714,0.575473427772522,0.9977827337736428,1
1767010647.562522,0.02728996,0.051509693,0.02728996,0.051509693,0.6030193865299225,0.9789824001669276,1
1767010647.6390924,0.0050577214,0.07490201,0.0050577214,0.07490201,0.649804025888443,0.9805149932794365,1
1767010647.7077065,0.056376606,0.0788527,0.056376606,0.0788527,0.6577053964138031,0.9810819696966293,1
1767010647.7845201,0.02137392,0.08754377,0.02137392,0.08754377,0.6750875413417816,0.9820108833566049,1
1767010647.8679833,0.006304561,0.08644053,0.006304561,0.08644053,0.6728810667991638,0.9829673676237086,1
1767010647.937686,0.033030383,0.08601521,0.033030383,0.08601521,0.6720304191112518,0.983336836612322,1
1767010648.005621,0.03471279,0.081179924,0.03471279,0.081179924,0.6623598486185074,0.9840183181819969,1
1767010648.078725,0.02734936,0.06578116,0.02734936,0.06578116,0.6315623223781586,0.9845262341931706,1
1767010648.1612408,0.03597031,0.10225207,0.03597031,0.10225207,0.7045041471719742,0.9848783493280941,1
1767010648.2375693,0.043910097,0.09984359,0.043910097,0.09984359,0.6996871829032898,0.9852572527247747,1
1767010648.3012555,0.03935901,0.111624636,0.03935901,0.111624636,0.7232492715120316,0.9860269870143313,1
1767010648.3784826,0.03935901,0.111624636,0.03935901,0.111624636,0.7232492715120316,0.9867638439649348,1
1767010648.4576073,0.034355022,0.10924156,0.034355022,0.10924156,0.7184831202030182,0.9881283552251875,1
1767010648.5359201,0.025686324,0.11478821,0.025686324,0.11478821,0.7295764237642288,0.9893350713467697,1
1767010648.6150286,0.0310288,0.11700836,0.0310288,0.11700836,0.7340167164802551,0.9904877904696634,1
1767010648.6871903,0.018533967,0.120335475,0.018533967,0.120335475,0.7406709492206573,0.9915908964960435,1
1767010648.7527933,0.020917729,0.11178608,0.020917729,0.11178608,0.723572164773941,0.9924087172249854,1
1767010648.82273,0.007046717,0.13107423,0.007046717,0.13107423,0.7621484696865082,0.9930096701591213,1
1767010648.890213,0.0068537435,0.12542126,0.0068537435,0.12542126,0.7508425116539001,0.9869644966781168,1
1767010648.9572537,0.040913045,0.114978895,0.040913045,0.114978895,0.729957789182663,0.9768940978787511,1
1767010649.0343478,-0.00081697013,0.12593667,0.00081697013,0.12593667,0.7518733441829681,0.9740905592190452,1
1767010649.1115215,0.007378456,0.12116173,0.007378456,0.12116173,0.7423234581947327,0.9672774525137372,1
1767010649.174553,0.033225644,0.10355295,0.033225644,0.10355295,0.7071059048175812,0.9590657562145145,1
1767010649.253033,0.0647152,0.09464157,0.0647152,0.09464157,0.6892831325531006,0.9559228720144484,1
1767010649.3190355,0.009201284,0.12238279,0.009201284,0.12238279,0.74476557970047,0.9575849748182403,1
1767010649.395094,-0.00013440568,0.12986499,0.00013440568,0.12986499,0.7597299814224243,0.9587903976230573,1
1767010649.4795384,-0.00013440568,0.12986499,0.00013440568,0.12986499,0.7597299814224243,0.9587159895704316,1
1767010649.5503807,0.008863802,0.114188656,0.008863802,0.114188656,0.7283773124217987,0.9561276571179342,1
1767010649.6310158,0.008863802,0.114188656,0.008863802,0.114188656,0.7283773124217987,0.9524415560427621,1
1767010649.7069511,0.024554495,0.105802074,0.024554495,0.105802074,0.7116041481494904,0.9481501039652708,1
1767010649.7850354,0.010810587,0.10959451,0.010810587,0.10959451,0.7191890180110931,0.9452445683438616,1
1767010649.8631127,0.015746914,0.13097288,0.015746914,0.13097288,0.7619457542896271,0.9420189211304288,1
1767010649.9414737,0.031778745,0.1133275,0.031778745,0.1133275,0.7266550064086914,0.937682132382731,1
1767010650.0074334,0.025145054,0.116890445,0.025145054,0.116890445,0.7337808907032013,0.9350915744889836,1
1767010650.081809,0.02405902,0.116588295,0.02405902,0.116588295,0.733176589012146,0.9329117953432732,1
1767010650.1628923,0.019829843,0.10685852,0.019829843,0.10685852,0.7137170433998108,0.9309152823845033,1
1767010650.2354474,0.033352185,0.095804736,0.033352185,0.095804736,0.6916094720363617,0.9291173575719469,1
1767010650.4423583,0.007967641,-0.09098286,0.007967641,0.09098286,0.3180342763662338,0.9182594335707597,1
1767010650.514604,0.007837972,-0.07428896,0.007837972,0.07428896,0.3514220863580704,0.9202193619017647,1
1767010650.6037033,0.0153979715,-0.09404979,0.0153979715,0.09404979,0.31190042197704315,0.9222075192088325,1
1767010650.668024,-0.042925823,0.017271262,0.042925823,0.017271262,0.5345425233244896,0.9242138979226783,1
1767010650.7353733,-0.03320987,0.038549148,0.03320987,0.038549148,0.5770982950925827,0.9114929049818514,1
1767010650.8201616,-0.037172567,0.038244765,0.037172567,0.038244765,0.5764895305037498,0.8863971065422427,1
1767010650.8911448,-0.037172567,0.038244765,0.037172567,0.038244765,0.5764895305037498,0.8614531654375972,1
1767010651.0440028,-0.00012526382,0.052910037,0.00012526382,0.052910037,0.6058200746774673,0.8164327375729726,1
1767010651.1098173,-0.02534603,0.061667062,0.02534603,0.061667062,0.6233341246843338,0.7943283812603502,1
1767010651.1865594,-0.012330693,0.041011058,0.012330693,0.041011058,0.5820221155881882,0.7728097390505911,1
1767010651.252623,0.0034612669,-0.04949168,0.0034612669,0.04949168,0.40101663768291473,0.7531784645864494,1
1767010651.3171537,0.009227443,-0.05520355,0.009227443,0.05520355,0.38959290087223053,0.7283121760744347,1
1767010651.3898318,-0.012769532,-0.05595132,0.012769532,0.05595132,0.3880973607301712,0.7115541014965034,1
1767010651.4664037,0.00069099385,-0.0601433,0.00069099385,0.0601433,0.37971340119838715,0.6917740140384524,1
1767010651.5414712,0.011968434,-0.054489978,0.011968434,0.054489978,0.3910200446844101,0.6772605263004828,1
1767010651.6213357,0.009029361,-0.069118686,0.009029361,0.069118686,0.3617626279592514,0.6716670671522303,1
1767010651.7013826,0.012549964,-0.066177644,0.012549964,0.066177644,0.3676447123289108,0.6706368709053572,1
1767010651.7788963,0.011111912,-0.07917497,0.011111912,0.07917497,0.341650053858757,0.6743577025554834,1
1767010651.8558478,0.012843664,-0.07960691,0.012843664,0.07960691,0.3407861739397049,0.6816019827064806,1
1767010651.9349604,0.017456044,-0.081851356,0.017456044,0.081851356,0.33629728853702545,0.6889663670945284,1
1767010652.0150359,0.021716239,-0.08629253,0.021716239,0.08629253,0.32741494476795197,0.6962420269565113,1
1767010652.0882413,0.010728191,-0.0786973,0.010728191,0.0786973,0.342605397105217,0.7033279607110458,1
1767010652.1742408,0.019516427,-0.0737653,0.019516427,0.0737653,0.35246939957141876,0.7099477503946303,1
1767010652.2460167,0.0085283015,-0.06858339,0.0085283015,0.06858339,0.3628332167863846,0.7163564807264546,1
1767010652.3255348,0.008921585,-0.071298756,0.008921585,0.071298756,0.3574024885892868,0.7226748421996774,1
1767010652.4030242,0.016966788,-0.062459923,0.016966788,0.062459923,0.3750801533460617,0.7287281005848889,1
1767010652.4771216,-0.0010970589,-0.07340043,0.0010970589,0.07340043,0.35319913923740387,0.7347153328760434,1
1767010652.5445113,0.015117965,-0.06437906,0.015117965,0.06437906,0.37124188244342804,0.7405317366156929,1
1767010652.619224,0.006819926,-0.08985289,0.006819926,0.08985289,0.32029421627521515,0.7577749886327614,1
1767010652.683344,0.009097323,-0.08479703,0.009097323,0.08479703,0.33040593564510345,0.7802932459599616,1
1767010652.7559333,0.006639364,-0.085242994,0.006639364,0.085242994,0.3295140117406845,0.8051153967922653,1
1767010652.8279884,0.008838214,-0.07823137,0.008838214,0.07823137,0.34353725612163544,0.8289820405812613,1
1767010652.896462,0.0072531756,-0.08268421,0.0072531756,0.08268421,0.3346315771341324,0.8505347345459354,1
1767010652.9757223,0.009568641,-0.06865791,0.009568641,0.06865791,0.3626841753721237,0.8693522071911389,1
1767010653.0475798,0.0010511251,-0.06607256,0.0010511251,0.06607256,0.36785487830638885,0.8858400806890688,1
1767010653.116647,0.005112092,-0.07397141,0.005112092,0.07397141,0.35205717384815216,0.8997580111163979,1
1767010653.1961157,-0.0034284526,-0.05974675,0.0034284526,0.05974675,0.3805065006017685,0.9114398185473556,1
1767010653.2612488,0.0053002387,-0.082075454,0.0053002387,0.082075454,0.3358490914106369,0.9105124602796932,1
1767010653.3380637,-0.0051894216,-0.038871087,0.0051894216,0.038871087,0.42225782573223114,0.912429635048272,1
1767010653.4113414,0.0082565155,-0.051970728,0.0082565155,0.051970728,0.3960585445165634,0.9002803005529529,1
1767010653.4924347,-0.0060348464,-0.0474334,0.0060348464,0.0474334,0.4051332026720047,0.8969231982659056,1
1767010653.5699692,0.0024725348,-0.069991775,0.0024725348,0.069991775,0.36001645028591156,0.8840645986493105,1
1767010653.6350365,-0.007929892,-0.04994335,0.007929892,0.04994335,0.4001132994890213,0.8743511774345888,1
1767010653.7124016,0.00014156941,-0.039624788,0.00014156941,0.039624788,0.4207504242658615,0.8589081977898402,1
1767010653.794784,-0.0054927645,-0.047388017,0.0054927645,0.047388017,0.4052239656448364,0.8464470940232238,1
1767010653.881803,-0.035513584,0.05623262,0.035513584,0.05623262,0.6124652400612831,0.830921061392164,1
1767010654.0344815,-0.03848998,0.03454457,0.03848998,0.03454457,0.5690891370177269,0.7760782323332069,1
1767010656.8326395,-0.038730085,0.017441351,0.038730085,0.017441351,0.5348827019333839,0.026874251791592654,1
1767010657.412357,-0.03813398,0.019619484,0.03813398,0.019619484,0.5392389670014381,0.011474474263526876,1
1767010657.6306374,-0.01701048,-0.05915735,0.01701048,0.05915735,0.3816853016614914,0.007088071685286593,1
1767010657.7092626,-0.0062663453,-0.071087815,0.0062663453,0.071087815,0.357824370265007,0.0048167450984647345,1
1767010657.787494,-0.011146053,-0.089506425,0.011146053,0.089506425,0.32098715007305145,0.003371228622562852,1
1767010657.8605568,-0.011146053,-0.089506425,0.011146053,0.089506425,0.32098715007305145,0.0021139831062061162,1
1767010657.9255717,-0.004442823,-0.112841465,0.004442823,0.112841465,0.27431707084178925,0.0012497980967126703,1
1767010658.0035436,-0.0054182103,-0.10785759,0.0054182103,0.10785759,0.2842848151922226,0.0005003054068386192,1
1767010658.082417,-0.018846054,-0.101249404,0.018846054,0.101249404,0.29750119149684906,0.0,1
1767010658.1615534,-0.0019330038,-0.109191336,0.0019330038,0.109191336,0.28161732852458954,0.0,1
1767010658.2998183,0.051893454,-0.022402689,0.051893454,0.022402689,0.4551946222782135,0.013608540576570115,1
1767010658.3792746,0.051893454,-0.022402689,0.051893454,0.022402689,0.4551946222782135,0.11180684978014002,1
1767010658.4541836,0.05209425,-0.017176628,0.05209425,0.017176628,0.46564674377441406,0.19400119178928404,1
1767010658.538111,0.07097076,-0.014300235,0.07097076,0.014300235,0.47139953076839447,0.2533978375278547,1
1767010658.600125,0.059548773,-0.010832973,0.059548773,0.010832973,0.47833405435085297,0.2972506875872152,1
1767010658.6719286,0.0604834,-0.019738466,0.0604834,0.019738466,0.4605230689048767,0.33135924554288465,1
1767010658.7587266,0.07400309,-0.013028987,0.07400309,0.013028987,0.47394202649593353,0.3599468033510035,1
1767010658.8287928,0.058948837,-0.022161283,0.058948837,0.022161283,0.45567743480205536,0.38336264405206955,1
1767010658.9072542,0.04840069,-0.008706696,0.04840069,0.008706696,0.482586607336998,0.40451720251110873,1
1767010658.9881423,0.038848866,-0.029639088,0.038848866,0.029639088,0.4407218247652054,0.4226741540598972,1
1767010659.5802934,0.03728823,-0.02715195,0.03728823,0.02715195,0.4456961005926132,0.780476087038065,1
1767010659.6538084,0.03690259,-0.022538029,0.03690259,0.022538029,0.45492394268512726,0.81019468265326,1
1767010659.7286305,-0.0072928155,-0.09908707,0.0072928155,0.09908707,0.3018258661031723,0.8346775302749333,1
1767010659.810289,-0.0028200848,-0.091889,0.0028200848,0.091889,0.3162219971418381,0.8572860986019633,1
1767010659.8923695,0.0061498247,-0.07985861,0.0061498247,0.07985861,0.34028278291225433,0.8754706435252594,1
1767010659.9675555,0.0018126173,-0.09451199,0.0018126173,0.09451199,0.3109760135412216,0.8903171478158174,1
1767010660.043646,0.0074711107,-0.084773816,0.0074711107,0.084773816,0.3304523676633835,0.9032111741936266,1
1767010660.123602,0.001143882,-0.05537661,0.001143882,0.05537661,0.38924677670001984,0.9142010189458749,1
1767010660.204662,0.00398988,-0.053618394,0.00398988,0.053618394,0.3927632123231888,0.9238564226150379,1
1767010660.2686732,-0.0076313736,-0.042036243,0.0076313736,0.042036243,0.4159275144338608,0.9326872797434362,1
1767010660.467273,-0.0275914,0.061193146,0.0275914,0.061193146,0.6223862916231155,0.8586632644588553,1
1767010660.5428371,0.036248907,0.10406641,0.036248907,0.10406641,0.7081328183412552,0.8025562273427664,1
1767010660.6212425,0.038495842,0.09283468,0.038495842,0.09283468,0.6856693625450134,0.7776771422080314,1
1767010660.6996045,0.11119147,0.067415945,0.11119147,0.067415945,0.634831890463829,0.7717348147598007,1
1767010660.7621558,0.13330625,0.052177783,0.13330625,0.052177783,0.6043555662035942,0.780613442746009,1
1767010660.836026,0.1428802,0.03720006,0.1428802,0.03720006,0.5744001194834709,0.7897778183834576,1
1767010660.9123673,0.147073,0.044394292,0.147073,0.044394292,0.5887885838747025,0.7987095353300514,1
1767010660.9880786,0.14387861,0.041723162,0.14387861,0.041723162,0.5834463238716125,0.8057527536810558,1
1767010827.4507146,0.016968716,-0.0962136,0.016968716,0.0962136,0.30757279694080353,0.5027795718143779,1
1767010827.523519,0.016968716,-0.0962136,0.016968716,0.0962136,0.30757279694080353,0.4963325025788493,1
1767010827.600974,0.018540334,-0.07160864,0.018540334,0.07160864,0.3567827194929123,0.49597978258593284,1
1767010827.6699917,0.041229296,-0.07509755,0.041229296,0.07509755,0.3498048931360245,0.49775135545454063,1
1767010827.745831,-0.015368541,-0.11854216,0.015368541,0.11854216,0.2629156857728958,0.500584354014074,1
1767010827.9484875,0.07652092,-0.008658253,0.07652092,0.008658253,0.4826834946870804,0.4908475124368326,1
1767010828.0212166,0.09590206,-0.019765921,0.09590206,0.019765921,0.4604681581258774,0.49564877049853423,1
1767010828.0975003,0.1122078,-0.015311189,0.1122078,0.015311189,0.46937762200832367,0.5047334100779788,1
1767010828.1751862,0.10758908,-0.0027490035,0.10758908,0.0027490035,0.494501993060112,0.5146628996391523,1
1767010828.2592757,0.117606945,-0.01059705,0.117606945,0.01059705,0.47880589962005615,0.5252359627579416,1
1767010828.3302758,0.11807912,-0.006770827,0.11807912,0.006770827,0.48645834624767303,0.5356010506080816,1
1767010828.3927276,0.087012604,0.010868087,0.087012604,0.010868087,0.5217361748218536,0.5460023731499768,1
1767010828.4577508,0.13206102,0.011217646,0.13206102,0.011217646,0.5224352926015854,0.5562522633678731,1
1767010828.8144274,0.03877262,-0.021547638,0.03877262,0.021547638,0.45690472424030304,0.5998247078568975,1
1767010828.9745276,0.05877238,-0.02604729,0.05877238,0.02604729,0.44790542125701904,0.614724295221134,1
1767010829.054007,0.054839436,-0.045245297,0.054839436,0.045245297,0.40950940549373627,0.6231337944216464,1
1767010829.5056252,-0.007984412,-0.049111046,0.007984412,0.049111046,0.401777908205986,0.6586395728261815,1
1767010829.5847886,0.008926477,-0.042518407,0.008926477,0.042518407,0.4149631857872009,0.6591379148982202,1
1767010829.6611228,0.018754065,-0.07084922,0.018754065,0.07084922,0.3583015650510788,0.6587300788217704,1
1767010829.7389457,0.018754065,-0.07084922,0.018754065,0.07084922,0.3583015650510788,0.6598262270337865,1
1767010829.8043864,0.022819147,-0.06164784,0.022819147,0.06164784,0.3767043203115463,0.6618520257177797,1
1767010829.882567,0.021470573,-0.07246005,0.021470573,0.07246005,0.35507990419864655,0.6643548086427532,1
1767010829.9584103,0.01183901,-0.106982596,0.01183901,0.106982596,0.28603480756282806,0.6679591630144494,1
1767010830.036163,0.0037707025,-0.10805283,0.0037707025,0.10805283,0.283894345164299,0.6735115043517823,1
1767010830.1156156,0.028789261,-0.116691075,0.028789261,0.116691075,0.2666178494691849,0.6778921123002833,1
1767010830.1979535,0.018808234,-0.11288596,0.018808234,0.11288596,0.2742280811071396,0.68608359736928,1
1767010830.2707362,0.016410893,-0.04178144,0.016410893,0.04178144,0.4164371192455292,0.6935660658981354,1
1767010830.3477669,0.0038504982,-0.075119786,0.0038504982,0.075119786,0.34976042807102203,0.7021780350075741,1
1767010830.4312384,0.042263333,-0.0046680123,0.042263333,0.0046680123,0.49066397547721863,0.7072514981566222,1
1767010830.4942527,0.05168418,-0.0017149001,0.05168418,0.0017149001,0.4965701997280121,0.7121821259045367,1
1767010830.5651789,0.05168418,-0.0017149001,0.05168418,0.0017149001,0.4965701997280121,0.7168633437818391,1
1767010830.6415887,0.042457752,0.014871798,0.042457752,0.014871798,0.5297435969114304,0.7209546724632017,1
1767010830.7227194,0.042457752,0.014871798,0.042457752,0.014871798,0.5297435969114304,0.7239400304563526,1
1767010830.7983067,0.044517506,0.010504998,0.044517506,0.010504998,0.5210099965333939,0.7257741965854521,1
1767010830.93778,0.07521422,0.004057318,0.07521422,0.004057318,0.5081146359443665,0.7268236639562604,1
1767010831.0156565,0.07521422,0.004057318,0.07521422,0.004057318,0.5081146359443665,0.7316021777234506,1
1767010831.0946326,0.08902688,-0.024136163,0.08902688,0.024136163,0.4517276734113693,0.7376581773981248,1
1767010831.1696808,0.04458731,0.0003239885,0.04458731,0.0003239885,0.5006479769945145,0.7438821559017337,1
1767010831.2346897,0.04458731,0.0003239885,0.04458731,0.0003239885,0.5006479769945145,0.7495443838390674,1
1767010831.3127143,0.061044287,-0.013842218,0.061044287,0.013842218,0.47231556475162506,0.7550528327655736,1
1767010831.3753872,0.014712717,-0.08939434,0.014712717,0.08939434,0.3212113231420517,0.7606093032849734,1
1767010831.4523346,0.015145594,-0.07494233,0.015145594,0.07494233,0.3501153439283371,0.7668649482202333,1
1767010831.533106,0.015145594,-0.07494233,0.015145594,0.07494233,0.3501153439283371,0.7723468541748273,1
1767010831.609855,0.012547999,-0.087880395,0.012547999,0.087880395,0.32423920929431915,0.7775825341251774,1
1767010831.6843312,0.039733406,-0.07458071,0.039733406,0.07458071,0.3508385866880417,0.7828129723235682,1
1767010831.748333,0.017969016,-0.060258426,0.017969016,0.060258426,0.3794831484556198,0.7875167659858284,1
1767010831.826395,0.017969016,-0.060258426,0.017969016,0.060258426,0.3794831484556198,0.7920741835438035,1
1767010831.900759,0.009357827,-0.085239016,0.009357827,0.085239016,0.329521968960762,0.7960854142320317,1
1767010831.9636497,0.0066527543,-0.08132989,0.0066527543,0.08132989,0.33734022080898285,0.7996626853042568,1
1767010832.0450132,0.037111465,-0.078894936,0.037111465,0.078894936,0.342210128903389,0.8018911001339382,1
1767010832.125101,0.016913097,-0.088571586,0.016913097,0.088571586,0.3228568285703659,0.8062362519743071,1
1767010832.2032104,0.013199539,-0.08135282,0.013199539,0.08135282,0.3372943550348282,0.8105808825633524,1
1767010832.278709,0.023358919,-0.07588545,0.023358919,0.07588545,0.3482290953397751,0.8145128544446184,1
1767010832.3434393,0.020991247,-0.077351265,0.020991247,0.077351265,0.3452974706888199,0.8184135913615015,1
1767010832.4167583,0.013157187,-0.04215964,0.013157187,0.04215964,0.4156807214021683,0.8222104534569714,1
1767010832.7177622,0.05761759,0.026946224,0.05761759,0.026946224,0.5538924485445023,0.8193761998939445,1
1767010832.7908037,0.08063675,0.04319053,0.08063675,0.04319053,0.5863810628652573,0.8189492860140316,1
1767010832.8721387,0.057700034,0.045247596,0.057700034,0.045247596,0.590495191514492,0.8234206644562562,1
1767010832.9464133,0.08582228,0.019212082,0.08582228,0.019212082,0.538424164056778,0.82723803868837,1
1767010833.0084615,0.1356695,0.068699956,0.1356695,0.068699956,0.6373999118804932,0.8312590968569251,1
1767010833.0843875,0.12749653,0.071381174,0.12749653,0.071381174,0.6427623480558395,0.8350499647535707,1
1767010833.1681268,0.14283705,0.069488734,0.14283705,0.069488734,0.6389774680137634,0.8387682605722007,1
1767010833.229702,0.14283705,0.069488734,0.14283705,0.069488734,0.6389774680137634,0.8424112874526188,1
1767010833.2954414,0.047996838,-0.007059522,0.047996838,0.007059522,0.4858809560537338,0.8457875499554173,1
1767010833.3651721,0.053595383,-0.02868276,0.053595383,0.02868276,0.4426344782114029,0.8502815245602974,1
1767010833.4432297,0.03511237,-0.021910362,0.03511237,0.021910362,0.45617927610874176,0.8548556008045285,1
1767010833.5249028,0.03511237,-0.021910362,0.03511237,0.021910362,0.45617927610874176,0.85871444519605,1
1767010833.5979316,0.03511237,-0.021910362,0.03511237,0.021910362,0.45617927610874176,0.8622275203575505,1
1767010833.6753895,0.052832875,-0.05056844,0.052832875,0.05056844,0.39886312186717987,0.871079233511767,1
1767010833.7521894,0.019773677,-0.0545244,0.019773677,0.0545244,0.3909512013196945,0.8853592554298426,1
1767010833.8172133,0.060472604,-0.059470616,0.060472604,0.059470616,0.3810587674379349,0.8921705893691644,1
1767010833.8944788,0.02285311,-0.046871305,0.02285311,0.046871305,0.40625739097595215,0.8996900793362008,1
1767010833.9695592,0.022251783,-0.09140801,0.022251783,0.09140801,0.3171839863061905,0.9052100262870587,1
1767010834.045792,0.022251783,-0.09140801,0.022251783,0.09140801,0.3171839863061905,0.9086299713101388,1
1767010834.1123538,0.022308227,-0.1154521,0.022308227,0.1154521,0.2690957933664322,0.9115022408575956,1
1767010834.1940506,0.043068677,-0.1056151,0.043068677,0.1056151,0.28876979649066925,0.9144274554640801,1
1767010834.266187,0.066915095,-0.08437393,0.066915095,0.08437393,0.3312521427869797,0.9168895228220388,1
1767010834.3302276,0.02984152,-0.11299408,0.02984152,0.11299408,0.27401183545589447,0.9190055389107604,1
1767010834.4081564,0.02984152,-0.11299408,0.02984152,0.11299408,0.27401183545589447,0.9211803379896752,1
1767010834.4731834,0.046522256,-0.021103874,0.046522256,0.021103874,0.4577922523021698,0.9231528854692768,1
1767010834.5471945,0.08172007,-0.06376437,0.08172007,0.06376437,0.37247125804424286,0.9247905467006806,1
1767010834.626977,0.07588194,-0.06325806,0.07588194,0.06325806,0.37348388135433197,0.9258312329985311,1
1767010834.6926866,0.07588194,-0.06325806,0.07588194,0.06325806,0.37348388135433197,0.9309715312439104,1
1767010834.771493,0.07473807,-0.07437562,0.07473807,0.07437562,0.35124875605106354,0.9375159517010713,1
1767010834.8491473,0.08200828,-0.08664898,0.08200828,0.08664898,0.3267020434141159,0.9472451107366846,1
1767010834.9259443,0.08118995,-0.07058843,0.08118995,0.07058843,0.35882313549518585,0.9579772405137817,1
1767010835.0039926,0.06206381,-0.05409012,0.06206381,0.05409012,0.3918197602033615,0.966765289223877,1
1767010838.7330723,-0.038209826,0.059227966,0.038209826,0.059227966,0.6184559315443039,0.6602345113217974,1
1767010838.8073046,-0.043040056,0.091270246,0.043040056,0.091270246,0.6825404912233353,0.6530138423706475,1
1767010838.8745694,-0.040521637,0.0707338,0.040521637,0.0707338,0.6414676010608673,0.6374568952948312,1
1767010838.9476035,-0.040692955,0.047976237,0.040692955,0.047976237,0.5959524735808372,0.6221684941046854,1
1767010839.0151703,-0.041560605,0.06156933,0.041560605,0.06156933,0.6231386587023735,0.6071465413649164,1
1767010839.0918012,-0.03129961,-0.062534876,0.03129961,0.062534876,0.3749302476644516,0.5926784141916518,1
1767010839.173087,-0.0403533,-0.017156892,0.0403533,0.017156892,0.46568621695041656,0.57218800007007,1
1767010839.245781,-0.03887376,-0.011170767,0.03887376,0.011170767,0.4776584655046463,0.558536956006905,1
1767010839.3121505,-0.046243608,0.035075855,0.046243608,0.035075855,0.5701517090201378,0.5481889813760806,1
1767010839.3785067,-0.048148666,0.043056834,0.048148666,0.043056834,0.5861136689782143,0.536621646008807,1
1767010839.6030874,-0.03368772,0.038043868,0.03368772,0.038043868,0.5760877355933189,0.5063237250911858,1
1767010839.9330273,0.023006005,-0.041383497,0.023006005,0.041383497,0.41723300516605377,0.4833792005951807,1
1767010840.7581065,-0.0069810553,0.0546261,0.0069810553,0.0546261,0.6092521995306015,0.4763691515164267,1
1767010841.052297,0.020399503,0.044759683,0.020399503,0.044759683,0.5895193666219711,0.47664450491611243,1
1767010841.269027,0.012180793,0.03932867,0.012180793,0.03932867,0.5786573365330696,0.47945524008325435,1
1767010841.3457763,0.012180793,0.03932867,0.012180793,0.03932867,0.5786573365330696,0.48035216213601944,1
1767010842.748867,0.008623978,-0.04888486,0.008623978,0.04888486,0.40223027765750885,0.48531156768951256,1
1767010843.125049,0.010156636,0.041474387,0.010156636,0.041474387,0.58294877409935,0.48752225397651006,1
1767010843.2052264,0.015340378,0.042244025,0.015340378,0.042244025,0.5844880491495132,0.4885881839821905,1
1767010843.2823117,0.010368756,0.041452307,0.010368756,0.041452307,0.582904614508152,0.4895932595921921,1
1767010843.4256382,0.02382823,0.052374497,0.02382823,0.052374497,0.6047489941120148,0.4913999596601718,1
1767010843.5103664,0.0654335,0.040208276,0.0654335,0.040208276,0.5804165527224541,0.4939259946029426,1
1767010843.581315,0.0654335,0.040208276,0.0654335,0.040208276,0.5804165527224541,0.5022597829861399,1
1767010843.6578398,-0.0112127,0.058937304,0.0112127,0.058937304,0.6178746074438095,0.5146111006636621,1
1767010843.7248542,-0.011536672,0.056358665,0.011536672,0.056358665,0.61271733045578,0.5231780478958449,1
1767010843.8006516,-0.020751074,0.0686006,0.020751074,0.0686006,0.6372012048959732,0.528540259905182,1
1767010843.8787842,-0.030348815,0.057475723,0.030348815,0.057475723,0.6149514466524124,0.5304289959557281,1
1767010843.9569983,-0.023896147,0.06436128,0.023896147,0.06436128,0.6287225633859634,0.5295348303931955,1
1767010844.0379999,-0.02346034,0.05753448,0.02346034,0.05753448,0.6150689572095871,0.5267201990581591,1
1767010844.1161842,-0.02023891,0.06263009,0.02023891,0.06263009,0.6252601742744446,0.5228423662658745,1
1767010844.1979084,-0.017752137,0.06909369,0.017752137,0.06909369,0.6381873786449432,0.5180691840093556,1
1767010844.2726076,-0.041239418,0.079026066,0.041239418,0.079026066,0.6580521315336227,0.5123388277449334,1
1767010844.3525758,-0.047118615,0.07437665,0.047118615,0.07437665,0.6487533003091812,0.5018111128931563,1
1767010844.4287395,-0.04541274,0.07321538,0.04541274,0.07321538,0.6464307606220245,0.49004881027053926,1
1767010844.6510906,0.050040558,-0.10992583,0.050040558,0.10992583,0.28014834225177765,0.44993227723516716,1
1767010844.7243457,0.053568363,-0.09898641,0.053568363,0.09898641,0.3020271807909012,0.4529853896262772,1
1767010844.8043165,0.063471876,-0.100611575,0.063471876,0.100611575,0.29877685010433197,0.46646462533552396,1
1767010844.8863466,0.059369113,-0.09818075,0.059369113,0.09818075,0.3036385029554367,0.4791008580572435,1
1767010844.959878,0.059130322,-0.10016867,0.059130322,0.10016867,0.29966266453266144,0.4912100376814478,1
1767010845.0369437,0.026208434,0.0392979,0.026208434,0.0392979,0.5785958021879196,0.5030681618072493,1
1767010845.1132007,0.038610287,0.030986518,0.038610287,0.030986518,0.5619730353355408,0.5225719771345244,1
1767010845.189298,0.037530515,0.015378177,0.037530515,0.015378177,0.5307563543319702,0.5379842364908816,1
1767010845.2539318,0.037530515,0.015378177,0.037530515,0.015378177,0.5307563543319702,0.550634514244785,1
1767010845.9745398,-0.012782265,0.03951056,0.012782265,0.03951056,0.579021118581295,0.5857298262904085,1
1767010846.0475125,-0.025627341,0.036165323,0.025627341,0.036165323,0.5723306462168694,0.5843429872460667,1
1767010846.1293957,-0.031508576,0.044823527,0.031508576,0.044823527,0.5896470546722412,0.582454813531022,1
1767010846.3549614,-0.024618369,0.04328473,0.024618369,0.04328473,0.5865694582462311,0.5792265187328813,1
1767010846.4236639,-0.03441785,0.03966099,0.03441785,0.03966099,0.5793219804763794,0.5757586493401303,1
1767010846.4909341,-0.044034656,0.04660753,0.044034656,0.04660753,0.5932150632143021,0.5712597381009026,1
1767010846.5647407,-0.03140677,0.03947225,0.03140677,0.03947225,0.5789444968104362,0.5643150274837054,1
1767010847.0951931,-0.0062419595,-0.053844936,0.0062419595,0.053844936,0.39231012761592865,0.5330387542420136,1
1767010847.1745756,-0.0017445022,-0.052980565,0.0017445022,0.052980565,0.3940388709306717,0.5299935001388586,1
1767010847.2477584,0.0020700945,-0.04695016,0.0020700945,0.04695016,0.40609967708587646,0.5279099493242174,1
1767010847.3885498,0.017022328,-0.053636618,0.017022328,0.053636618,0.39272676408290863,0.525100281232134,1
1767010847.4505713,0.05317808,0.012909807,0.05317808,0.012909807,0.5258196145296097,0.5249187922309517,1
1767010847.5931978,0.054913353,0.013607666,0.054913353,0.013607666,0.5272153317928314,0.5283354473962408,1
1767010847.6790485,0.099361315,0.057914726,0.099361315,0.057914726,0.6158294528722763,0.532056672472236,1
1767010847.7480314,0.07279847,-0.011569202,0.07279847,0.011569202,0.4768615961074829,0.5428674802128808,1
1767010847.8298557,0.1360103,0.048625037,0.1360103,0.048625037,0.5972500741481781,0.5550252293678937,1
1767010847.9066396,0.114276186,0.01605668,0.114276186,0.01605668,0.5321133583784103,0.5657293216055279,1
1767010848.177584,-0.038889848,0.011488296,0.038889848,0.011488296,0.5229765921831131,0.6034571814025446,1
1767010848.7306035,0.042065065,-0.07044136,0.042065065,0.07044136,0.3591172844171524,0.6419153068615236,1
1767010848.904409,-0.04086948,0.0152027905,0.04086948,0.0152027905,0.530405580997467,0.6495185475115143,1
1767010848.9782934,-0.0859215,0.02987744,0.0859215,0.02987744,0.559754878282547,0.6534360451555747,1
1767010849.1512058,0.08775498,-0.04098081,0.08775498,0.04098081,0.41803838312625885,0.6454500038161283,1
1767010849.2340584,-0.0014598304,-0.08512867,0.0014598304,0.08512867,0.3297426551580429,0.648661850876313,1
1767010849.308467,-0.061499182,-0.022811376,0.061499182,0.022811376,0.4543772488832474,0.6505182121572834,1
1767010849.3865447,0.059498023,-0.03210646,0.059498023,0.03210646,0.4357870817184448,0.6472471397722837,1
1767010849.4599125,0.031941712,-0.07449687,0.031941712,0.07449687,0.35100625455379486,0.6488209206180486,1
1767010849.8918915,0.11351122,-0.03813053,0.11351122,0.03813053,0.4237389415502548,0.6506532308079185,1
1767010849.9603894,0.120065376,-0.041728273,0.120065376,0.041728273,0.41654345393180847,0.6617094151862941,1
1767010850.101478,0.07297988,-0.010400213,0.07297988,0.010400213,0.4791995733976364,0.6773750852586706,1
1767010850.1809006,0.085589506,-0.02417314,0.085589506,0.02417314,0.45165371894836426,0.6832798337204795,1
1767010850.2589495,0.07421351,-0.019402362,0.07421351,0.019402362,0.46119527518749237,0.6864647334058134,1
1767010850.333435,0.008404775,-0.1079837,0.008404775,0.1079837,0.28403259813785553,0.6930643699240866,1
1767010850.6003075,-0.07159434,-0.038361482,0.07159434,0.038361482,0.42327703535556793,0.7020503571150786,1
1767010850.6855326,-0.021044321,-0.10911625,0.021044321,0.10911625,0.28176750242710114,0.7123238647692529,1
1767010850.7555861,-0.081750065,-0.05612161,0.081750065,0.05612161,0.3877567797899246,0.7158162076081667,1
1767010850.8299038,0.018415842,-0.086330675,0.018415842,0.086330675,0.32733865082263947,0.7059583940939316,1
1767010850.895919,0.028080296,-0.11513961,0.028080296,0.11513961,0.26972077786922455,0.6991228705237074,1
1767010850.9740174,0.017259225,-0.11570106,0.017259225,0.11570106,0.26859788596630096,0.699824092384908,1
1767010851.1138253,-0.032160483,-0.046873704,0.032160483,0.046873704,0.40625259280204773,0.7047969761467602,1
1767010851.4219317,-0.05083074,-0.16390598,0.05083074,0.16390598,0.17218804359436035,0.6911008951680424,1
1767010851.4881647,0.036760587,-0.073327966,0.036760587,0.073327966,0.35334406793117523,0.6648402036442838,1
1767010851.6279688,-0.0051951194,-0.045234643,0.0051951194,0.045234643,0.40953071415424347,0.6398481393507303,1
1767010851.709137,-0.041580297,-0.21160153,0.041580297,0.21160153,0.07679694890975952,0.6298975490310553,1
1767010851.786253,0.065770134,-0.023083098,0.065770134,0.023083098,0.45383380353450775,0.6058978172418535,1
1767010853.275278,-0.05098774,-0.04533861,0.05098774,0.04533861,0.4093227833509445,0.5387672171575555,1
1767010853.3559902,-0.04633666,-0.010250278,0.04633666,0.010250278,0.4794994443655014,0.5334617427794583,1
1767010853.42904,-0.060721803,-0.034718096,0.060721803,0.034718096,0.4305638074874878,0.5285019818716433,1
1767010854.2379107,-0.03294734,-0.04436034,0.03294734,0.04436034,0.4112793207168579,0.5174091451060712,1
1767010854.3275561,-0.051281024,-0.030730791,0.051281024,0.030730791,0.43853841722011566,0.5080581735061369,1
1767010856.7799242,-0.03272016,0.08148962,0.03272016,0.08148962,0.662979245185852,0.4994370019474189,1
1767010856.857416,-0.029811814,0.103878155,0.029811814,0.103878155,0.7077563107013702,0.4847929336843063,1
1767010857.0127132,-0.020383772,0.05853281,0.020383772,0.05853281,0.6170656234025955,0.4616658281159572,1
1767010857.0914474,-0.0155670615,0.04216305,0.0155670615,0.04216305,0.5843261033296585,0.4525326195847228,1
1767010857.172504,-0.017514925,0.04554237,0.017514925,0.04554237,0.5910847410559654,0.44611328799060734,1
1767010857.3106139,-0.022156015,0.0577704,0.022156015,0.0577704,0.6155408024787903,0.43766901993152507,1
1767010857.387059,-0.026265915,0.04277568,0.026265915,0.04277568,0.5855513587594032,0.4344565714761504,1
1767010857.461077,-0.027341675,0.03954724,0.027341675,0.03954724,0.5790944769978523,0.43110817252951616,1
1767010857.6249022,-0.032428462,0.045736995,0.032428462,0.045736995,0.5914739891886711,0.42571432336519777,1
1767010857.7671115,-0.026329499,0.05583641,0.026329499,0.05583641,0.6116728186607361,0.42109583016662566,1
1767010857.84471,-0.023510464,0.061344415,0.023510464,0.061344415,0.6226888298988342,0.4185287153175358,1
1767010857.9182417,0.04507136,0.03041064,0.04507136,0.03041064,0.5608212798833847,0.41487579963114013,1
1767010857.9947462,0.04674387,0.05380934,0.04674387,0.05380934,0.6076186820864677,0.4153234596772315,1
1767010858.0782702,0.06549676,-0.007605076,0.06549676,0.007605076,0.4847898483276367,0.4196795496159664,1
1767010858.1533604,0.06592047,0.028529443,0.06592047,0.028529443,0.5570588856935501,0.43038707133428733,1
1767010858.2294884,0.044323172,0.043948747,0.044323172,0.043948747,0.5878974944353104,0.44303714437512076,1
1767010858.305248,0.05438824,0.019813284,0.05438824,0.019813284,0.5396265685558319,0.458701563000552,1
1767010858.384424,0.08532325,0.041859563,0.08532325,0.041859563,0.5837191268801689,0.47341263122242877,1
1767010858.4629364,0.090167716,0.03654228,0.090167716,0.03654228,0.5730845630168915,0.4879080343753932,1
1767010858.540224,0.09528274,0.050925054,0.09528274,0.050925054,0.6018501073122025,0.5011661392620093,1
1767010858.6022377,0.087232254,0.03815507,0.087232254,0.03815507,0.5763101428747177,0.5138592632657474,1
1767010858.6682258,0.105122715,0.04511179,0.105122715,0.04511179,0.5902235805988312,0.5259562799219872,1
1767010858.7482717,-0.0037245573,0.04768931,0.0037245573,0.04768931,0.5953786224126816,0.5376171631773033,1
1767010858.8219223,-0.0007519899,0.062050585,0.0007519899,0.062050585,0.6241011694073677,0.5487841209820277,1
1767010858.9029806,-0.0034637013,0.04540447,0.0034637013,0.04540447,0.5908089429140091,0.5597837334912896,1
1767010860.554995,0.0042044492,-0.03722883,0.0042044492,0.03722883,0.42554233968257904,0.619448461510098,1
1767010860.7121818,0.010440335,-0.040142924,0.010440335,0.040142924,0.41971415281295776,0.6146915186236137,1
1767010861.0632455,0.010424195,-0.039573863,0.010424195,0.039573863,0.42085227370262146,0.6057369730574222,1
1767010862.1189055,0.033867978,-0.06024628,0.033867978,0.06024628,0.3795074373483658,0.5734863926462132,1
1767010862.1960564,-0.009190985,-0.03699979,0.009190985,0.03699979,0.4260004162788391,0.5755156396984937,1
1767010863.6482573,-0.028465483,-0.04538084,0.028465483,0.04538084,0.4092383235692978,0.5531058676047697,1
1767010863.7218442,-0.03129184,-0.068187244,0.03129184,0.068187244,0.36362551152706146,0.5500934220496447,1
1767010863.787867,-0.024607513,-0.054592945,0.024607513,0.054592945,0.3908141106367111,0.5439328412041985,1
1767010863.8514473,-0.065532066,-0.06038875,0.065532066,0.06038875,0.37922249734401703,0.5379428343920722,1
1767010863.9261482,-0.033526782,-0.051456623,0.033526782,0.051456623,0.3970867544412613,0.5249759970250167,1
1767010863.9915423,-0.04416937,-0.059468098,0.04416937,0.059468098,0.3810638040304184,0.5126209110148336,1
1767010864.059199,-0.04416937,-0.059468098,0.04416937,0.059468098,0.3810638040304184,0.5004472354657761,1
1767010864.1256387,-0.054242637,-0.06331167,0.054242637,0.06331167,0.37337665259838104,0.4886916672248319,1
1767010864.1966546,-0.045928653,-0.072528,0.045928653,0.072528,0.35494400560855865,0.47718473876980516,1
1767010864.2775004,-0.05893754,-0.074889414,0.05893754,0.074889414,0.3502211719751358,0.46577779182949636,1
1767010864.3468614,-0.03506862,-0.046463653,0.03506862,0.046463653,0.40707269310951233,0.45470820590492655,1
1767010864.4262874,-0.043733463,-0.048353985,0.043733463,0.048353985,0.4032920300960541,0.443828757524453,1
1767010864.5071735,-0.055341553,-0.06594931,0.055341553,0.06594931,0.3681013733148575,0.4334223701502127,1
1767010864.585151,-0.059707794,-0.069346584,0.059707794,0.069346584,0.361306831240654,0.40426076913354303,1
1767010864.6590703,-0.053488676,-0.067605145,0.053488676,0.067605145,0.3647897094488144,0.36284916047421234,1
1767010864.7391493,-0.060596686,-0.07738327,0.060596686,0.07738327,0.3452334553003311,0.3181621706787722,1
1767010864.8170025,-0.028583232,-0.046375744,0.028583232,0.046375744,0.40724851191043854,0.27691699736839814,1
1767010864.8943193,-0.05886579,-0.07880255,0.05886579,0.07880255,0.3423949033021927,0.2379800410454379,1
1767010864.9774458,-0.053472977,-0.07814681,0.053472977,0.07814681,0.3437063843011856,0.2084403026035788,1
1767010865.0505862,-0.035951495,-0.055916168,0.035951495,0.055916168,0.3881676644086838,0.18133721568449943,1
1767010865.117602,-0.057179946,-0.08403642,0.057179946,0.08403642,0.331927165389061,0.15725945697025093,1
1767010865.1909966,-0.057179946,-0.08403642,0.057179946,0.08403642,0.331927165389061,0.13823620409115472,1
1767010865.270745,-0.057170067,-0.073781855,0.057170067,0.073781855,0.35243628919124603,0.12192332731259832,1
1767010865.3473065,-0.053346302,-0.07722529,0.053346302,0.07722529,0.34554941952228546,0.10774915478309072,1
1767010865.4144146,-0.047928944,-0.08269631,0.047928944,0.08269631,0.3346073776483536,0.09524120320855271,1
1767010865.4874976,-0.04137074,-0.07627349,0.04137074,0.07627349,0.3474530130624771,0.08462117101028734,1
1767010865.5515058,-0.04223546,-0.08039517,0.04223546,0.08039517,0.3392096608877182,0.07545597809548797,1
1767010868.6978858,-0.010275741,-0.03543748,0.010275741,0.03543748,0.429125040769577,0.33200244403668355,1
1767010868.7740781,-0.015795797,-0.041450046,0.015795797,0.041450046,0.4170999079942703,0.34105154271444466,1
1767010868.937602,-0.0065636532,-0.036185533,0.0065636532,0.036185533,0.42762893438339233,0.3537131443604815,1
1767010871.412292,0.04342585,0.012890741,0.04342585,0.012890741,0.5257814824581146,0.45089994185809146,1
1767010871.479285,0.06522923,0.022105426,0.06522923,0.022105426,0.5442108511924744,0.45473480291288454,1
1767010871.5593739,0.06522923,0.022105426,0.06522923,0.022105426,0.5442108511924744,0.46531162135649645,1
1767010871.6324372,0.04153407,0.016733617,0.04153407,0.016733617,0.5334672331809998,0.4804987536968466,1
1767010871.7875383,0.040526558,0.02651716,0.040526558,0.02651716,0.553034320473671,0.49978118369092833,1
1767010871.8515587,0.040526558,0.02651716,0.040526558,0.02651716,0.553034320473671,0.5067106575588045,1
1767010872.304543,0.045110013,0.00399705,0.045110013,0.00399705,0.5079941004514694,0.5279908095676951,1
1767010872.3810642,0.040769797,0.013866492,0.040769797,0.013866492,0.5277329832315445,0.5301356277983447,1
1767010872.459023,0.040769797,0.013866492,0.040769797,0.013866492,0.5277329832315445,0.5322944730229937,1
1767010872.5877779,0.04087462,0.00843823,0.04087462,0.00843823,0.5168764591217041,0.535942913861667,1
1767010872.6604097,0.04087462,0.00843823,0.04087462,0.00843823,0.5168764591217041,0.5374067641789333,1
1767010872.7914705,0.039075386,0.011554092,0.039075386,0.011554092,0.523108184337616,0.5398891765775287,1
1767010872.8731797,0.04252477,0.020858772,0.04252477,0.020858772,0.5417175441980362,0.540805688402371,1
1767010872.9402215,0.041833244,0.019043177,0.041833244,0.019043177,0.5380863547325134,0.5422866039180835,1
1767010873.0082695,0.04487898,0.025233727,0.04487898,0.025233727,0.5504674538969994,0.5440869218617476,1
1767010873.0858278,0.04487898,0.025233727,0.04487898,0.025233727,0.5504674538969994,0.5467831673998998,1
1767010873.1600852,0.040129714,0.025807373,0.040129714,0.025807373,0.5516147464513779,0.5501594481971837,1
1767010873.2387211,0.044382386,0.022286795,0.044382386,0.022286795,0.5445735901594162,0.5535234395772844,1
1767010873.3027353,0.04158341,0.033283517,0.04158341,0.033283517,0.5665670335292816,0.5571315975362586,1
1767010873.3780446,0.04439807,0.043973885,0.04439807,0.043973885,0.5879477709531784,0.5613568049586545,1
1767010873.4557412,0.0329192,0.03882156,0.0329192,0.03882156,0.5776431187987328,0.5671810066513824,1
1767010873.5400488,0.022284705,0.043404043,0.022284705,0.043404043,0.5868080854415894,0.5723704097934957,1
1767010873.6120756,0.022284705,0.043404043,0.022284705,0.043404043,0.5868080854415894,0.576669107472154,1
1767010873.8326812,0.024398617,0.035826586,0.024398617,0.035826586,0.5716531723737717,0.5843796132069571,1
1767010873.9116747,0.024398617,0.035826586,0.024398617,0.035826586,0.5716531723737717,0.5856551610221215,1
1767010873.9913044,0.013659245,0.036190502,0.013659245,0.036190502,0.572381004691124,0.5866012286486602,1
1767010874.1264286,0.028836343,0.03554473,0.028836343,0.03554473,0.5710894614458084,0.5871983286639516,1
1767010874.2827702,0.045656864,0.031676732,0.045656864,0.031676732,0.5633534640073776,0.5877704791364469,1
1767010874.3481631,0.042738415,0.022916518,0.042738415,0.022916518,0.5458330363035202,0.5896916132874124,1
1767010874.424468,0.050695032,0.017906751,0.050695032,0.017906751,0.5358135029673576,0.5918768362008344,1
1767010874.501293,0.048500445,0.02787808,0.048500445,0.02787808,0.5557561591267586,0.5951344687914587,1
1767010874.5779572,0.040876113,0.010437727,0.040876113,0.010437727,0.5208754539489746,0.5992499434944278,1
1767010874.6546493,0.042281583,0.017081466,0.042281583,0.017081466,0.5341629311442375,0.602576651160299,1
1767010874.718664,0.04267419,0.017363943,0.04267419,0.017363943,0.5347278863191605,0.6054606884146065,1
1767010874.8237183,0.049878735,0.032093395,0.049878735,0.032093395,0.5641867890954018,0.6078682096805912,1
1767010874.8977363,0.07452756,0.017802853,0.07452756,0.017802853,0.5356057062745094,0.6115215310159791,1
1767010874.9697561,0.06761965,0.0034770146,0.06761965,0.0034770146,0.5069540292024612,0.6199040894232669,1
1767010875.0526783,0.06867507,0.015587568,0.06867507,0.015587568,0.5311751365661621,0.6284703123740663,1
1767010875.124426,0.062370352,0.015649743,0.062370352,0.015649743,0.5312994867563248,0.6366024006567775,1
1767010875.1894615,0.06819951,0.018210277,0.06819951,0.018210277,0.5364205539226532,0.6445600779254324,1
1767010875.2706678,0.070895396,0.014717143,0.070895396,0.014717143,0.5294342860579491,0.6524250165278889,1
1767010875.3444524,0.0724511,0.022806551,0.0724511,0.022806551,0.5456131026148796,0.6602820046819445,1
1767010875.4054556,0.06501542,0.005467303,0.06501542,0.005467303,0.5109346061944962,0.6678607835133845,1
1767010875.4856153,0.06781044,0.016002864,0.06781044,0.016002864,0.5320057272911072,0.6756570056533053,1
1767010875.5637207,0.06992392,0.017074075,0.06992392,0.017074075,0.5341481491923332,0.6829749163801871,1
1767010875.6364179,0.066577844,0.013377629,0.066577844,0.013377629,0.5267552584409714,0.6900366197407811,1
1767010875.7108307,0.0692645,0.014233414,0.0692645,0.014233414,0.5284668281674385,0.69694052616039,1
1767010876.0087168,0.010723034,-0.039797343,0.010723034,0.039797343,0.420405313372612,0.7226592931826867,1
1767010876.152111,0.004184627,-0.04745058,0.004184627,0.04745058,0.4050988405942917,0.7276312647922899,1
1767010876.2295198,-0.001923521,-0.038076907,0.001923521,0.038076907,0.42384618520736694,0.7277458629041728,1
1767010876.3040729,0.027176958,-0.055074327,0.027176958,0.055074327,0.3898513466119766,0.7267160238186388,1
1767010876.5873578,0.00932312,-0.048271216,0.00932312,0.048271216,0.40345756709575653,0.7209699349726681,1
1767010876.664907,0.03627622,-0.06498156,0.03627622,0.06498156,0.37003688514232635,0.7184360666202684,1
1767010876.7265687,0.030762695,-0.047536932,0.030762695,0.047536932,0.404926136136055,0.7187883727850654,1
1767010876.8061619,0.009616362,-0.040573463,0.009616362,0.040573463,0.4188530743122101,0.7195302914512811,1
1767010876.8882303,0.02948055,-0.045385875,0.02948055,0.045385875,0.40922825038433075,0.7192348426918838,1
1767010876.9608738,0.02948055,-0.045385875,0.02948055,0.045385875,0.40922825038433075,0.7192258308016074,1
1767010877.0268724,0.025076248,-0.0424861,0.025076248,0.0424861,0.41502779722213745,0.7194615828760939,1
1767010877.1064596,0.031975433,-0.048369594,0.031975433,0.048369594,0.40326081216335297,0.7194123484850861,1
1767010877.1703885,0.029167559,-0.051456086,0.029167559,0.051456086,0.39708782732486725,0.7199834353556764,1
1767010877.2453647,0.029167559,-0.051456086,0.029167559,0.051456086,0.39708782732486725,0.7210041754906641,1
1767010877.3230214,0.032433275,-0.046745896,0.032433275,0.046745896,0.406508207321167,0.7224060440111413,1
1767010877.4031422,0.029614571,-0.037408657,0.029614571,0.037408657,0.42518268525600433,0.7239969291039122,1
1767010877.4872448,0.023948789,-0.03524316,0.023948789,0.03524316,0.42951367795467377,0.7250751074148336,1
1767010877.622881,0.031703386,-0.059189565,0.031703386,0.059189565,0.3816208690404892,0.7241003213914773,1
1767010877.7019975,0.032889295,-0.05172292,0.032889295,0.05172292,0.3965541571378708,0.7247298210944965,1
1767010878.013378,-0.045121226,0.0690675,0.045121226,0.0690675,0.6381350010633469,0.7234509668556763,1
1767010878.0879269,-0.02602528,0.047291324,0.02602528,0.047291324,0.5945826470851898,0.7149814009970712,1
1767010878.1529336,-0.021052245,0.061790705,0.021052245,0.061790705,0.6235814094543457,0.7072228666578682,1
1767010878.2361152,-0.01573845,0.0620212,0.01573845,0.0620212,0.6240423992276192,0.6984634979743095,1
1767010878.3067987,-0.020672377,0.035021193,0.020672377,0.035021193,0.5700423866510391,0.6894636519140396,1
1767010878.4492922,-0.032286275,-0.047889344,0.032286275,0.047889344,0.404221311211586,0.6740401928291424,1
1767010878.6041334,-0.031853482,-0.05947707,0.031853482,0.05947707,0.381045863032341,0.6562816235890598,1
1767010878.6834717,-0.0143881,-0.036636442,0.0143881,0.036636442,0.4267271161079407,0.6466240156475794,1
1767010878.756864,-0.037801325,-0.069254465,0.037801325,0.069254465,0.3614910691976547,0.639200349858149,1
1767010878.9040353,-0.015521227,-0.046354808,0.015521227,0.046354808,0.40729038417339325,0.618912370740506,1
1767010879.1211681,-0.017853748,-0.040086478,0.017853748,0.040086478,0.41982704401016235,0.5989852585223555,1
1767010879.1945884,-0.016065586,-0.060419567,0.016065586,0.060419567,0.3791608661413193,0.5941062649046522,1
1767010879.273298,-0.028860893,-0.070013024,0.028860893,0.070013024,0.3599739521741867,0.5884594215146766,1
1767010879.3387873,-0.028860893,-0.070013024,0.028860893,0.070013024,0.3599739521741867,0.5802971795449388,1
1767010879.4340389,-0.0262414,-0.055139236,0.0262414,0.055139236,0.3897215276956558,0.570546957583183,1
1767010879.575099,-0.00948453,-0.05797454,0.00948453,0.05797454,0.3840509206056595,0.552881097606447,1
1767010879.6482892,-0.02316815,-0.060863785,0.02316815,0.060863785,0.3782724291086197,0.5464389277313322,1
1767010879.710303,-0.033929802,-0.07335884,0.033929802,0.07335884,0.3532823175191879,0.5393779261551438,1
1767010879.7770722,-0.01700839,-0.05490493,0.01700839,0.05490493,0.39019013941287994,0.5292906976285991,1
1767010879.84609,-0.0041079456,-0.07122833,0.0041079456,0.07122833,0.35754333436489105,0.5208690948916985,1
1767010879.9123175,-0.021815352,-0.060600705,0.021815352,0.060600705,0.37879858911037445,0.5135831225488278,1
1767010879.9873388,-0.032304995,-0.070937954,0.032304995,0.070937954,0.35812409222126007,0.5065144660853393,1
1767010880.068868,-0.03937335,-0.081022136,0.03937335,0.081022136,0.3379557281732559,0.4972821581812195,1
1767010880.141973,-0.025560904,-0.06678357,0.025560904,0.06678357,0.36643286049366,0.4851000964244385,1
1767010880.2245321,-0.012499933,-0.07905153,0.012499933,0.07905153,0.3418969362974167,0.47362725642018805,1
1767010880.381369,-0.052148033,-0.07313878,0.052148033,0.07313878,0.3537224382162094,0.45331113163476033,1
1767010880.4545956,-0.0088864425,-0.058598034,0.0088864425,0.058598034,0.38280393183231354,0.442472662238083,1
1767010880.5326622,-0.012805902,-0.03846471,0.012805902,0.03846471,0.4230705797672272,0.4323775189646368,1
1767010880.6005447,-0.038067937,-0.07409906,0.038067937,0.07409906,0.35180188715457916,0.4247261451109727,1
1767010880.6738043,-0.010121827,-0.054414146,0.010121827,0.054414146,0.3911717087030411,0.4147128500872579,1
1767010880.7388644,-0.030919388,-0.08276232,0.030919388,0.08276232,0.3344753533601761,0.4071522980753136,1
1767010880.8089836,-0.031937074,-0.07351787,0.031937074,0.07351787,0.35296426713466644,0.3973269912720932,1
1767010880.882998,-0.027900647,-0.060287543,0.027900647,0.060287543,0.37942491471767426,0.38826523642270344,1
1767010880.9533014,-0.029727906,-0.06126591,0.029727906,0.06126591,0.37746818363666534,0.3794320569274968,1
1767010881.0320776,-0.036016185,-0.07475173,0.036016185,0.07475173,0.3504965454339981,0.37080788577901047,1
1767010881.1109061,-0.036016185,-0.07475173,0.036016185,0.07475173,0.3504965454339981,0.3622799918913219,1
1767010881.1876252,-0.041884534,-0.079316,0.041884534,0.079316,0.34136800467967987,0.3539870151542492,1
1767010881.2670395,-0.021897878,-0.06826212,0.021897878,0.06826212,0.3634757548570633,0.34593646138568096,1
1767010881.3435254,-0.025694001,-0.065843485,0.025694001,0.065843485,0.3683130294084549,0.3381886722754314,1
1767010881.4105558,-0.039643936,-0.08079458,0.039643936,0.08079458,0.3384108394384384,0.3307021112819999,1
1767010881.4876244,-0.0422107,-0.07965114,0.0422107,0.07965114,0.3406977206468582,0.3090922303031177,1
1767010881.568744,-0.02491448,-0.056664385,0.02491448,0.056664385,0.3866712301969528,0.27825175404748625,1
1767010881.634762,-0.026651967,-0.06905668,0.026651967,0.06905668,0.3618866354227066,0.24341740897491074,1
1767010881.7089014,-0.033620443,-0.07417742,0.033620443,0.07417742,0.3516451567411423,0.21232397091323285,1
1767010881.7829707,-0.023662731,-0.050878458,0.023662731,0.050878458,0.39824308454990387,0.18559257951329977,1
1767010881.8650851,-0.019734818,-0.051396884,0.019734818,0.051396884,0.39720623195171356,0.16106673825009285,1
1767010881.933099,-0.037600856,-0.08168062,0.037600856,0.08168062,0.33663876354694366,0.14017324000067524,1
1767010882.0037043,-0.0265905,-0.06215795,0.0265905,0.06215795,0.37568409740924835,0.12370971220301231,1
1767010882.081799,-0.019652084,-0.04363119,0.019652084,0.04363119,0.4127376228570938,0.10847148435151382,1
1767010882.1612926,-0.030078974,-0.075845025,0.030078974,0.075845025,0.3483099490404129,0.09976412093326657,1
1767010882.2313087,-0.04103184,-0.08522495,0.04103184,0.08522495,0.329550102353096,0.09135486892782253,1
1767010882.2991426,-0.026049044,-0.065577365,0.026049044,0.065577365,0.36884526908397675,0.08427590992917916,1
1767010882.3748364,-0.04042213,-0.082098834,0.04042213,0.082098834,0.3358023315668106,0.07797687225167148,1
1767010882.519476,-0.01821978,-0.077076145,0.01821978,0.077076145,0.3458477109670639,0.06619825375869068,1
1767010882.598207,-0.007653813,-0.0595844,0.007653813,0.0595844,0.38083119690418243,0.061618261392444106,1
1767010882.6753316,-0.025698345,-0.06269773,0.025698345,0.06269773,0.3746045380830765,0.06012401583289186,1
1767010882.7393703,-0.014713165,-0.08985082,0.014713165,0.08985082,0.32029835879802704,0.05896778903015758,1
1767010882.8805127,-0.02543893,-0.055310704,0.02543893,0.055310704,0.3893785923719406,0.059973847015950654,1
1767010883.2546592,-0.0019340208,-0.04219649,0.0019340208,0.04219649,0.4156070202589035,0.0891644628853705,1
1767010883.3341987,-0.018711824,-0.0577785,0.018711824,0.0577785,0.384442999958992,0.09733873368057964,1
1767010883.4108133,-0.0036131246,-0.07403723,0.0036131246,0.07403723,0.3519255369901657,0.10448023983893057,1
1767010883.5575705,-0.00062904414,-0.061116107,0.00062904414,0.061116107,0.37776778638362885,0.11828941381316677,1
1767010883.6341717,-0.004687124,-0.070655786,0.004687124,0.070655786,0.35868842899799347,0.12543355956880597,1
1767010883.707305,-0.032021206,-0.066817455,0.032021206,0.066817455,0.36636509001255035,0.13214605305421032,1
1767010883.7733176,-0.0222569,-0.06198188,0.0222569,0.06198188,0.37603624165058136,0.13558957691436133,1
1767010883.9258804,0.00019344967,-0.06879567,0.00019344967,0.06879567,0.3624086529016495,0.14194230392710044,1
1767010884.0689123,-0.048874196,-0.081748985,0.048874196,0.081748985,0.3365020304918289,0.15204429959639892,1
1767010884.1450586,-0.0065190336,-0.043754093,0.0065190336,0.043754093,0.4124918133020401,0.1508851832358276,1
1767010884.2281451,-0.0071181273,-0.04332602,0.0071181273,0.04332602,0.4133479595184326,0.1516026665603626,1
1767010884.2903051,-0.010529813,-0.059155546,0.010529813,0.059155546,0.3816889077425003,0.15349878146580237,1
1767010884.3659167,0.0034967298,-0.072453044,0.0034967298,0.072453044,0.35509391129016876,0.15571766904805534,1
1767010884.4407015,-0.021187108,-0.048998125,0.021187108,0.048998125,0.40200375020504,0.15982420648931034,1
1767010884.5174415,-0.018205699,-0.064616434,0.018205699,0.064616434,0.37076713144779205,0.16347043774635556,1
1767010884.6747758,-0.0031861449,-0.05777111,0.0031861449,0.05777111,0.3844577819108963,0.1702421113897828,1
1767010884.7519832,-0.03960708,-0.08256193,0.03960708,0.08256193,0.3348761349916458,0.17433071828526212,1
1767010884.8304942,-0.033279326,-0.07480223,0.033279326,0.07480223,0.3503955453634262,0.17371693655529896,1
1767010884.9136748,-0.015581003,-0.08266962,0.015581003,0.08266962,0.33466075360774994,0.1711056583815395,1
1767010884.98657,-0.015581003,-0.08266962,0.015581003,0.08266962,0.33466075360774994,0.16834187027310116,1
1767010885.065254,-0.016588304,-0.07474785,0.016588304,0.07474785,0.3505042940378189,0.16569106039054463,1
1767010885.1416628,-0.03199456,-0.07730257,0.03199456,0.07730257,0.3453948646783829,0.16341425156458822,1
1767010885.2163033,-0.0116708325,-0.081157126,0.0116708325,0.081157126,0.3376857489347458,0.15992977551872262,1
1767010885.2949553,-0.031081472,-0.07305249,0.031081472,0.07305249,0.35389502346515656,0.1566794560057216,1
1767010885.3735168,-0.01825003,-0.061540715,0.01825003,0.061540715,0.37691856920719147,0.15331017240801262,1
1767010885.436537,-0.025568243,-0.06902576,0.025568243,0.06902576,0.36194847524166107,0.15026410727873313,1
1767010885.5139153,-0.02729937,-0.074855246,0.02729937,0.074855246,0.3502895087003708,0.14716262290027643,1
1767010885.59326,-0.0369313,-0.067722194,0.0369313,0.067722194,0.36455561220645905,0.14406137761256457,1
1767010885.6678119,-0.02843858,-0.064160146,0.02843858,0.064160146,0.37167970836162567,0.14110250154108447,1
1767010885.7474189,-0.02843858,-0.064160146,0.02843858,0.064160146,0.37167970836162567,0.1380428466810503,1
1767010885.8224545,-0.037329316,-0.07676955,0.037329316,0.07676955,0.34646089375019073,0.13501791848561293,1
1767010885.8909953,-0.036300715,-0.066962026,0.036300715,0.066962026,0.36607594788074493,0.13077564343161127,1
1767010890.8182523,-0.006643613,0.0484541,0.006643613,0.0484541,0.5969081968069077,0.4731476085136327,1
1767010890.901315,-0.004071192,0.03702067,0.004071192,0.03702067,0.574041336774826,0.4734745124237579,1
1767010892.735724,0.01702442,0.052760467,0.01702442,0.052760467,0.6055209338665009,0.4851935661251921,1
1767010892.8917248,-0.004593321,0.049652595,0.004593321,0.049652595,0.5993051901459694,0.48909001132076374,1
1767010892.962836,-0.009568793,0.041398816,0.009568793,0.041398816,0.5827976316213608,0.4901478420265692,1
1767010893.1845517,-0.009831612,0.042590376,0.009831612,0.042590376,0.585180751979351,0.4914811291137984,1
1767010893.4027166,-0.0061899265,-0.036960848,0.0061899265,0.036960848,0.42607830464839935,0.4914370600963881,1
1767010893.6317117,-0.008381992,0.04690487,0.008381992,0.04690487,0.5938097387552261,0.4911462242757294,1
1767010894.3065834,0.0037944308,0.06894909,0.0037944308,0.06894909,0.637898176908493,0.4895572915986473,1
1767010894.5361834,-0.0048047705,0.04042295,0.0048047705,0.04042295,0.5808458998799324,0.4909413223295146,1
1767010894.7511582,0.0057985177,0.07241293,0.0057985177,0.07241293,0.6448258608579636,0.49143939430116307,1
1767010894.9710698,-0.0119394595,-0.03681466,0.0119394595,0.03681466,0.42637068033218384,0.49360602217338584,1
1767010895.1077874,-0.0060893456,0.04686238,0.0060893456,0.04686238,0.5937247574329376,0.49408714779247376,1
1767010895.1798284,-0.008530282,0.0500895,0.008530282,0.0500895,0.6001790016889572,0.493158358569565,1
1767010895.8333054,0.056575608,0.043734647,0.056575608,0.043734647,0.587469294667244,0.4896005737901695,1
1767010895.9084718,0.08222534,0.053691637,0.08222534,0.053691637,0.6073832735419273,0.4942780503559942,1
1767010895.993195,0.058604855,0.052397776,0.058604855,0.052397776,0.604795552790165,0.5065579074749468,1
1767010896.0692136,0.08375648,-0.004988335,0.08375648,0.004988335,0.49002332985401154,0.5183929752111154,1
1767010896.1482291,0.07195469,-0.000711821,0.07195469,0.000711821,0.498576357960701,0.5318274988696464,1
1767010896.2332478,0.043817498,0.006347589,0.043817498,0.006347589,0.5126951783895493,0.5437750352123525,1
1767010896.320277,0.084819466,-0.0043831468,0.084819466,0.0043831468,0.4912337064743042,0.5546812821356664,1
1767010896.466305,0.059574075,0.00872647,0.059574075,0.00872647,0.5174529403448105,0.5756514955592644,1
1767010896.5413215,0.058816906,-0.029433198,0.058816906,0.029433198,0.44113360345363617,0.585611095629496,1
1767010896.6163383,0.024618242,-0.03993258,0.024618242,0.03993258,0.42013484239578247,0.5956572326017664,1
1767010896.6893523,0.07004349,0.013906829,0.07004349,0.013906829,0.527813658118248,0.6054985122194421,1
1767010896.7753742,0.07004349,0.013906829,0.07004349,0.013906829,0.527813658118248,0.6150422081241944,1
1767010896.853392,0.1334664,0.04979682,0.1334664,0.04979682,0.5995936393737793,0.6239383442252356,1
1767010896.9294043,0.13332264,0.052483283,0.13332264,0.052483283,0.6049665659666061,0.6327122544498487,1
1767010897.004719,0.14528427,0.043543037,0.14528427,0.043543037,0.5870860740542412,0.6411649416459255,1
1767010897.07274,0.15392995,0.046794437,0.15392995,0.046794437,0.5935888737440109,0.648993068783113,1
1767010897.160796,0.11022952,0.024285324,0.11022952,0.024285324,0.5485706478357315,0.6566354189473395,1
1767010897.2388365,0.11270229,0.028789785,0.11270229,0.028789785,0.5575795695185661,0.6645179866838711,1
1767010897.3122675,0.08608022,0.028177194,0.08608022,0.028177194,0.5563543885946274,0.6720652545005037,1
1767010897.3861606,0.038584266,0.02173157,0.038584266,0.02173157,0.5434631407260895,0.67928625315679,1
1767010897.467438,0.052495744,0.03592836,0.052495744,0.03592836,0.5718567222356796,0.6871107536748879,1
1767010897.5314803,0.060765777,0.025473326,0.060765777,0.025473326,0.5509466528892517,0.694269533857741,1
1767010897.6086726,0.052495744,0.03592836,0.052495744,0.03592836,0.5718567222356796,0.7152659683065701,1
1767010897.9837883,-0.023818966,0.052866828,0.023818966,0.052866828,0.6057336553931236,0.85042267617746,1
1767010899.0559866,0.10174243,0.025372047,0.10174243,0.025372047,0.5507440939545631,0.7700473482121335,1
1767010899.144001,0.10174243,0.025372047,0.10174243,0.025372047,0.5507440939545631,0.7745485281775996,1
1767010899.2200553,0.04651906,-0.104955144,0.04651906,0.104955144,0.2900897115468979,0.7791277710595753,1
1767010899.28531,0.056613956,-0.08093483,0.056613956,0.08093483,0.3381303399801254,0.7836626385670233,1
1767010899.3634627,0.066721246,-0.049122162,0.066721246,0.049122162,0.4017556756734848,0.7876758557039804,1
1767010899.4403455,0.061501775,-0.06726471,0.061501775,0.06726471,0.3654705733060837,0.7916415179302076,1
1767010899.5205982,0.051737864,-0.050967105,0.051737864,0.050967105,0.39806579053401947,0.7959073502145708,1
1767010899.5862372,0.059268747,-0.06596457,0.059268747,0.06596457,0.3680708557367325,0.799201204808999,1
1767010899.6580908,0.0043716757,-0.075071044,0.0043716757,0.075071044,0.3498579114675522,0.8028370721265274,1
1767010899.742848,0.0043716757,-0.075071044,0.0043716757,0.075071044,0.3498579114675522,0.8063306977276348,1
1767010899.8164258,0.029592313,-0.12242917,0.029592313,0.12242917,0.2551416605710983,0.8100682623658617,1
1767010899.8922741,0.016889617,-0.12447495,0.016889617,0.12447495,0.25105009973049164,0.8139636793143904,1
1767010899.956575,0.036248747,-0.11709746,0.036248747,0.11709746,0.26580508053302765,0.8224670519273022,1
1767010900.0333385,0.03756712,-0.116352804,0.03756712,0.116352804,0.26729439198970795,0.8361361697440819,1
1767010900.1125572,0.040849905,-0.12115314,0.040849905,0.12115314,0.25769372284412384,0.8536864452233939,1
1767010900.1885586,0.053382058,-0.11648054,0.053382058,0.11648054,0.2670389264822006,0.8725479421258855,1
1767010900.266992,0.054234173,-0.119788535,0.054234173,0.119788535,0.2604229301214218,0.8906906297233577,1
1767010900.3435452,-0.009803374,-0.071325816,0.009803374,0.071325816,0.35734836757183075,0.9057989569238404,1
1767010900.4249086,0.00018779095,-0.0968085,0.00018779095,0.0968085,0.30638299882411957,0.9040425722594516,1
1767010900.4978156,0.029246002,-0.087168105,0.029246002,0.087168105,0.3256637901067734,0.9074211393292504,1
1767010900.6404307,-0.027507734,-0.069096886,0.027507734,0.069096886,0.3618062287569046,0.9226120436080125,1
1767010900.7187555,-0.027507734,-0.069096886,0.027507734,0.069096886,0.3618062287569046,0.9252861914756432,1
1767010900.7942772,-0.0344316,-0.066455744,0.0344316,0.066455744,0.36708851158618927,0.9091494950810207,1
1767010900.8607414,-0.019760393,-0.0674208,0.019760393,0.0674208,0.36515839397907257,0.8802930554815784,1
1767010900.9376016,-0.0068841027,-0.04059615,0.0068841027,0.04059615,0.4188077002763748,0.8516425354607525,1
1767010901.7552307,0.011203776,-0.07282769,0.011203776,0.07282769,0.3543446213006973,0.7414509923540769,1
1767010901.8289917,0.012117631,-0.09950144,0.012117631,0.09950144,0.30099712312221527,0.7353943873720179,1
1767010901.8966858,0.026160855,-0.078210615,0.026160855,0.078210615,0.3435787707567215,0.7325836659003937,1
1767010901.9731405,0.02667119,-0.07810124,0.02667119,0.07810124,0.3437975198030472,0.7330547503608316,1
1767010902.0476296,0.044110663,-0.11382333,0.044110663,0.11382333,0.2723533362150192,0.7358059826289844,1
1767010902.1236916,0.05879768,-0.08706439,0.05879768,0.08706439,0.32587121427059174,0.7429241611634119,1
1767010902.1910658,0.045913752,-0.08133168,0.045913752,0.08133168,0.3373366445302963,0.7484084785679223,1
1767010902.269148,0.04785135,-0.080689736,0.04785135,0.080689736,0.33862052857875824,0.7538669827270054,1
1767010902.3431003,0.04733609,-0.087526895,0.04733609,0.087526895,0.32494620978832245,0.7592218390971609,1
1767010902.4251554,-0.03448986,0.06993693,0.03448986,0.06993693,0.6398738622665405,0.7646092626095338,1
1767010902.5643642,0.0010855934,0.059591495,0.0010855934,0.059591495,0.6191829890012741,0.7802724910449723,1
1767010902.6374912,-0.009185308,0.114049375,0.009185308,0.114049375,0.7280987501144409,0.7859357516391398,1
1767010902.7074547,-0.013265551,0.11240654,0.013265551,0.11240654,0.7248130738735199,0.785376951532621,1
1767010902.7805467,-0.017149378,0.11159213,0.017149378,0.11159213,0.7231842577457428,0.7797212335850792,1
1767010902.8592699,-0.017945252,0.10622205,0.017945252,0.10622205,0.7124440968036652,0.7695776400742081,1
1767010902.9351714,-0.037933838,0.11226374,0.037933838,0.11226374,0.7245274782180786,0.7563033960384915,1
1767010903.0155566,-0.033930514,0.10960276,0.033930514,0.10960276,0.7192055135965347,0.7370959593774719,1
1767010903.0981572,-0.05571082,0.11086871,0.05571082,0.11086871,0.721737414598465,0.7184655437225139,1
1767010903.1707287,-0.06316752,0.08643603,0.06316752,0.08643603,0.6728720664978027,0.7007223898647923,1
1767010903.2357776,-0.041556094,0.10923672,0.041556094,0.10923672,0.7184734344482422,0.6832044434555061,1
1767010903.313924,-0.04828414,0.10304856,0.04828414,0.10304856,0.7060971260070801,0.6664899986016867,1
1767010903.39064,-0.0613395,0.10661817,0.0613395,0.10661817,0.7132363468408585,0.6502734459639135,1
1767010903.704609,0.027446426,-0.05750262,0.027446426,0.05750262,0.3849947601556778,0.5451080966662892,1
1767010903.7853382,0.04613713,-0.061611302,0.04613713,0.061611302,0.37677739560604095,0.47965537617904175,1
1767010903.8509893,-0.008567349,-0.03706093,0.008567349,0.03706093,0.4258781373500824,0.4625816293548508,1
1767010903.9231071,-0.008567349,-0.03706093,0.008567349,0.03706093,0.4258781373500824,0.45478390471512753,1
1767010904.9007702,-0.021542195,0.036665484,0.021542195,0.036665484,0.5733309686183929,0.4499725329028883,1
1767010904.9697294,-0.027076717,0.0366766,0.027076717,0.0366766,0.5733532011508942,0.450644406785258,1
1767010905.1231077,-0.03569088,0.04589945,0.03569088,0.04589945,0.5917989015579224,0.4504236316924615,1
1767010905.1961434,-0.03569088,0.04589945,0.03569088,0.04589945,0.5917989015579224,0.44851141934002164,1
1767010905.2741647,-0.036236726,0.05939191,0.036236726,0.05939191,0.6187838166952133,0.44564998393799626,1
1767010905.50602,0.037046697,0.010635503,0.037046697,0.010635503,0.5212710052728653,0.4342887347171189,1
1767010905.5846221,0.037046697,0.010635503,0.037046697,0.010635503,0.5212710052728653,0.43318450421811855,1
1767010905.8080318,0.054358862,0.0056292415,0.054358862,0.0056292415,0.5112584829330444,0.433918964141069,1
1767010905.8810735,0.055260338,-0.0006238222,0.055260338,0.0006238222,0.4987523555755615,0.43681753572420967,1
1767010905.9611087,0.04486894,0.012483455,0.04486894,0.012483455,0.5249669104814529,0.44186021068128334,1
1767010906.0351818,0.04486894,0.012483455,0.04486894,0.012483455,0.5249669104814529,0.4469339173307838,1
1767010906.2531712,-0.0040607797,-0.10849064,0.0040607797,0.10849064,0.28301872313022614,0.46018598316078696,1
1767010906.3202267,-0.004474907,-0.118102185,0.004474907,0.118102185,0.2637956291437149,0.46213318925094027,1
1767010906.3838544,-0.009747355,-0.14022547,0.009747355,0.14022547,0.2195490598678589,0.4618075526425648,1
1767010906.4600413,-0.011227914,-0.154591,0.011227914,0.154591,0.19081801176071167,0.45708932304444055,1
1767010906.5317101,-0.00043791998,-0.15410122,0.00043791998,0.15410122,0.19179755449295044,0.44795199255511653,1
1767010906.6038752,0.0019379901,-0.13027519,0.0019379901,0.13027519,0.2394496202468872,0.4416240700781388,1
1767010906.6763432,-0.0073166275,-0.1461243,0.0073166275,0.1461243,0.20775139331817627,0.43883142331797265,1
1767010906.752199,-0.011788537,-0.110486366,0.011788537,0.110486366,0.2790272682905197,0.4336719752751069,1
1767010906.8198516,-0.007376683,-0.10937881,0.007376683,0.10937881,0.28124238550662994,0.42714444541011026,1
1767010906.893924,-0.007933474,-0.10003737,0.007933474,0.10003737,0.2999252527952194,0.420517497352341,1
1767010906.972103,-0.0012631128,-0.11672156,0.0012631128,0.11672156,0.26655687391757965,0.4137550036616521,1
1767010907.0485044,-0.012243914,-0.11285385,0.012243914,0.11285385,0.27429230511188507,0.4088133161622881,1
1767010907.132405,-0.010164949,-0.09530216,0.010164949,0.09530216,0.3093956857919693,0.40232441679460174,1
1767010907.2041018,-0.008023183,-0.09977593,0.008023183,0.09977593,0.30044813454151154,0.39557003847023275,1
1767010907.2681186,0.0028506126,-0.087704904,0.0028506126,0.087704904,0.32459019124507904,0.38907630484218875,1
1767010907.3422136,-0.014152062,-0.10200421,0.014152062,0.10200421,0.29599158465862274,0.3853557632167874,1
1767010907.4079378,-0.011453335,-0.09521223,0.011453335,0.09521223,0.30957554280757904,0.3802616960777532,1
1767010907.4843793,-0.009098825,-0.084965535,0.009098825,0.084965535,0.3300689309835434,0.37459560954134397,1
1767010907.5615911,-0.019821748,-0.07730784,0.019821748,0.07730784,0.34538431465625763,0.36923415661543824,1
1767010907.6423988,-0.010733577,-0.0844442,0.010733577,0.0844442,0.3311115950345993,0.363286093722557,1
1767010907.7186718,-0.005942666,-0.07388959,0.005942666,0.07388959,0.352220818400383,0.35786856437804554,1
1767010907.8017275,-0.011412888,-0.08000838,0.011412888,0.08000838,0.3399832397699356,0.3534221357062063,1
1767010908.0840526,-0.010931934,-0.064017795,0.010931934,0.064017795,0.3719644099473953,0.34924057831885263,1
1767010908.1555934,-0.012986693,-0.08281142,0.012986693,0.08281142,0.33437715470790863,0.34562639378548365,1
1767010908.233202,-0.012986693,-0.08281142,0.012986693,0.08281142,0.33437715470790863,0.3418790417159178,1
1767010908.310389,-0.0065177036,-0.10709528,0.0065177036,0.10709528,0.2858094424009323,0.3378457569029656,1
1767010908.3875217,-0.0065177036,-0.10709528,0.0065177036,0.10709528,0.2858094424009323,0.33330809922328547,1
1767010908.4651005,-0.0020917552,-0.10214812,0.0020917552,0.10214812,0.2957037538290024,0.3288863930726399,1
1767010908.5326145,0.0004609069,-0.08198493,0.0004609069,0.08198493,0.33603014051914215,0.3258878681761216,1
1767010908.6097898,0.003073751,-0.06430247,0.003073751,0.06430247,0.3713950663805008,0.32458638576882426,1
1767010908.6927533,0.002411983,-0.05349695,0.002411983,0.05349695,0.3930061012506485,0.32476693274362656,1
1767010908.7579331,0.002411983,-0.05349695,0.002411983,0.05349695,0.3930061012506485,0.3260650139052894,1
1767010909.2552495,-0.02970117,0.0379771,0.02970117,0.0379771,0.5759541988372803,0.34633192159211157,1
1767010909.3326073,-0.02970117,0.0379771,0.02970117,0.0379771,0.5759541988372803,0.34892853473344054,1
1767010909.4815402,-0.041529406,0.06685869,0.041529406,0.06685869,0.6337173730134964,0.3521124398359179,1
1767010909.7019622,0.030735496,-0.060905404,0.030735496,0.060905404,0.37818919122219086,0.3479009289199108,1
1767010909.7787795,0.036447015,-0.06884723,0.036447015,0.06884723,0.36230553686618805,0.3511331661738115,1
1767010909.8445237,0.022529256,-0.072987385,0.022529256,0.072987385,0.3540252298116684,0.3585829781735914,1
1767010909.9229794,0.012560914,-0.08833913,0.012560914,0.08833913,0.32332174479961395,0.36776929510335954,1
1767010910.0776198,0.041387264,0.02141349,0.041387264,0.02141349,0.5428269803524017,0.38816095309046894,1
1767010910.1553986,0.03815451,0.023333512,0.03815451,0.023333512,0.5466670244932175,0.39811752624109625,1
1767010910.235599,0.06019269,0.01207684,0.06019269,0.01207684,0.5241536796092987,0.40653939137848843,1
1767010910.3112476,0.06103659,0.027274787,0.06103659,0.027274787,0.5545495748519897,0.41662062865659344,1
1767010910.3883014,0.054532208,0.011900775,0.054532208,0.011900775,0.5238015502691269,0.4290063932683361,1
1767010910.4648492,0.062100846,0.017011933,0.062100846,0.017011933,0.5340238660573959,0.44121866244542596,1
1767010910.5420175,0.042557485,0.044525616,0.042557485,0.044525616,0.5890512317419052,0.4548188163982626,1
1767010910.6247704,0.025028825,0.036818992,0.025028825,0.036818992,0.5736379846930504,0.4678666292059975,1
1767010910.6908638,0.043974105,0.04891862,0.043974105,0.04891862,0.5978372395038605,0.4786711576959422,1
1767010910.7607672,0.03719509,0.042488016,0.03719509,0.042488016,0.5849760323762894,0.4904105981650415,1
1767010910.8368728,0.044935875,0.049373765,0.044935875,0.049373765,0.5987475290894508,0.5011257186594525,1
1767010910.9018962,0.05890691,0.061158173,0.05890691,0.061158173,0.6223163455724716,0.5128851591151957,1
1767010910.9827354,0.05890691,0.061158173,0.05890691,0.061158173,0.6223163455724716,0.5244205841048521,1
1767010911.045752,0.06575494,-0.0012487695,0.06575494,0.0012487695,0.4975024610757828,0.5356234225247569,1
1767010911.1185052,0.04411523,0.05224316,0.04411523,0.05224316,0.6044863164424896,0.5485331763344732,1
1767010911.199405,0.042356938,0.052213155,0.042356938,0.052213155,0.604426309466362,0.5591323627750426,1
1767010911.279842,0.06359171,0.009054132,0.06359171,0.009054132,0.5181082636117935,0.5695101318464943,1
1767010911.3503683,0.033961818,0.04047759,0.033961818,0.04047759,0.5809551775455475,0.5803873524266043,1
1767010911.4173825,0.05560391,0.012432016,0.05560391,0.012432016,0.5248640328645706,0.5901027345958636,1
1767010911.4922333,0.05050009,-0.00095244497,0.05050009,0.00095244497,0.4980951100587845,0.5991955355806438,1
1767010911.569582,0.066395335,0.0016448274,0.066395335,0.0016448274,0.5032896548509598,0.6224152122245665,1
1767010911.6448035,0.06532691,-0.0037710369,0.06532691,0.0037710369,0.49245792627334595,0.658153773145574,1
1767010911.7177863,0.04606818,-0.029487446,0.04606818,0.029487446,0.44102510809898376,0.6809881777276616,1
1767010911.787126,0.018712312,-0.056107618,0.018712312,0.056107618,0.38778476417064667,0.6979426551702215,1
1767010911.8569057,0.023866117,-0.06145788,0.023866117,0.06145788,0.37708424031734467,0.7118757173291915,1
1767010911.9323533,0.023866117,-0.06145788,0.023866117,0.06145788,0.37708424031734467,0.7235324494369937,1
1767010912.085859,0.0050613163,-0.045958363,0.0050613163,0.045958363,0.4080832749605179,0.7379623244557654,1
1767010912.150892,0.010450947,-0.042455845,0.010450947,0.042455845,0.41508831083774567,0.739868573160396,1
1767010912.2319772,-0.0071961926,-0.05363234,0.0071961926,0.05363234,0.3927353173494339,0.7401346564520606,1
1767010912.3090355,0.0052849865,-0.04605581,0.0052849865,0.04605581,0.40788838267326355,0.7384398146624441,1
1767010912.3845258,-0.009018614,-0.0478395,0.009018614,0.0478395,0.40432099997997284,0.7364375571907629,1
1767010912.5356622,-0.016532369,-0.062123068,0.016532369,0.062123068,0.37575386464595795,0.7297000218882019,1
1767010912.6033733,-0.012915422,-0.05862806,0.012915422,0.05862806,0.38274388015270233,0.7242677744718282,1
1767010912.6834478,-0.010288757,-0.041371375,0.010288757,0.041371375,0.41725724935531616,0.7179157593085798,1
1767010912.7634788,-0.012411832,-0.043472573,0.012411832,0.043472573,0.41305485367774963,0.7121670767950468,1
1767010912.914662,-0.015688341,-0.04497528,0.015688341,0.04497528,0.4100494384765625,0.7011453445904295,1
1767010912.9914653,-0.017236866,-0.059264712,0.017236866,0.059264712,0.38147057592868805,0.6954729221185693,1
1767010913.0585794,-0.0081533445,-0.047038525,0.0081533445,0.047038525,0.40592294931411743,0.6886793556543666,1
1767010913.43242,0.03229722,0.05264417,0.03229722,0.05264417,0.6052883416414261,0.6631242331102661,1
1767010913.6508772,-0.014960484,0.077527024,0.014960484,0.077527024,0.655054047703743,0.6573873623223795,1
1767010913.712891,-0.017308969,0.07736104,0.017308969,0.07736104,0.6547220796346664,0.6526304161422393,1
1767010913.789234,-0.026500788,0.08806713,0.026500788,0.08806713,0.6761342585086823,0.6460482178823216,1
1767010913.8612452,-0.013220456,0.07721816,0.013220456,0.07721816,0.654436320066452,0.6354237929033031,1
1767010913.9316897,-0.01597415,0.09446243,0.01597415,0.09446243,0.6889248639345169,0.6253651170224951,1
1767010914.0047066,-0.04450403,0.09792933,0.04450403,0.09792933,0.6958586573600769,0.6130837772028871,1
1767010914.0827243,-0.025707778,0.096277505,0.025707778,0.096277505,0.6925550103187561,0.5976797989065303,1
1767010914.159893,-0.025707778,0.096277505,0.025707778,0.096277505,0.6925550103187561,0.5827235400721187,1
1767010914.249915,-0.032853384,0.09530233,0.032853384,0.09530233,0.6906046569347382,0.5685906679324948,1
1767010914.3209376,-0.044399414,0.068421066,0.044399414,0.068421066,0.6368421316146851,0.5549975374965841,1
1767010914.393128,-0.049031224,0.09906646,0.049031224,0.09906646,0.6981329172849655,0.5414170128441679,1
1767010914.475017,-0.036121447,0.09614392,0.036121447,0.09614392,0.6922878473997116,0.5283159898040684,1
1767010914.5570357,-0.0476152,0.05857043,0.0476152,0.05857043,0.6171408593654633,0.5156565240706674,1
1767010914.6594374,-0.051549774,0.08599107,0.051549774,0.08599107,0.6719821393489838,0.5026879060109124,1
1767010914.732453,-0.033435844,0.08416677,0.033435844,0.08416677,0.6683335453271866,0.4908791390338749,1
1767010914.8151102,-0.03486091,0.06734904,0.03486091,0.06734904,0.6346980780363083,0.45563032433549205,1
1767010914.8961499,-0.038533814,0.07862754,0.038533814,0.07862754,0.657255083322525,0.4047147319410087,1
1767010914.9621656,-0.029489975,0.061916474,0.029489975,0.061916474,0.6238329485058784,0.35228743784957217,1
1767010915.047183,-0.031993214,0.070778556,0.031993214,0.070778556,0.6415571123361588,0.30385471990194185,1
1767010915.1192005,-0.031993214,0.070778556,0.031993214,0.070778556,0.6415571123361588,0.26141807870194167,1
1767010915.1872141,-0.02657549,0.071707845,0.02657549,0.071707845,0.6434156894683838,0.2240212950990131,1
1767010915.2662318,-0.022719722,0.052728653,0.022719722,0.052728653,0.6054573059082031,0.19451234119904487,1
1767010915.3368292,-0.018177222,0.048110753,0.018177222,0.048110753,0.5962215065956116,0.1673511849542428,1
1767010915.408853,-0.029332224,0.07329036,0.029332224,0.07329036,0.6465807259082794,0.1452339946893864,1
1767010915.482669,-0.010403235,0.0408014,0.010403235,0.0408014,0.5816027969121933,0.1274178719524226,1
1767010915.5586877,-0.030220274,0.081527784,0.030220274,0.081527784,0.6630555689334869,0.11989150827506898,1
1767010915.64029,-0.015126475,0.06423804,0.015126475,0.06423804,0.628476083278656,0.10955493831577161,1
1767010915.7173417,0.0379093,0.020736676,0.0379093,0.020736676,0.541473351418972,0.10377104542810021,1
1767010917.3093982,-0.00091721956,0.043807793,0.00091721956,0.043807793,0.5876155868172646,0.2476386044300814,1
1767010917.3850806,0.004505369,0.048932858,0.004505369,0.048932858,0.5978657156229019,0.2534451510045239,1
1767010917.4511232,0.004505369,0.048932858,0.004505369,0.048932858,0.5978657156229019,0.2592239010496395,1
1767010918.4352796,-0.011604757,0.04393306,0.011604757,0.04393306,0.5878661200404167,0.31957812619074283,1
1767010918.5002944,-0.012642729,0.040195912,0.012642729,0.040195912,0.5803918242454529,0.32308732559704795,1
1767010918.5675023,-0.01596469,0.042215735,0.01596469,0.042215735,0.5844314694404602,0.3262865819391655,1
1767010918.6435716,-0.0011180462,0.045281764,0.0011180462,0.045281764,0.590563528239727,0.3291813251180088,1
1767010918.7078156,-0.02436702,0.041531228,0.02436702,0.041531228,0.5830624550580978,0.33219981552055555,1
1767010918.7812846,-0.018191189,0.038918003,0.018191189,0.038918003,0.5778360068798065,0.33463887079943944,1
1767010918.857897,-0.01922639,0.040476687,0.01922639,0.040476687,0.580953374505043,0.33696689965684196,1
1767010918.9354424,-0.0065136226,0.055608764,0.0065136226,0.055608764,0.6112175285816193,0.33899542289152773,1
1767010919.0921714,0.05358837,-0.03861381,0.05358837,0.03861381,0.4227723777294159,0.34454452951095227,1
1767010919.169795,0.020677704,-0.058325224,0.020677704,0.058325224,0.38334955275058746,0.35447681152487764,1
1767010919.2475438,0.09404884,-0.018162578,0.09404884,0.018162578,0.4636748433113098,0.36378694979447174,1
1767010919.3316743,0.09671104,-0.02421344,0.09671104,0.02421344,0.45157311856746674,0.38734826322999594,1
1767010919.4027236,0.083311446,0.004638724,0.083311446,0.004638724,0.5092774480581284,0.4068996627375143,1
1767010919.4880207,0.0678193,-0.0030752718,0.0678193,0.0030752718,0.4938494563102722,0.4281074155866538,1
1767010919.5741258,0.040370226,-0.08274021,0.040370226,0.08274021,0.3345195800065994,0.4467536883013649,1
1767010919.653484,0.042164378,-0.07700024,0.042164378,0.07700024,0.3459995239973068,0.4784043537578956,1
1767012639.8349817,0.06561558,-0.038631193,0.06561558,0.038631193,0.48068440333008766,0.5,1
1767012639.9791698,0.11762352,0.029976133,0.11762352,0.029976133,0.5395338744740432,0.5498417133737655,1
1767012640.056198,0.13002278,0.007314123,0.13002278,0.007314123,0.5358919729458551,0.5609557017802144,1
1767012640.1302025,0.083675586,-0.0020885542,0.083675586,0.0020885542,0.536023371677316,0.5703593549984456,1
1767012640.2742882,0.058296856,0.045748446,0.058296856,0.045748446,0.5825259591859964,0.6095936196510183,1
1767012640.3467245,0.0714682,0.01824097,0.0714682,0.01824097,0.6037185864280975,0.6572406637699296,1
1767012640.4228282,0.059788592,0.04002746,0.059788592,0.04002746,0.6484429928427327,0.7067126732120086,1
1767012640.5091515,0.060791586,0.035204876,0.060791586,0.035204876,0.6876409789940434,0.753483339237847,1
1767012640.575167,0.06462408,0.041977126,0.06462408,0.041977126,0.7208946063878277,0.7912800161148613,1
1767012640.6412787,0.05984864,0.040659074,0.05984864,0.040659074,0.7421871799039381,0.8210322127830458,1
1767012640.706319,0.05473266,-0.0039696023,0.05473266,0.0039696023,0.7343897550514984,0.84458114009644,1
1767012640.7864254,0.08481332,0.03194342,0.08481332,0.03194342,0.7633111585999046,0.8613784992677582,1
1767012640.8577695,0.10445786,0.018020168,0.10445786,0.018020168,0.7680563375424951,0.8762527357405839,1
1767012640.9257836,0.08527364,0.028292019,0.08527364,0.028292019,0.7827642578497672,0.8899993666212401,1
1767012640.989878,0.13556263,0.021287512,0.13556263,0.021287512,0.786004150654202,0.9023029735978076,1
1767012641.058859,0.122349836,0.01949399,0.122349836,0.01949399,0.8041391505101848,0.9229714930997547,1
1767012641.1258962,0.1394673,0.036598843,0.1394673,0.036598843,0.8222903918742752,0.9358290677095912,1
1767012641.1939437,0.119869225,0.01984666,0.119869225,0.01984666,0.8183241511132359,0.9400444767600616,1
1767012641.2658565,0.12131137,0.019799523,0.12131137,0.019799523,0.8197237498921851,0.9447567048424259,1
1767012641.347418,0.13157548,0.03817709,0.13157548,0.03817709,0.8284373707869671,0.9478199931911012,1
1767012641.4244838,0.12125622,0.03509707,0.12125622,0.03509707,0.8273066519802669,0.9513875826398583,1
1767012641.5089452,0.12242534,0.044719655,0.12242534,0.044719655,0.8325256004244648,0.9554083728820766,1
1767012641.57238,0.03073055,-0.051064976,0.03073055,0.051064976,0.7863581652529038,0.9595886277093029,1
1767012641.7221897,0.034864213,-0.04295163,0.034864213,0.04295163,0.7836341372122103,0.9700167958737339,1
1767012641.8631966,0.0033697886,-0.062276103,0.0033697886,0.062276103,0.7698283642002072,0.9751289313325355,1
1767012641.935865,0.013536069,-0.056727104,0.013536069,0.056727104,0.7701291486568103,0.9747328513214353,1
1767012642.002866,0.012997682,-0.05492509,0.012997682,0.05492509,0.7669182498854439,0.9760952555039077,1
1767012642.077629,-0.0033140937,-0.055087768,0.0033140937,0.055087768,0.7631132841757816,0.9785207346894276,1
1767012642.1482613,0.044436917,-0.0043316483,0.044436917,0.0043316483,0.784938973214772,0.9813163928504217,1
1767012642.2961884,0.005227805,-0.046089396,0.005227805,0.046089396,0.7630026730259954,0.9922345510094523,1
1767012642.371945,0.047375336,-0.023097262,0.047375336,0.023097262,0.7741722359955021,0.996635851529241,1
1767012642.43917,0.047375336,-0.023097262,0.047375336,0.023097262,0.7759224713680359,1.0,1
1767012642.5145242,0.053121593,-0.009559691,0.053121593,0.009559691,0.7841666279028672,1.0,1
1767012642.5926306,0.04674239,-0.018046312,0.04674239,0.018046312,0.782212777309259,1.0,1
1767012642.6597555,0.04961888,-0.013257146,0.04961888,0.013257146,0.7859586316931884,1.0,1
1767012642.7327325,0.04725524,-0.017013304,0.04725524,0.017013304,0.7843899830681172,1.0,1
1767012642.8138254,0.041657805,-0.02246382,0.041657805,0.02246382,0.7820716468494568,1.0,1
1767012642.8878663,0.05056459,-0.0059735626,0.05056459,0.0059735626,0.7901276004858271,1.0,1
1767012642.9650068,0.05056459,-0.0059735626,0.05056459,0.0059735626,0.7906149663822069,1.0,1
1767012643.0455794,0.04413591,-0.029386193,0.04413591,0.029386193,0.7792861699923787,1.0,1
1767012643.1179163,0.044256218,-0.021876454,0.044256218,0.021876454,0.781529306210642,1.0,1
1767012643.18537,0.038681597,-0.057307743,0.038681597,0.057307743,0.7627561342133997,1.0,1
1767012643.263493,0.039830934,-0.044066146,0.039830934,0.044066146,0.7671328696305635,1.0,1
1767012643.3425677,0.021646474,-0.08593225,0.021646474,0.08593225,0.7448791356658611,1.0,1
1767012643.4105809,0.0719686,-0.034126513,0.0719686,0.034126513,0.7644829758288803,0.9948588285685407,1
1767012643.483598,0.082549006,-0.0356842,0.082549006,0.0356842,0.7645227476175729,0.9901754231202727,1
1767012643.5566146,0.08627299,-0.008709438,0.08627299,0.008709438,0.7713781909541488,0.9890058224028131,1
1767012643.637632,0.093736306,0.011323072,0.093736306,0.011323072,0.7791135789351871,0.9893071392098359,1
1767012643.7156498,0.09742653,0.027348604,0.09742653,0.027348604,0.7867795343480616,0.9900869294936744,1
1767012643.7986758,0.092122704,0.00088668615,0.092122704,0.00088668615,0.7745370261805561,0.9906007571468164,1
1767012643.8846884,0.07829876,-0.0104755685,0.07829876,0.0104755685,0.7700622290810452,0.9915594695949892,1
1767012643.9507213,0.07829876,-0.0104755685,0.07829876,0.0104755685,0.7709960610195434,0.9921272009803619,1
1767012644.028106,0.0683846,-0.024451204,0.0683846,0.024451204,0.7654385396553615,0.9929262887950544,1
1767012644.1077368,0.0675867,-0.029025234,0.0675867,0.029025234,0.764431249164587,0.9938099670428542,1
1767012644.1767623,0.06080747,-0.023520924,0.06080747,0.023520924,0.7675999265500419,0.9944561296107112,1
1767012644.2478514,0.06080747,-0.023520924,0.06080747,0.023520924,0.7681896933290506,0.9949517692030487,1
1767012644.325363,0.05639577,-0.054254927,0.05639577,0.054254927,0.753624276270687,0.9953276055106043,1
1767012644.7632387,0.04076382,-0.037483446,0.04076382,0.037483446,0.78622108481043,1.0,1
1767012644.8281047,0.034895774,-0.06657738,0.034895774,0.06657738,0.7713351191915457,1.0,1
1767012644.894153,0.0328384,-0.057960562,0.0328384,0.057960562,0.773808579140401,1.0,1
1767012644.969536,0.07760328,0.0018979609,0.07760328,0.0018979609,0.8020330017010315,1.0,1
1767012645.0622427,0.10498767,0.02672875,0.10498767,0.02672875,0.8158170857987651,1.0,1
1767012645.1492627,0.09669421,0.01899574,0.09669421,0.01899574,0.8143512843964811,1.0,1
1767012645.2196991,0.10047756,0.034236163,0.10047756,0.034236163,0.8226479355205737,0.9986028039669473,1
1767012645.2954361,0.047965538,-0.07949755,0.047965538,0.07949755,0.766495134860401,0.9964017285594576,1
1767012645.3724892,0.023925401,-0.061290376,0.023925401,0.061290376,0.7680135108294694,0.9920549649534606,1
1767012645.4406362,0.018343396,-0.07872511,0.018343396,0.07872511,0.7450705181831067,0.9943311629895665,1
1767012645.5207484,0.027136382,-0.07666422,0.027136382,0.07666422,0.7326308144611571,0.9983659586369524,1
1767012645.594889,0.044206165,-0.04683607,0.044206165,0.04683607,0.7378686387171095,1.0,1
1767012645.6710033,0.061256535,-0.02756133,0.061256535,0.02756133,0.7457913101935325,1.0,1
1767012645.7350879,0.10951107,0.026893172,0.10951107,0.026893172,0.7766291095342823,1.0,1
1767012645.818109,0.06331838,0.009799309,0.06331838,0.009799309,0.7763571135586683,1.0,1
1767012645.8871424,0.062360868,0.029719427,0.062360868,0.029719427,0.7908352615351752,1.0,1
1767012645.9518285,0.06331023,0.03118936,0.06331023,0.03118936,0.7970001585818126,1.0,1
1767012646.0198464,0.063043945,0.046186667,0.063043945,0.046186667,0.808948945900537,1.0,1
1767012646.09695,0.0543639,0.054662004,0.0543639,0.054662004,0.8174801221206531,1.0,1
1767012646.1701741,0.042969294,0.05341662,0.042969294,0.05341662,0.8209449212148225,1.0,1
1767012646.245202,0.021794293,0.03533359,0.021794293,0.03533359,0.8188140690935068,1.0,1
1767012646.324056,0.020101544,0.04565138,0.020101544,0.04565138,0.8322789517735529,1.0,1
1767012646.3850741,0.018149883,0.043046616,0.018149883,0.043046616,0.836027049319635,1.0,1
1767012646.529492,0.008651647,0.04141155,0.008651647,0.04141155,0.842310188150057,1.0,1
1767012647.0708163,0.05669503,0.036797903,0.05669503,0.036797903,0.8093294970981322,1.0,1
1767012647.1348317,0.08057013,0.04506269,0.08057013,0.04506269,0.7999903985401541,1.0,1
1767012647.390435,0.051342536,0.009941183,0.051342536,0.009941183,0.7550765980800097,1.0,1
1767012647.4608815,0.057020884,0.020895958,0.057020884,0.020895958,0.7583888192221665,1.0,1
1767012647.5414891,0.05175777,0.022782844,0.05175777,0.022782844,0.7596344398748212,1.0,1
1767012647.606464,0.048463702,0.019163672,0.048463702,0.019163672,0.7600553995479435,1.0,1
1767012647.6825292,0.048463702,0.019163672,0.048463702,0.019163672,0.764523570670902,1.0,1
1767012647.7448292,0.048463702,0.019163672,0.048463702,0.019163672,0.7690385567101887,1.0,1
1767012647.8063073,0.067474626,0.011564828,0.067474626,0.011564828,0.7699970627442709,1.0,1
1767012647.8815804,0.05486486,0.017471205,0.05486486,0.017471205,0.780116834487385,1.0,1
1767012647.9609203,0.08066593,0.014424704,0.08066593,0.014424704,0.7844878737879322,1.0,1
1767012648.0412824,0.110168666,0.04485719,0.110168666,0.04485719,0.8069135055605061,1.0,1
1767012648.1156292,0.117557324,0.049862206,0.117557324,0.049862206,0.8166586308153964,1.0,1
1767012648.1907573,0.09168266,0.025085062,0.09168266,0.025085062,0.8097586908958627,0.9993926413314225,1
1767012648.256431,0.06584647,0.023687918,0.06584647,0.023687918,0.8136861783004626,0.9990192756013034,1
1767012648.484646,0.06118988,-0.017281465,0.06118988,0.017281465,0.8022621460077946,0.9989709942488416,1
1767012648.551475,0.031546127,-0.054279782,0.031546127,0.054279782,0.7865642814978819,0.9995399027257021,1
1767012648.8611171,0.023508802,0.03614983,0.023508802,0.03614983,0.8836999148130418,0.9671768744096552,1
1767012648.936941,0.04198852,-0.036614202,0.04198852,0.036614202,0.8473178990185262,0.9452200730632586,1
1767012649.002525,0.0465674,-0.030496925,0.0465674,0.030496925,0.8503765374422074,0.939317988933686,1
1767012655.812906,-0.018378548,0.050982337,0.018378548,0.050982337,0.8911161687225104,0.9397714032322243,1
1767012655.9481797,0.11349421,-0.1052307,0.11349421,0.1052307,0.7862954073674613,0.8966627299134542,1
1767012656.0237284,0.08075693,-0.025981762,0.08075693,0.025981762,0.8173368940793131,0.8855288558627953,1
1767012656.0899506,0.071112916,-0.004950322,0.071112916,0.004950322,0.828150240123239,0.885337984022835,1
1767012656.1556468,0.082304776,-0.064023845,0.082304776,0.064023845,0.8005453297747056,0.8893325605145112,1
1767012656.230856,0.057973053,-0.061854072,0.057973053,0.061854072,0.7942908878843136,0.9019368553767286,1
1767012656.3017588,0.074808575,-0.023206212,0.074808575,0.023206212,0.8069398914268997,0.9147908361238448,1
1767012656.3804977,0.05569095,-0.019010559,0.05569095,0.019010559,0.8078667746168445,0.9247173986502568,1
1767012656.4620411,0.054188855,0.018561095,0.054188855,0.018561095,0.8280675205432544,0.9325990883009277,1
1767012656.5318615,0.051574096,-0.0046197176,0.051574096,0.0046197176,0.8147952074177421,0.9393935669749358,1
1767012656.6767783,0.0038724048,-0.038338766,0.0038724048,0.038338766,0.7895893521953274,0.9472664368394169,1
1767012656.7431085,0.0891665,0.023233123,0.0891665,0.023233123,0.818002775716369,0.9506972762891694,1
1767012656.8147426,0.07226184,0.021540754,0.07226184,0.021540754,0.8137830010166456,0.9540708323938569,1
1767012656.8962834,0.04342301,-0.0128396,0.04342301,0.0128396,0.7916363116417775,0.9583006627607296,1
1767012657.0555408,0.07012315,-0.021123923,0.07012315,0.021123923,0.7726595926261235,0.9655659840285394,1
1767012657.1316547,0.08682922,-0.030287579,0.08682922,0.030287579,0.7608818934967374,0.9687804627656298,1
1767012657.2075176,0.076746985,-0.00812339,0.076746985,0.00812339,0.768365184585281,0.9739051663555764,1
1767012657.4857674,0.062615104,0.03120029,0.062615104,0.03120029,0.8012158661517179,0.9874466878162226,1
1767012657.5625775,0.0372296,0.020178325,0.0372296,0.020178325,0.801679597687797,0.989747210019482,1
1767012657.627075,0.05407631,0.029117867,0.05407631,0.029117867,0.8103614279725602,0.9938943104594291,1
1767012657.706802,0.039098796,0.035224587,0.039098796,0.035224587,0.8163657027921352,0.9972266651088719,1
1767012657.776109,0.036601376,0.032363508,0.036601376,0.032363508,0.8167005833749481,0.9963636181541662,1
1767012657.9109857,0.05525377,0.010270186,0.05525377,0.010270186,0.8061457253780983,0.9963182494969361,1
1767012657.9885662,0.037847716,-0.0029496849,0.037847716,0.0029496849,0.8036843144262633,0.9971104272783776,1
1767012658.06565,0.06655212,-0.0006523058,0.06655212,0.0006523058,0.8097041081976217,0.9982771849594966,1
1767012658.142948,0.05422016,-0.00848797,0.05422016,0.00848797,0.8050278266054438,0.998323932078919,1
1767012658.2210336,0.055242516,-0.01288414,0.055242516,0.01288414,0.800272141179422,0.9981626448816755,1
1767012658.3741224,0.044704944,0.035325255,0.044704944,0.035325255,0.8167649051203835,1.0,1
1767012658.443145,0.07297048,0.034325067,0.07297048,0.034325067,0.816626841144728,1.0,1
1767012658.5144818,0.013221273,-0.056274496,0.013221273,0.056274496,0.7731180982107126,1.0,1
1767012658.6675649,-0.014348916,0.063809186,0.014348916,0.063809186,0.8361547914144085,1.0,1
1767012658.7477283,0.0038400562,0.061807133,0.0038400562,0.061807133,0.8391203246242883,1.0,1
1767012658.9538143,0.11230592,-0.059741862,0.11230592,0.059741862,0.7604480710429563,0.9750903584575517,1
1767012659.1830146,0.07060415,0.012254089,0.07060415,0.012254089,0.7660522325656445,0.9867503235290964,1
1767012659.259333,0.080887794,0.010488115,0.080887794,0.010488115,0.7558033200305314,0.9879651856764895,1
1767012659.4141421,0.05572248,-0.009557188,0.05572248,0.009557188,0.7257269150042187,0.9902986487026408,1
1767012659.496037,0.050847832,-0.040858023,0.050847832,0.040858023,0.7014845858780538,0.9912064196782258,1
1767012659.5690649,0.051519386,-0.031660967,0.051519386,0.031660967,0.6955249832765285,0.9917783278500795,1
1767012659.6360972,-0.012709885,-0.054245137,0.012709885,0.054245137,0.6751210766902044,0.9918700614067474,1
1767012659.7772732,0.07354157,-0.009020761,0.07354157,0.009020761,0.7007444155807392,0.9933205944087602,1
1767012659.8538685,0.059380595,-0.02781678,0.059380595,0.02781678,0.6961764136124413,0.9936128451921105,1
1767012659.9257371,-0.0064329663,0.035704758,0.0064329663,0.035704758,0.7351782638928224,0.9953721187810978,1
1767012659.9932983,-0.041334562,0.030382968,0.041334562,0.030382968,0.7401068315265459,0.9940840920345201,1
1767012664.888589,0.083975576,-0.011763088,0.083975576,0.011763088,0.7257527921023214,0.9933540438568762,1
1767012664.9566112,0.06355811,-0.035473146,0.06355811,0.035473146,0.6095368997346355,0.9411615920481291,1
1767012665.3908215,0.087963976,-0.10740542,0.087963976,0.10740542,0.5585740232171045,0.89574898000355,1
1767012665.4686043,-0.052510258,0.06274834,0.052510258,0.06274834,0.6411575514178602,0.8992930209325241,1
1767012665.5446103,0.07182599,0.014161464,0.07182599,0.014161464,0.6262194348646104,0.903008558440641,1
1767012665.620273,-0.0793048,0.036680162,0.0793048,0.036680162,0.6409331080095956,0.9062672881186585,1
1767012665.6979742,-0.064703844,0.0004406795,0.064703844,0.0004406795,0.6272288489791247,0.8984751180870939,1
1767012665.8393059,-0.037563566,-0.026256882,0.037563566,0.026256882,0.6144603552090234,0.83042548216109,1
1767012668.0973384,-0.07043196,-0.07662972,0.07043196,0.07662972,0.5870411304092268,0.8011083786382003,1
1767012668.1736884,-0.010212605,-0.104701616,0.010212605,0.104701616,0.5710896023642514,0.7790707364033442,1
1767012668.252279,-0.018958565,-0.11435158,0.018958565,0.11435158,0.5599240002196493,0.7582451387562056,1
1767012669.0129182,0.056702383,0.0053458586,0.056702383,0.0053458586,0.6119659717611167,0.737403128540386,1
1767012669.1613238,-0.048068177,0.025611937,0.048068177,0.025611937,0.6234088089617428,0.713536994884095,1
1767012669.232428,-0.058059935,0.025648799,0.058059935,0.025648799,0.625613674671303,0.6993394463159447,1
1767012669.3098948,-0.04693653,0.010304853,0.04693653,0.010304853,0.6200631548271287,0.6840640341212931,1
1767012669.6079805,0.036468606,-0.035039283,0.036468606,0.035039283,0.5967727301592131,0.6338190095998836,1
1767012669.6858826,0.038263492,-0.024203874,0.038263492,0.024203874,0.5991151354551911,0.6404231659781146,1
1767012669.8269637,0.081263036,-0.012710735,0.081263036,0.012710735,0.6039975353343521,0.656580623130117,1
1767012669.984184,0.04766449,-0.024069652,0.04766449,0.024069652,0.6006095270335866,0.6713947754460095,1
1767012670.2025816,0.04777358,0.0049218163,0.04777358,0.0049218163,0.614582473225468,0.6929187379184234,1
1767012670.3545496,0.09403014,-0.031296723,0.09403014,0.031296723,0.5979649662340036,0.7063015078523848,1
1767012670.4209177,0.06280253,-0.0029053465,0.06280253,0.0029053465,0.6198012769656255,0.7239074087905645,1
1767012670.5664077,0.069924444,-0.014849104,0.069924444,0.014849104,0.6480666764237478,0.7777768579510818,1
1767012670.6351185,0.07943182,-0.03052684,0.07943182,0.03052684,0.656171276227479,0.8049033850641337,1
1767012670.8021116,0.066286124,0.00051308423,0.066286124,0.00051308423,0.6957996299179978,0.8485187288297676,1
1767012670.9327095,0.04962335,0.0070217326,0.04962335,0.0070217326,0.7222760597949567,0.88215695356684,1
1767012671.0105789,0.04055406,-0.00073203444,0.04055406,0.00073203444,0.7284361277689607,0.8963554101472513,1
1767012671.087914,0.051844507,-0.008575276,0.051844507,0.008575276,0.733520800532717,0.9088921097677705,1
1767012671.15493,0.04355336,-0.0012034848,0.04355336,0.0012034848,0.7441216343011999,0.9191328373730245,1
1767012671.218984,0.05173385,-0.009998798,0.05173385,0.009998798,0.7459344196436937,0.9288048102384783,1
1767012671.3510966,0.0506225,-0.0059437975,0.0506225,0.0059437975,0.7632865994226269,0.9430268297470213,1
1767012671.7926257,-0.044292167,0.0026531443,0.044292167,0.0026531443,0.7884984746202643,0.8860927510281107,1
1767012671.8672664,-0.049965072,0.01451499,0.049965072,0.01451499,0.7841496341180288,0.8041785185175572,1
1767012671.9333463,-0.05155055,0.018860318,0.05155055,0.018860318,0.7772161419649448,0.7467363905844521,1
1767012672.0095704,-0.04659578,0.0019946247,0.04659578,0.0019946247,0.760490528662596,0.7037633540539853,1
1767012672.091088,-0.040239993,0.008545406,0.040239993,0.008545406,0.754071802010261,0.6691993709817409,1
1767012672.1647682,-0.04959522,0.010481276,0.04959522,0.010481276,0.746454810776785,0.64108135328231,1
1767012672.232786,-0.04341305,0.007899053,0.04341305,0.007899053,0.7370313863898521,0.6170933366829252,1
1767012672.305898,-0.041521788,-0.0015491694,0.041521788,0.0015491694,0.7244348717921605,0.5955768792259186,1
1767012672.3761377,-0.040463552,0.0053800493,0.040463552,0.0053800493,0.7197242811154403,0.5764832213622406,1
1767012672.6057267,-0.04628581,0.0070152283,0.04628581,0.0070152283,0.7134705632113765,0.5587453891010135,1
1767012672.74549,-0.044864725,0.015142642,0.044864725,0.015142642,0.7241586730890085,0.4602511570702963,1
1767012672.8220139,-0.042225733,0.009847745,0.042225733,0.009847745,0.7321799525702043,0.40024660177463145,1
1767012672.8854303,-0.04003535,0.0125439465,0.04003535,0.0125439465,0.7455226642147661,0.345215334125015,1
1767012672.9484596,-0.03732147,0.018839154,0.03732147,0.018839154,0.7570079224957731,0.2971202410786196,1
1767012673.0875766,-0.03920652,0.003964983,0.03920652,0.003964983,0.7636743401473389,0.2129648900358825,1
1767012673.2326674,-0.049628522,0.008555397,0.049628522,0.008555397,0.775850692173018,0.15876303450547022,1
1767012673.3062174,-0.040639963,0.0123211,0.040639963,0.0123211,0.7840757886586712,0.13730964161688894,1
1767012673.3709712,-0.039530456,0.0124643445,0.039530456,0.0124643445,0.7881996156536959,0.12071635485991497,1
1767012673.435992,-0.04455703,0.012782536,0.04455703,0.012782536,0.7916740704698949,0.10594796094292729,1
1767012673.5077987,-0.05110431,0.011434384,0.05110431,0.011434384,0.793440494781571,0.0932695082272607,1
1767012673.6675029,-0.037324414,0.021966584,0.037324414,0.021966584,0.8028828180860454,0.07317747567814396,1
1767012673.8172212,-0.045251396,0.017237399,0.045251396,0.017237399,0.802571350248354,0.05744657781765585,1
1767012674.1711862,0.05236882,0.002734147,0.05236882,0.002734147,0.8009240051322977,0.03149641179749446,1
1767012674.4552999,0.09248067,-0.023140185,0.09248067,0.023140185,0.7728105134924864,0.11907853869013009,1
1767012674.5905654,0.04576279,0.0061113387,0.04576279,0.0061113387,0.7620797749360537,0.2363289965453172,1
1767012674.6656272,0.046803273,-0.024702586,0.046803273,0.024702586,0.7377370362498984,0.27463649209450475,1
1767012674.7296414,0.056128494,-0.0052736253,0.056128494,0.0052736253,0.7369252994469588,0.30623794568022106,1
1767012674.8176558,0.0678593,-0.008077599,0.0678593,0.008077599,0.7264869310802462,0.3327431091401046,1
1767012674.912677,0.074822895,-0.0052332804,0.074822895,0.0052332804,0.720275157757079,0.3548783773681216,1
1767012674.9806921,0.05397104,-0.0020697713,0.05397104,0.0020697713,0.7141338200649088,0.3750699548783692,1
1767012675.3612156,-0.035326436,0.020514749,0.035326436,0.020514749,0.7310725580002306,0.57855192925355,1
1767012675.569989,-0.04263038,0.013286568,0.04263038,0.013286568,0.7592131425881922,0.7324369379344339,1
1767012675.6490426,-0.03890033,0.013548277,0.03890033,0.013548277,0.7617445893496271,0.7477122084106901,1
1767012675.878735,0.049049366,-0.035359852,0.049049366,0.035359852,0.7264744205311743,0.6275970334245009,1
1767012676.0068192,-0.045496684,0.012257777,0.045496684,0.012257777,0.7328630657752399,0.6439062241132895,1
1767012676.2222886,-0.039659392,0.011319846,0.039659392,0.011319846,0.7165443290754967,0.6028746535845155,1
1767012676.371419,0.08739008,-0.0191335,0.08739008,0.0191335,0.6900755225559689,0.5677087024833061,1
1767012676.4344592,0.061159655,-0.026259914,0.061159655,0.026259914,0.67831992187912,0.5732883948923944,1
1767012676.5034964,0.06178551,-0.024719574,0.06178551,0.024719574,0.6696633173286768,0.5859599167692324,1
1767012676.5784185,0.060969826,-0.026694812,0.060969826,0.026694812,0.6606670692120232,0.5981191477787973,1
1767012676.645725,0.05668368,-0.035358623,0.05668368,0.035358623,0.6491932729346974,0.6092552028636086,1
1767012676.7222764,0.053139042,-0.04237809,0.053139042,0.04237809,0.6385642017549928,0.6196566399427631,1
1767012676.801823,0.010647827,-0.050432242,0.010647827,0.050432242,0.6274842630882823,0.6294488737141378,1
1767012676.878775,-0.0399188,-0.008131988,0.0399188,0.008131988,0.6413864862220197,0.6387514196716992,1
1767012676.9575186,-0.042242434,-0.0055231154,0.042242434,0.0055231154,0.6397271674950807,0.6472154837738242,1
1767012677.0366702,-0.04584304,-0.01226259,0.04584304,0.01226259,0.6341575743177774,0.6499011632346123,1
1767012677.111019,-0.045537956,-0.009544902,0.045537956,0.009544902,0.6323941122592869,0.6366894027745362,1
1767012677.1740823,-0.030087184,-0.044674963,0.030087184,0.044674963,0.6121974075230256,0.6210404442071029,1
1767012677.2391016,-0.036482606,-0.05262161,0.036482606,0.05262161,0.6030895838640385,0.6056473542787614,1
1767012677.3141706,-0.01703944,-0.043612048,0.01703944,0.043612048,0.6022608196329375,0.5907027739798267,1
1767012677.3811738,-0.02563845,-0.04796312,0.02563845,0.04796312,0.596400550690913,0.5761131252941596,1
1767012677.4543734,-0.05341624,-0.038008265,0.05341624,0.038008265,0.5974712651084714,0.561938859632559,1
1767012677.519388,-0.043241806,-0.053897686,0.043241806,0.053897686,0.5868649955803328,0.5483028300367647,1
1767012677.5922294,-0.02185094,-0.058117785,0.02185094,0.058117785,0.5806933265570162,0.5346693355936974,1
1767012677.7329712,-0.04234205,-0.014829971,0.04234205,0.014829971,0.5977996750508361,0.5089119091007472,1
1767012677.7973337,-0.040601823,0.0072420985,0.040601823,0.0072420985,0.6211212957978526,0.4729511933926659,1
1767012677.8768125,-0.04538159,-0.022157438,0.04538159,0.022157438,0.6298603962858627,0.42161894152134105,1
1767012677.9550107,-0.039264947,-0.001180701,0.039264947,0.001180701,0.6622656993447722,0.3676081733179812,1
1767012678.0320287,-0.04298586,-0.0034389347,0.04298586,0.0034389347,0.6829712665016209,0.3139032024724169,1
1767012678.1090927,-0.038976338,-0.0008087605,0.038976338,0.0008087605,0.7035327751589849,0.2677128186483274,1
1767012678.1747258,-0.056783367,-0.008915521,0.056783367,0.008915521,0.7155504676917913,0.22614632445920077,1
1767012678.2560172,-0.062375378,0.007981658,0.062375378,0.007981658,0.7375410293032527,0.1925816168573886,1
1767012678.335693,-0.0414022,-0.00092924386,0.0414022,0.00092924386,0.7442779231567682,0.1659737029689718,1
1767012678.413763,-0.03874771,-0.0012230277,0.03874771,0.0012230277,0.7536561315696124,0.1434755342608482,1
1767012678.4866426,-0.039756365,0.007325597,0.039756365,0.007325597,0.7651367229233331,0.12484928997790697,1
1767012678.625109,-0.041171104,-0.0027736872,0.041171104,0.0027736872,0.7710239377888898,0.09455490516302939,1
1767012678.7025907,-0.04568024,-0.011358358,0.04568024,0.011358358,0.7705662064776952,0.0834874109220045,1
1767012678.9879477,-0.03679749,-0.010535926,0.03679749,0.010535926,0.7816357028437211,0.04991619729626949,1
1767012679.0551183,-0.05464756,0.011029497,0.05464756,0.011029497,0.7938579161862195,0.04329555366107311,1
1767012679.1243594,-0.06303086,0.012045398,0.06303086,0.012045398,0.7966789165150023,0.03858644865697988,1
1767012679.2803812,-0.036280748,0.0049419105,0.036280748,0.0049419105,0.7958524085310517,0.030698434534295316,1
1767012679.3576605,-0.04194899,-0.0008266866,0.04194899,0.0008266866,0.7936584402225748,0.027400317290872528,1
1767012679.4858384,0.05353287,-0.041654155,0.05353287,0.041654155,0.7687949318008489,0.023892335996787938,1
1767012679.553995,0.0597645,-0.029188,0.0597645,0.029188,0.7709856769293422,0.022875116376039607,1
1767012679.626895,0.06052287,-0.027709998,0.06052287,0.027709998,0.7617639420356763,0.07990438386337136,1
1767012679.703427,0.06257272,-0.022627212,0.06257272,0.022627212,0.7499233459250119,0.18439218771619595,1
1767012679.7654314,0.06172629,-0.02487696,0.06172629,0.02487696,0.7365818451277978,0.2615093105865297,1
1767012679.8294554,0.060553532,-0.027648546,0.060553532,0.027648546,0.7244971610528393,0.31544372651711444,1
1767012679.9055743,0.06137373,-0.025769465,0.06137373,0.025769465,0.7128911591611451,0.3562863582216916,1
1767012679.9825032,0.07106549,-0.016241394,0.07106549,0.016241394,0.7109287778500697,0.38664211842138735,1
1767012680.059679,0.0615872,-0.025246695,0.0615872,0.025246695,0.696059086133981,0.4127485969083121,1
1767012680.1402848,0.061162245,-0.026253976,0.061162245,0.026253976,0.6872066352591398,0.43490060135135433,1
1767012680.2173402,0.06758282,-0.01715643,0.06758282,0.01715643,0.6837512283840751,0.4542684164724165,1
1767012680.3017683,0.06238446,-0.023127578,0.06238446,0.023127578,0.6742702017723788,0.4710847287414938,1
1767012680.3658001,0.05805684,-0.03256712,0.05805684,0.03256712,0.6705800748933572,0.5113917599719705,1
1767012680.4359446,0.052631762,-0.043310575,0.052631762,0.043310575,0.6729030550126887,0.5618890034067394,1
1767012680.5190701,0.06690065,-0.017439887,0.06690065,0.017439887,0.6951905548201287,0.6178987298021947,1
1767012680.5907621,0.05566408,-0.037431374,0.05566408,0.037431374,0.6975258741126721,0.6714511099687819,1
1767012680.6680803,0.061681136,-0.024996981,0.061681136,0.024996981,0.7138684876676845,0.7180107638798411,1
1767012680.73513,0.059384577,-0.029932044,0.059384577,0.029932044,0.7214928008755656,0.757085847281192,1
1767012680.812305,0.056857523,-0.035005234,0.056857523,0.035005234,0.7270639968539546,0.7891028943862053,1
1767012680.8868248,0.051494155,-0.045401715,0.051494155,0.045401715,0.7280031128091553,0.8168110334634231,1
1767012680.9568582,0.056570277,-0.035589166,0.056570277,0.035589166,0.7388365141377078,0.8371975151657307,1
1767012681.1047132,-0.052869413,-0.024902783,0.052869413,0.024902783,0.7593631495281792,0.8731028954991045,1
1767012681.247797,-0.04180326,-0.014325313,0.04180326,0.014325313,0.7791547052345273,0.8747153979233644,1
1767012681.386971,-0.03876246,-0.01868847,0.03876246,0.01868847,0.7663026333911489,0.7185091920553894,1
1767012681.4510207,-0.04154228,-0.038240023,0.04154228,0.038240023,0.7464826181375743,0.6673061989848633,1
1767012681.534158,-0.047019828,-0.035689212,0.047019828,0.035689212,0.7356117150967776,0.628096759497375,1
1767012681.6069734,0.05482589,-0.0391353,0.05482589,0.0391353,0.722264398706348,0.5975514279757327,1
1767012681.6837022,-0.044877715,0.009343393,0.044877715,0.009343393,0.7352268123921915,0.5724567642165644,1
1767012681.7477202,-0.010606348,-0.07065307,0.010606348,0.07065307,0.688586817096521,0.55165469813778,1
1767012681.8851175,-0.047569793,-0.04329925,0.047569793,0.04329925,0.67921612621096,0.5204067739944862,1
1767012681.9502568,-0.014111496,-0.038801685,0.014111496,0.038801685,0.6713883091829537,0.5055764460890755,1
1767012682.0261302,0.00093685,-0.042060606,0.00093685,0.042060606,0.660949851195894,0.49186825534214024,1
1767012682.1121352,-0.040201392,-0.03611917,0.040201392,0.03611917,0.655545784347209,0.4782100194281101,1
1767012682.1811895,-0.043514486,-0.030400448,0.043514486,0.030400448,0.6512622922096795,0.46553042665177985,1
1767012682.3194268,-0.053060804,-0.018389516,0.053060804,0.018389516,0.6466394049617722,0.4423838077640781,1
1767012682.3863435,-0.040732726,-0.023845188,0.040732726,0.023845188,0.6395911307588409,0.4314064790917393,1
1767012682.4514155,-0.04217086,-0.015520923,0.04217086,0.015520923,0.6402653786616526,0.4205396652404751,1
1767012682.5220435,-0.038431555,-0.008438185,0.038431555,0.008438185,0.6405031803285417,0.4104320285358565,1
1767012682.589059,-0.05255344,-0.015682422,0.05255344,0.015682422,0.6440961743420988,0.3833002863328647,1
1767012682.7414756,-0.043903295,-0.018562645,0.043903295,0.018562645,0.6719345538372626,0.30167167083067886,1
1767012682.8925655,-0.036363993,-0.018246949,0.036363993,0.018246949,0.7021913395612607,0.22478105430192274,1
1767012682.963851,0.011408354,-0.05151633,0.011408354,0.05151633,0.6987497800867521,0.19424281088193118,1
1767012683.0416253,-0.07287442,-0.028660513,0.07287442,0.028660513,0.7152029731679018,0.17501378290286082,1
1767012683.107633,-0.08037727,-0.038115963,0.08037727,0.038115963,0.7179453188846624,0.15558581181893652,1
1767012683.1836703,-0.0752475,-0.017917402,0.0752475,0.017917402,0.7349177798393047,0.13807577858181896,1
1767012683.2597754,-0.03530298,-0.053563528,0.03530298,0.053563528,0.7244365706219991,0.12075533829915179,1
1767012685.3120897,-0.048368502,-0.027029797,0.048368502,0.027029797,0.741786965095879,0.10706124619840937,1
1767012685.3901806,-0.03938933,-0.0038108751,0.03938933,0.0038108751,0.7610919690946356,0.09152025303803846,1
1767012685.4708421,-0.038094282,-0.010550879,0.038094282,0.010550879,0.7642974442068355,0.0798511750141582,1
1767012685.5528467,-0.04155392,-0.009650372,0.04155392,0.009650372,0.7694612580471976,0.0700760085956772,1
1767012685.6252394,0.05293971,-0.042744525,0.05293971,0.042744525,0.7564886504089388,0.062022946856296696,1
1767012685.7004201,0.0031190785,-0.041440554,0.0031190785,0.041440554,0.757357547020316,0.05786477476519199,1
1767012686.185543,-0.008782637,-0.05050031,0.008782637,0.05050031,0.7679220892681012,0.04702252013483282,1
1767012686.2676053,-0.008916301,-0.055451937,0.008916301,0.055451937,0.821005748945119,0.04586189795286155,1
1767012686.3442764,0.014932984,-0.13736579,0.014932984,0.13736579,0.7942266661020715,0.04343693669859326,1
1767012686.4243793,0.073538624,-0.041138336,0.073538624,0.041138336,0.8391433008217544,0.05573392050641248,1
1767012688.1797438,0.038665246,-0.0001411289,0.038665246,0.0001411289,0.712686730367377,0.5389298252439975,1
1767012688.620018,0.06842422,0.0019636825,0.06842422,0.0019636825,0.6793372532956676,0.4914995027864555,1
1767012688.6850395,0.048574254,0.0020482466,0.048574254,0.0020482466,0.6733776014448463,0.49787431917953245,1
1767012689.1870146,0.038428366,0.028190352,0.038428366,0.028190352,0.6609316810613677,0.5386188586594393,1
1767012689.262065,0.058629714,-0.027539507,0.058629714,0.027539507,0.6329043090887083,0.5438604495230094,1
1767012689.3403273,0.065224074,0.006968759,0.065224074,0.006968759,0.6451452820347949,0.55597090089762,1
1767012689.4203694,0.07578415,-0.0057802424,0.07578415,0.0057802424,0.6366870963918888,0.5670227664584415,1
1767012689.4903853,0.07892322,-0.002102144,0.07892322,0.002102144,0.6357643446057519,0.5773358197734544,1
1767012689.562401,0.060256857,-0.0121383,0.060256857,0.0121383,0.6280943101634919,0.586053221542826,1
1767012689.6484206,0.07308916,-0.01004336,0.07308916,0.01004336,0.6260930691805799,0.594621604512156,1
1767012689.7931852,0.093797825,-0.03038036,0.093797825,0.03038036,0.6111407536764616,0.6114289218208442,1
1767012689.8574505,0.06906999,-0.031588346,0.06906999,0.031588346,0.6065676677235311,0.6186663951413629,1
1767012689.9426954,0.06906999,-0.031588346,0.06906999,0.031588346,0.6035134778921752,0.6260914487037074,1
1767012690.010738,0.058681745,-0.010962807,0.058681745,0.010962807,0.6212569235308477,0.6473665796309707,1
1767012690.0747519,0.0763716,-0.016995251,0.0763716,0.016995251,0.6354982572710887,0.678286831597639,1
1767012690.1397734,0.083821796,-0.01662819,0.083821796,0.01662819,0.66076275135809,0.7095441590926828,1
1767012690.2143345,0.07594175,-0.016175836,0.07594175,0.016175836,0.6855312913458789,0.7423249052099776,1
1767012690.2973878,0.06928476,-0.012819178,0.06928476,0.012819178,0.7081017779043707,0.775835488481833,1
1767012690.3714204,0.0792712,-0.00955078,0.0792712,0.00955078,0.72542304111868,0.8053124641579841,1
1767012690.4488647,0.07527286,-0.024949655,0.07527286,0.024949655,0.7382424183514327,0.8397329194182238,1
1767012690.527956,0.10378282,-0.017874323,0.10378282,0.017874323,0.7569193485343261,0.8685378706766247,1
1767012690.6022155,0.09421547,-0.013265751,0.09421547,0.013265751,0.7687731193968806,0.8874674399909526,1
1767012690.6688004,0.06830003,-0.014024392,0.06830003,0.014024392,0.7744006627555968,0.9029429644125261,1
1767012690.8061852,0.08031578,-0.026556209,0.08031578,0.026556209,0.7675046589409098,0.9105379200593919,1
1767012690.8722205,0.07945501,-0.01632484,0.07945501,0.01632484,0.7755258222809206,0.9305428681695422,1
1767012690.956611,0.09401579,-0.018658847,0.09401579,0.018658847,0.7760571772250702,0.9446924978407181,1
1767012691.0255373,0.11230592,-0.059741862,0.11230592,0.059741862,0.7586930515105039,0.9587801843491808,1
1767012691.1146374,0.06080089,0.0037722588,0.06080089,0.0037722588,0.7900214011329837,0.9678884882384866,1
1767012691.2614155,0.031906668,-0.043711707,0.031906668,0.043711707,0.7656039590046703,0.9718437365792102,1
1767012691.3435795,0.057220332,-0.05770258,0.057220332,0.05770258,0.7513584843998663,0.9692057783573197,1
1767012691.414645,0.041736312,-0.040927947,0.041736312,0.040927947,0.7558298505708355,0.9689010371215331,1
1767012691.4790933,0.07287906,-0.0685946,0.07287906,0.0685946,0.7406750258375271,0.969733392391782,1
1767012691.5534203,0.07507343,-0.084736995,0.07507343,0.084736995,0.7284369375663133,0.9736310135851823,1
1767012691.6349738,0.093786106,-0.027720936,0.093786106,0.027720936,0.750956833254386,0.9801917454059049,1
1767012691.7046669,0.11973164,-0.047957487,0.11973164,0.047957487,0.7400909814828113,0.9844889771798341,1
1767012691.772775,0.11215337,-0.041711137,0.11215337,0.041711137,0.743245281340041,0.9876639586290993,1
1767012691.8522906,0.11215337,-0.041711137,0.11215337,0.041711137,0.744160298784478,0.989385132831787,1
1767012691.919306,0.10533703,-0.042958327,0.10533703,0.042958327,0.7451017453719336,0.9906114550722673,1
1767012691.9984503,0.10533703,-0.042958327,0.10533703,0.042958327,0.7480497348387971,0.99127403073776,1
1767012692.0614707,0.03882394,-0.07806159,0.03882394,0.07806159,0.7328117854647996,0.9917049202956553,1
1767012692.1274915,0.054074332,-0.08087123,0.054074332,0.08087123,0.7310542955982887,0.9898107188793103,1
1767012692.1928837,0.0676007,-0.07303279,0.0676007,0.07303279,0.7344629624568586,0.98915367180808,1
1767012692.274791,0.054161564,-0.07121102,0.054161564,0.07121102,0.7348830542493883,0.9855982243379341,1
1767012692.348646,0.086349964,-0.06466774,0.086349964,0.06466774,0.7380432670867333,0.9830965889817393,1
1767012692.426475,0.10671016,-0.03008169,0.10671016,0.03008169,0.7559745488708888,0.9823295366537749,1
1767012692.4915059,0.1001025,-0.021982975,0.1001025,0.021982975,0.7628636033082512,0.9830204796831281,1
1767012692.5715468,0.12093656,-0.021891005,0.12093656,0.021891005,0.7651854925526305,0.9840499282684158,1
1767012692.646525,0.12093656,-0.021891005,0.12093656,0.021891005,0.76813711811996,0.9876425404724963,1
1767012692.7236037,0.10930623,-0.038746513,0.10930623,0.038746513,0.7618476017272822,0.9901935835253816,1
1767012692.810713,0.12740935,-0.01658874,0.12740935,0.01658874,0.7744966022973443,0.9931982145244161,1
1767012692.8837295,0.10868635,0.030164167,0.10868635,0.030164167,0.7997709028260003,0.9948823112847891,1
1767012692.9617438,0.08371185,-0.036817513,0.08371185,0.036817513,0.7698922048535409,0.9946747730726293,1
1767012693.0468686,0.08330969,-0.03949946,0.08330969,0.03949946,0.7689551190283774,0.9964781839490984,1
1767012693.1118758,0.07845619,-0.02141188,0.07845619,0.02141188,0.7784405181718717,0.9973971977409218,1
1767012693.1881163,0.11757408,0.035926342,0.11757408,0.035926342,0.8079685847615832,0.998341574717157,1
1767012693.2642007,0.07985123,-0.010158621,0.07985123,0.010158621,0.7888798912528249,0.998011302737649,1
1767012693.3280656,0.115975276,0.019327361,0.115975276,0.019327361,0.804478039863202,0.9976132157971316,1
1767012693.4072814,0.09304848,-0.0017930344,0.09304848,0.0017930344,0.7960596589255293,0.9981497552026688,1
1767012693.4815845,0.09808036,0.0016547814,0.09808036,0.0016547814,0.7982192251193853,0.998655250277065,1
1767012693.5663648,0.09808036,0.0016547814,0.09808036,0.0016547814,0.7985403530109125,0.9991844402639828,1
1767012693.6498146,0.09808036,0.0016547814,0.09808036,0.0016547814,0.7987301370514397,0.9993047146623496,1
1767012693.7218287,0.096148215,-0.0014759824,0.096148215,0.0014759824,0.7972483132187931,0.999220577323328,1
1767012693.7942603,0.10862992,0.013954289,0.10862992,0.013954289,0.8047844490893855,0.9994432190007305,1
1767012693.8733745,0.12609643,0.019483112,0.12609643,0.019483112,0.80761578614745,0.9994925304385912,1
1767012693.958343,0.11309529,0.027377836,0.11309529,0.027377836,0.81240483058285,0.998995338512083,1
1767012694.0276873,0.10591168,0.01892234,0.10591168,0.01892234,0.8092479653478548,0.9983806569325561,1
1767012694.1030133,0.12549539,0.02951872,0.12549539,0.02951872,0.8166368452214803,1.0,1
1767012694.1730294,0.12843835,0.031109706,0.12843835,0.031109706,0.8192061067951207,1.0,1
1767012694.246142,0.112641275,0.013922095,0.112641275,0.013922095,0.8121440739285183,1.0,1
1767012694.3279035,0.09766986,-0.017996818,0.09766986,0.017996818,0.7963866395768852,1.0,1
1767012694.4109328,0.104621254,-0.027453668,0.104621254,0.027453668,0.7894550599160243,1.0,1
1767012694.487957,0.09828352,-0.027628921,0.09828352,0.027628921,0.7873414849181299,1.0,1
1767012694.5629694,0.09828352,-0.027628921,0.09828352,0.027628921,0.7858076139987022,1.0,1
1767012694.6334345,0.090450875,-0.025519818,0.090450875,0.025519818,0.7854609865983139,1.0,1
1767012694.717618,0.08094644,-0.035210766,0.08094644,0.035210766,0.7792400041023697,1.0,1
1767012694.7893054,0.090450875,-0.025519818,0.090450875,0.025519818,0.7827951150908801,1.0,1
1767012694.855319,0.075884506,-0.035922736,0.075884506,0.035922736,0.7768033553019562,1.0,1
1767012694.9289298,0.08139293,-0.036338814,0.08139293,0.036338814,0.7754180473395549,1.0,1
1767012694.9983442,0.07870369,-0.030325852,0.07870369,0.030325852,0.7773741185059692,1.0,1
1767012695.0735686,0.082993634,-0.03666073,0.082993634,0.03666073,0.773599732907411,1.0,1
1767012695.1454072,0.12656324,-0.016293243,0.12656324,0.016293243,0.7829800386805812,1.0,1
1767012695.2114153,0.12656324,-0.016293243,0.12656324,0.016293243,0.7829697023453426,1.0,1
1767012695.2875385,0.06736413,-0.08051244,0.06736413,0.08051244,0.7509728154655856,1.0,1
1767012695.3717463,0.0590098,-0.039309137,0.0590098,0.039309137,0.7681843068251236,0.9973841319373261,1
1767012695.4443877,-0.0016373927,-0.06251178,0.0016373927,0.06251178,0.755659180532672,0.9959684382591942,1
1767012695.5099475,0.02829858,-0.08529804,0.02829858,0.08529804,0.7400529404704941,0.9927682591410391,1
1767012695.584861,-0.019638658,-0.04286605,0.019638658,0.04286605,0.7579553109271837,0.9914198747991162,1
1767012695.6561315,-0.020238347,-0.035423897,0.020238347,0.035423897,0.7610062441013391,0.9918480270532163,1
1767012695.7241964,0.03324859,-0.081468605,0.03324859,0.081468605,0.7381192493270894,0.9924887110400391,1
1767012695.801258,0.020039752,-0.07232601,0.020039752,0.07232601,0.7411863155029657,0.9931886948023064,1
1767012695.866111,0.020039752,-0.07232601,0.020039752,0.07232601,0.7391917856062802,0.9935360602572662,1
1767012695.9306645,-0.0034057507,-0.06628019,0.0034057507,0.06628019,0.7413665170532526,0.9939327311803996,1
1767012696.0058005,-0.0034057507,-0.06628019,0.0034057507,0.06628019,0.7410384013608277,0.9945041449791936,1
1767012696.0812879,-0.002796351,-0.063381456,0.002796351,0.063381456,0.7423578555300361,0.9950608846753388,1
1767012696.1643836,0.02598675,-0.077397786,0.02598675,0.077397786,0.7352290470627167,0.9957125834633261,1
1767012696.2414637,0.0123890955,-0.06244596,0.0123890955,0.06244596,0.7423383595072237,0.9962947834472783,1
1767012696.3245633,0.0035970965,-0.065461226,0.0035970965,0.065461226,0.7412069835161021,0.9974702722155686,1
1767012696.3947723,-0.0011571748,-0.058814473,0.0011571748,0.058814473,0.7449196796141525,0.9989854325906944,1
1767012696.4588044,-0.0029804064,-0.05955439,0.0029804064,0.05955439,0.7450090404957502,0.9998806387884371,1
1767012696.5225246,-0.007872363,-0.05741986,0.007872363,0.05741986,0.741958578414929,0.9859051781804039,1
1767012696.600407,0.017242126,-0.08025914,0.017242126,0.08025914,0.722195806784287,0.9513190210059302,1
1767012696.6851065,0.02226596,-0.08014531,0.02226596,0.08014531,0.712510050720718,0.9463719656339324,1
1767012696.7491412,4.2681582e-05,-0.06832493,4.2681582e-05,0.06832493,0.707437388240544,0.9492718435406127,1
1767012696.8101563,4.2681582e-05,-0.06832493,4.2681582e-05,0.06832493,0.6963985415013111,0.9515843411302262,1
1767012696.879176,0.006328608,-0.06768807,0.006328608,0.06768807,0.6860911991712674,0.9492509754433801,1
1767012696.96345,0.005052073,-0.06279505,0.005052073,0.06279505,0.6776354573388061,0.9491001143181943,1
1767012697.034472,0.066845246,-0.034712844,0.066845246,0.034712844,0.6814832183580679,0.9497607884853432,1
1767012697.102115,0.066845246,-0.034712844,0.066845246,0.034712844,0.674461421136476,0.9513945944955482,1
1767012697.1661289,0.058759414,-0.02968853,0.058759414,0.02968853,0.6700101531043273,0.9526883258111164,1
1767012697.2361743,0.009200517,-0.062108107,0.009200517,0.062108107,0.6474710590482575,0.9539684595272357,1
1767012697.314218,0.00078332797,-0.062349714,0.00078332797,0.062349714,0.6381040138309986,0.9549960317278615,1
1767012697.3927636,-0.008172025,-0.060494833,0.008172025,0.060494833,0.6302994927466147,0.9559960975719459,1
1767012697.4690962,0.025392037,-0.07642644,0.025392037,0.07642644,0.6144942702813215,0.9569795042979473,1
1767012697.5372043,0.02847123,-0.07008798,0.02847123,0.07008798,0.6090466347515393,0.9475361058649623,1
1767012697.6147707,0.02339496,-0.068886705,0.02339496,0.068886705,0.6022803084857014,0.9462986051964214,1
1767012697.691109,0.005199138,-0.068875395,0.005199138,0.068875395,0.5955894321916386,0.9451294550589199,1
1767012697.7641244,0.005199138,-0.068875395,0.005199138,0.068875395,0.5984752081872756,0.9455236148186561,1
1767012697.8430564,0.0019694278,-0.062560685,0.0019694278,0.062560685,0.6109587899132247,0.9471133873826202,1
1767012697.920318,0.0019694278,-0.062560685,0.0019694278,0.062560685,0.6241732786939038,0.9597563934510963,1
1767012697.9974098,0.0029144315,-0.06984951,0.0029144315,0.06984951,0.6348593009346196,0.9639107380111385,1
1767012698.061053,0.02705384,-0.07606674,0.02705384,0.07606674,0.6451461775627811,0.9678265911951169,1
1767012698.1361322,0.00019764528,-0.072749846,0.00019764528,0.072749846,0.658661474887543,0.9715531836710503,1
1767012698.2157066,0.020702127,-0.07711888,0.020702127,0.07711888,0.6673197872861736,0.9746757090129878,1
1767012698.298562,0.023032427,-0.07396389,0.023032427,0.07396389,0.678047843242768,0.9774645729689591,1
1767012698.3686302,0.018767107,-0.08355624,0.018767107,0.08355624,0.6811499903651441,0.9798584004025355,1
1767012698.4316497,0.076396845,-0.06317531,0.076396845,0.06317531,0.6977123462288342,0.9817979247546964,1
1767012698.4966583,0.076396845,-0.06317531,0.076396845,0.06317531,0.7066967711359962,0.9834944812597028,1
1767012698.565668,0.076396845,-0.06317531,0.076396845,0.06317531,0.7135137588467697,0.9851010122311927,1
1767012698.638055,0.109224245,-0.0021758527,0.109224245,0.0021758527,0.7493112157224529,0.9865968183742856,1
1767012698.713206,0.11364583,0.015854474,0.11364583,0.015854474,0.7671702135329256,0.9892061895811907,1
1767012698.7766106,0.10702775,0.01375287,0.10702775,0.01375287,0.7737760093377205,0.9907011694357493,1
1767012698.8406734,0.10702775,0.01375287,0.10702775,0.01375287,0.7795346557336499,0.9916540169231289,1
1767012698.9233828,0.09965645,-0.012773253,0.09965645,0.012773253,0.7708108872615909,0.992425288403163,1
1767012698.9953966,0.10493903,0.0033610687,0.10493903,0.0033610687,0.7814251946115208,0.9929473462534054,1
1767012699.0634506,0.10176535,-8.5651875e-05,0.10176535,8.5651875e-05,0.7824680338190055,0.9937458378199523,1
1767012699.1355398,0.10176535,-8.5651875e-05,0.10176535,8.5651875e-05,0.7846499471803716,0.9946862947531387,1
1767012699.2012546,0.099981435,-0.009439476,0.099981435,0.009439476,0.7817436580189335,0.9953619742593248,1
1767012699.26757,0.09208213,-0.009769581,0.09208213,0.009769581,0.7828598822763275,0.9959454220037696,1
1767012699.3325512,0.093110904,-0.011889473,0.093110904,0.011889473,0.7829885013166301,0.9973078631254985,1
1767012699.4079318,0.10376026,-0.0007609725,0.10376026,0.0007609725,0.7896101591488529,0.9980218847659026,1
1767012699.4849482,0.08171553,-0.024286367,0.08171553,0.024286367,0.7790789476449865,0.9991126985475515,1
1767012699.5604882,0.08924998,-0.012162149,0.08924998,0.012162149,0.7851844282174474,0.9993243239541453,1
1767012699.6332603,0.11932972,0.012548901,0.11932972,0.012548901,0.7979752320958213,0.9998275996310323,1
1767012699.6973066,0.11544693,-0.007711768,0.11544693,0.007711768,0.7896080373961121,1.0,1
1767012699.7634993,0.093173675,-0.017663531,0.093173675,0.017663531,0.7857698464982962,1.0,1
1767012699.8255188,0.11523348,0.007006265,0.11523348,0.007006265,0.7983012139591703,1.0,1
1767012699.8895333,0.12496467,0.011275716,0.12496467,0.011275716,0.8013023632035944,1.0,1
1767012699.9565485,0.120335825,-0.010359354,0.120335825,0.010359354,0.7914032454089589,1.0,1
1767012700.0195446,0.120335825,-0.010359354,0.120335825,0.010359354,0.7907757051786549,1.0,1
1767012700.092654,0.12020081,-0.0200058,0.12020081,0.0200058,0.7855467538979314,1.0,1
1767012700.1767948,0.10942351,-0.014696315,0.10942351,0.014696315,0.7876211415492828,1.0,1
1767012700.2488089,0.10977192,-0.021860063,0.10977192,0.021860063,0.7835268425298156,1.0,1
1767012700.3218153,0.11121662,-0.017041788,0.11121662,0.017041788,0.7853591254914092,1.0,1
1767012700.3888144,0.10319513,-0.002610065,0.10319513,0.002610065,0.7925732073288843,1.0,1
1767012700.4639075,0.09717407,-0.020422451,0.09717407,0.020422451,0.7840597333048114,1.0,1
1767012700.5409956,0.09800668,-0.021999098,0.09800668,0.021999098,0.7828273159435648,1.0,1
1767012700.6192527,0.09050467,-0.0064194947,0.09050467,0.0064194947,0.790107164664444,1.0,1
1767012700.6982532,0.100266084,-0.017820202,0.100266084,0.017820202,0.784739995900225,1.0,1
1767012700.7732468,0.0955233,-0.03248763,0.0955233,0.03248763,0.7770513033618853,1.0,1
1767012700.8531573,0.084908366,-0.017475158,0.084908366,0.017475158,0.7830319628872751,1.0,1
1767012700.920181,0.11804881,-0.012960307,0.11804881,0.012960307,0.7846705425297691,1.0,1
1767012700.999767,0.11804881,-0.012960307,0.11804881,0.012960307,0.7841342537699991,1.0,1
1767012701.0697832,0.050203696,-0.01459156,0.050203696,0.01459156,0.7830974271113772,1.0,1
1767012701.1474364,0.07131262,-0.00069174916,0.07131262,0.00069174916,0.787373144565979,0.999427851302165,1
1767012701.2301729,0.06828101,2.8073788e-05,0.06828101,2.8073788e-05,0.7875314544285156,0.9989709070216075,1
1767012701.3656545,0.048616793,-0.014655732,0.048616793,0.014655732,0.7780740025091516,0.9976844815148164,1
1767012701.428671,0.047351416,-0.00018888712,0.047351416,0.00018888712,0.7849434732997607,0.9974573317186157,1
1767012701.5116882,0.047351416,-0.00018888712,0.047351416,0.00018888712,0.7855568627984442,0.9979082419473518,1
1767012701.646873,0.040659197,0.0014580414,0.040659197,0.0014580414,0.7877252659747982,0.9987342741797137,1
1767012701.7245338,0.045424927,0.003516823,0.045424927,0.003516823,0.7890110768042977,0.9996552758229859,1
1767012701.789572,0.044027705,-0.0018986389,0.044027705,0.0018986389,0.7867347797063747,1.0,1
1767012701.953711,0.037175503,0.007105015,0.037175503,0.007105015,0.7903547947621652,1.0,1
1767012702.024726,0.07266822,-0.0033045113,0.07266822,0.0033045113,0.7852211112917676,1.0,1
1767012702.0957417,0.07266822,-0.0033045113,0.07266822,0.0033045113,0.7868162082696488,0.9959592264606817,1
1767012702.1659963,0.07266822,-0.0033045113,0.07266822,0.0033045113,0.7877591715466201,0.9923813899882563,1
1767012702.238095,0.104004174,-0.026153557,0.104004174,0.026153557,0.7772373822542931,0.9907708997542888,1
1767012702.3165562,0.058759317,-0.025572784,0.058759317,0.025572784,0.7765620698537833,0.9817699189865491,1
1767012702.3805704,0.095236614,0.02134946,0.095236614,0.02134946,0.802857985834931,0.9748799770367806,1
1767012702.4576566,0.094085835,-0.017600775,0.094085835,0.017600775,0.7888283644913323,0.970245916133973,1
1767012702.5367327,0.11463507,-0.0030308366,0.11463507,0.0030308366,0.7980445268365451,0.9690806113306263,1
1767012702.6137798,0.07366557,0.02344919,0.07366557,0.02344919,0.8189808023483524,0.9665893410247174,1
1767012702.6925225,0.057425335,-0.027191326,0.057425335,0.027191326,0.798312419033736,0.9669451972489903,1
1767012702.77054,0.060408007,-0.0022830665,0.060408007,0.0022830665,0.8108035128240213,0.9689119464541863,1
1767012702.8613167,0.046398405,-0.052004956,0.046398405,0.052004956,0.7860029234231259,0.9707498679935102,1
1767012702.925362,0.046398405,-0.052004956,0.046398405,0.052004956,0.7861555995620648,0.9672819740048243,1
1767012703.005008,0.045546386,-0.04336144,0.045546386,0.04336144,0.7893117661418967,0.9665143399333119,1
1767012703.0831652,0.06153295,-0.066702895,0.06153295,0.066702895,0.7764394154599873,0.9691529456325959,1
1767012703.1451852,0.045977466,-0.05401986,0.045977466,0.05401986,0.7818883958241545,0.9771665178948993,1
1767012703.2223268,0.06818038,-0.06301301,0.06818038,0.06301301,0.7802112994881157,0.9835115928682007,1
1767012703.2984488,0.06818038,-0.06301301,0.06818038,0.06301301,0.7806898108219248,0.9879481277860315,1
1767012703.3634639,0.038446385,-0.011470087,0.038446385,0.011470087,0.8045628411055489,0.9916258747200132,1
1767012703.4385595,0.036504094,-0.030951604,0.036504094,0.030951604,0.7952762136211871,0.9967005885069411,1
1767012703.5075748,0.040436044,-0.023378938,0.040436044,0.023378938,0.7976990578846552,0.9992903789756146,1
1767012703.5906007,0.040436044,-0.023378938,0.040436044,0.023378938,0.7957501699086796,1.0,1
1767012703.6726174,0.040007256,-0.024552219,0.040007256,0.024552219,0.793087303877198,1.0,1
1767012703.8289604,0.0361573,-0.011340298,0.0361573,0.011340298,0.7951674250038973,1.0,1
1767012703.9044738,0.062056333,0.020798825,0.062056333,0.020798825,0.8104188386197132,1.0,1
1767012703.9838235,0.10485326,0.045230396,0.10485326,0.045230396,0.8263698844010324,1.0,1
1767012704.0481832,0.10485326,0.045230396,0.10485326,0.045230396,0.8300055278560294,1.0,1
1767012704.1219964,0.11477354,0.059405763,0.11477354,0.059405763,0.8386094808862633,1.0,1
1767012704.2060363,0.10617533,0.05971454,0.10617533,0.05971454,0.8404085871102711,1.0,1
1767012704.2744198,0.10484747,0.059062608,0.10484747,0.059062608,0.8418299564555394,1.0,1
1767012704.356098,0.13286898,0.053336084,0.13286898,0.053336084,0.8400450352131261,1.0,1
1767012704.4390976,0.12824354,0.052935727,0.12824354,0.052935727,0.8399354518330238,1.0,1
1767012704.5141218,0.1068395,0.050275143,0.1068395,0.050275143,0.8389156255608783,1.0,1
1767012704.5873444,0.1290776,0.059165917,0.1290776,0.059165917,0.8447950203479573,1.0,1
1767012704.6510954,0.110868424,0.059239462,0.110868424,0.059239462,0.8516574085217381,1.0,1
1767012704.718135,0.11329287,0.05774472,0.11329287,0.05774472,0.8508804020219547,1.0,1
1767012704.7817216,0.1111297,0.046940118,0.1111297,0.046940118,0.8441713070040744,1.0,1
1767012704.8550136,0.122419104,0.06684579,0.122419104,0.06684579,0.8507331336576235,1.0,1
1767012704.930104,0.11844926,0.06485087,0.11844926,0.06485087,0.8526113044381962,1.0,1
1767012704.9976296,0.11844926,0.06485087,0.11844926,0.06485087,0.8507338454231972,1.0,1
1767012705.0703363,0.13234958,0.06110117,0.13234958,0.06110117,0.8480841957001659,1.0,1
1767012705.139613,0.13234958,0.06110117,0.13234958,0.06110117,0.8477464138365798,1.0,1
1767012705.2148578,0.11845349,0.05485594,0.11845349,0.05485594,0.844688106740595,1.0,1
1767012705.294554,0.13777637,0.061348215,0.13777637,0.061348215,0.8489993746469345,1.0,1
1767012705.3705683,0.10789769,0.030451223,0.10789769,0.030451223,0.8338621798677274,1.0,1
1767012705.4446027,0.1262733,0.03287339,0.1262733,0.03287339,0.8345709887481934,1.0,1
1767012705.5287507,0.1077504,0.007906698,0.1077504,0.007906698,0.8207667574490027,1.0,1
1767012705.603119,0.07784645,-0.021521777,0.07784645,0.021521777,0.8041368474969397,0.999822067654095,1
1767012705.681448,0.08785959,-0.024620883,0.08785959,0.024620883,0.7958587238605084,1.0,1
1767012705.754027,0.093589164,-0.0195221,0.093589164,0.0195221,0.7953711896389422,1.0,1
1767012705.8343863,0.093589164,-0.0195221,0.093589164,0.0195221,0.788920553191413,1.0,1
1767012705.9147694,0.097973,-0.02115944,0.097973,0.02115944,0.7865705595202945,1.0,1
1767012705.9957876,0.09989074,-0.022688232,0.09989074,0.022688232,0.7821065060128753,0.9977786682282307,1
1767012706.065804,0.10039614,-0.022043094,0.10039614,0.022043094,0.7787903566791833,0.9953877452044811,1
1767012706.1448221,0.10300891,-0.018014096,0.10300891,0.018014096,0.7751443814357319,0.9935921446839753,1
1767012706.3781817,0.050142746,-0.028836139,0.050142746,0.028836139,0.7591540124896381,1.0,1
1767012706.615437,0.0624226,-0.023026206,0.0624226,0.023026206,0.762194286057516,1.0,1
1767012706.6908357,0.07711973,0.006070964,0.07711973,0.006070964,0.777768365316192,1.0,1
1767012706.7728546,0.07711973,0.006070964,0.07711973,0.006070964,0.7776174552979702,1.0,1
1767012706.8488786,0.04715319,-0.058193617,0.04715319,0.058193617,0.7464421879696195,1.0,1
1767012706.9218426,0.047294647,-0.05505819,0.047294647,0.05505819,0.7440965917878324,1.0,1
1767012707.0760734,0.04167758,-0.048993267,0.04167758,0.048993267,0.7395037385991375,1.0,1
1767012707.1746066,0.057789724,-0.018403932,0.057789724,0.018403932,0.7485328888984224,1.0,1
1767012707.252457,0.043818306,-0.045683004,0.043818306,0.045683004,0.7333866081117182,1.0,1
1767012707.3275623,0.065655634,-0.017957225,0.065655634,0.017957225,0.746949100011609,1.0,1
1767012707.400936,0.025684487,-0.10172554,0.025684487,0.10172554,0.7034433615352788,1.0,1
1767012707.47199,0.067073606,-0.01778613,0.067073606,0.01778613,0.7428812926104356,1.0,1
1767012707.5510075,0.05274357,-0.019571938,0.05274357,0.019571938,0.7400826068894744,1.0,1
1767012707.6210306,0.04839582,0.048553918,0.04839582,0.048553918,0.7752014802659802,1.0,1
1767012707.69773,0.04008196,0.037378006,0.04008196,0.037378006,0.7738907076109355,0.9924431345875027,1
1767012707.765746,0.042728733,0.024769586,0.042728733,0.024769586,0.7738884691357701,0.9848760280963074,1
1767012707.8410606,0.050125755,0.019276164,0.050125755,0.019276164,0.7764581145566276,0.9815440971303305,1
1767012707.9182935,0.03840033,0.09030966,0.03840033,0.09030966,0.8180297887538351,0.9811135725771313,1
1767012707.987333,0.06913176,0.06591554,0.06913176,0.06591554,0.8192390687908313,0.9907607683936276,1
1767012708.0621724,0.06913176,0.06591554,0.06913176,0.06591554,0.8278224180712477,0.9976272787372069,1
1767012708.125755,0.021475554,0.11865154,0.021475554,0.11865154,0.860121618234522,1.0,1
1767012708.215859,0.076297365,0.08965458,0.076297365,0.08965458,0.8532053198332514,1.0,1
1767012708.2943037,0.04588664,0.022728126,0.04588664,0.022728126,0.8233749038629326,1.0,1
1767012708.3694036,0.012821316,0.07314883,0.012821316,0.07314883,0.8473441578482692,1.0,1
1767012708.437413,0.032542855,0.049335763,0.032542855,0.049335763,0.8363343105167633,1.0,1
1767012708.5175233,0.0842956,-0.015975527,0.0842956,0.015975527,0.8025486028434994,1.0,1
1767012708.5922642,0.11230592,-0.059741862,0.11230592,0.059741862,0.7757970579060142,1.0,1
1767012708.6673698,0.11230592,-0.059741862,0.11230592,0.059741862,0.7697837604485324,1.0,1
1767012708.7293844,0.11355926,-0.06998823,0.11355926,0.06998823,0.7613978295824545,1.0,1
1767012708.8084905,0.116711974,-0.0804965,0.116711974,0.0804965,0.7542926775895888,1.0,1
1767012708.8805215,0.11153072,-0.085988484,0.11153072,0.085988484,0.748572506859664,1.0,1
1767012708.9461534,0.10606097,0.00084581226,0.10606097,0.00084581226,0.7890666337235476,1.0,1
1767012709.01018,0.10606097,0.00084581226,0.10606097,0.00084581226,0.7894172181904987,1.0,1
1767012709.0722022,0.03898753,0.0026551932,0.03898753,0.0026551932,0.790950156818373,1.0,1
1767012709.150272,0.04129424,-0.045595855,0.04129424,0.045595855,0.7742399327312262,1.0,1
1767012709.216617,0.050162546,0.0067436695,0.050162546,0.0067436695,0.8020288693864208,1.0,1
1767012709.2826955,0.057224,-0.011541441,0.057224,0.011541441,0.7973814501319765,1.0,1
1767012709.3471065,0.057224,-0.011541441,0.057224,0.011541441,0.7994483189355657,1.0,1
1767012710.8098543,0.035342135,-0.06444638,0.035342135,0.06444638,0.7735240409709101,1.0,1
1767012710.8743582,-0.026105065,-0.061362065,0.026105065,0.061362065,0.7896674238418586,0.9930095901261061,1
1767012710.9420292,0.08828048,-0.002359964,0.08828048,0.002359964,0.8158068541412355,0.9813552218862399,1
1767012711.0110385,0.083604656,0.006098576,0.083604656,0.006098576,0.8058493061286119,0.9657818230391401,1
1767012711.0860581,0.08314887,-0.005331002,0.08314887,0.005331002,0.7945419736199728,0.9627129088640878,1
1767012711.1630733,0.11230592,-0.059741862,0.11230592,0.059741862,0.7631430711299424,0.9563184419745444,1
1767012711.2381513,0.061195716,0.030778527,0.061195716,0.030778527,0.8025126856356556,0.9473931370863838,1
1767012711.3172445,0.05786625,0.029945537,0.05786625,0.029945537,0.7974576079051603,0.9382223268923682,1
1767012711.3822775,0.05490828,-0.019609325,0.05490828,0.019609325,0.7684766887773937,0.9310245186810203,1
1767012711.4663813,0.048260823,-0.023860112,0.048260823,0.023860112,0.75731531145096,0.9138458928613923,1
1767012711.7403214,0.113494396,-0.028814927,0.113494396,0.028814927,0.7709714482199432,0.8900447387900454,1
1767012711.8028955,0.113494396,-0.028814927,0.113494396,0.028814927,0.7836204431615805,0.8787922972456209,1
1767012711.8702815,0.11218852,-0.025363974,0.11218852,0.025363974,0.7908955032272874,0.877945846193474,1
1767012711.9493606,0.11218852,-0.025363974,0.11218852,0.025363974,0.793613881781695,0.8805909281044135,1
1767012712.0183702,0.08136088,-0.065408595,0.08136088,0.065408595,0.7744266968620743,0.8867273265894191,1
1767012712.0943918,0.079986684,-0.06525762,0.079986684,0.06525762,0.7717868892699464,0.8887465161971276,1
1767012712.166401,0.05943509,-0.03990961,0.05943509,0.03990961,0.7813738751845818,0.8943857180337995,1
1767012712.2344244,0.058848716,-0.034851678,0.058848716,0.034851678,0.7847734846732756,0.8983187592622185,1
1767012712.3064628,0.058848716,-0.034851678,0.058848716,0.034851678,0.7853898852930001,0.902082134194747,1
1767012712.373496,0.04512293,-0.05468396,0.04512293,0.05468396,0.775262508402565,0.9080803647234925,1
1767012712.4453714,0.030289691,-0.05501283,0.030289691,0.05501283,0.7748172305239702,0.908338826814633,1
1767012712.5205994,0.02469274,-0.061247624,0.02469274,0.061247624,0.7704234290887264,0.9118167537307262,1
1767012712.5845976,0.0055463724,-0.07950654,0.0055463724,0.07950654,0.760630590775148,0.915701136278125,1
1767012712.6617951,-0.0063354867,-0.059129886,0.0063354867,0.059129886,0.7700569199348286,0.9202946632929723,1
1767012712.7518845,-0.0063354867,-0.059129886,0.0063354867,0.059129886,0.7666719804665639,0.9188955433284369,1
1767012712.836009,0.012897986,-0.08910786,0.012897986,0.08910786,0.748817155683267,0.9212460411014713,1
1767012712.9740398,0.016675469,-0.03612709,0.016675469,0.03612709,0.7659609359231293,0.920349530439405,1
1767012713.1894908,-0.002669965,-0.05372081,0.002669965,0.05372081,0.759344652573331,0.9285876233882229,1
1767012713.3255124,0.041044567,-0.03560523,0.041044567,0.03560523,0.7669724666817064,0.9386125653266797,1
1767012713.3957899,0.016733505,-0.04562985,0.016733505,0.04562985,0.7599935862904883,0.9474959463832808,1
1767012713.4658062,0.066889256,-0.0601447,0.066889256,0.0601447,0.7511016252903913,0.9545177741653444,1
1767012713.5447729,0.05583789,-0.08638341,0.05583789,0.08638341,0.7374613964072473,0.9676272956194195,1
1767012713.624338,0.033743523,-0.048351184,0.033743523,0.048351184,0.7503640212165609,0.9945089296405063,1
1767012713.713353,0.05615659,-0.049997695,0.05615659,0.049997695,0.7428300142119664,1.0,1
1767012713.780373,0.06543345,-0.030181572,0.06543345,0.030181572,0.7506118052855167,1.0,1
1767012713.8583906,0.059196863,-0.034086607,0.059196863,0.034086607,0.7446535536600905,1.0,1
1767012713.932479,0.059196863,-0.034086607,0.059196863,0.034086607,0.7437286174009499,1.0,1
1767012714.0016284,0.06625777,-0.017370865,0.06625777,0.017370865,0.7528732756099253,1.0,1
1767012714.0696685,0.050565086,0.003797762,0.050565086,0.003797762,0.7672887354970597,1.0,1
1767012714.14038,0.05013352,-0.017419904,0.05013352,0.017419904,0.7605693423736213,1.0,1
1767012714.2164402,0.05410222,-0.0024940372,0.05410222,0.0024940372,0.7705304519779841,1.0,1
1767012714.2944357,0.04214298,-0.024861299,0.04214298,0.024861299,0.7625360686369576,1.0,1
1767012714.3712478,0.043565933,-0.056832783,0.043565933,0.056832783,0.7488716895275904,1.0,1
1767012714.4509823,0.05331975,-0.047708318,0.05331975,0.047708318,0.7543079161891789,1.0,1
1767012714.5172725,0.04306819,-0.057013907,0.04306819,0.057013907,0.7513143653499106,1.0,1
1767012714.593333,0.042308968,-0.0638048,0.042308968,0.0638048,0.7485344280678052,1.0,1
1767012714.6576557,0.025582545,-0.07634058,0.025582545,0.07634058,0.7423425531089672,1.0,1
1767012714.7286592,0.048107903,-0.10268805,0.048107903,0.10268805,0.7293625721459267,1.0,1
1767012714.7983978,0.054919396,-0.09576286,0.054919396,0.09576286,0.7318287468277338,1.0,1
1767012714.864355,0.06496713,-0.048901863,0.06496713,0.048901863,0.754116568667549,1.0,1
1767012714.9351394,0.061521716,-0.0496222,0.061521716,0.0496222,0.7545616292449311,1.0,1
1767012715.0121636,0.06573442,-0.0077912286,0.06573442,0.0077912286,0.7758962393075345,0.9992985756776652,1
1767012715.0735786,0.06430623,-0.037718892,0.06430623,0.037718892,0.7639081199072407,0.9966858388283073,1
1767012715.139634,0.066240236,-0.037234187,0.066240236,0.037234187,0.7657052797223813,0.9955187711732564,1
1767012715.2046363,0.05465849,-0.03900241,0.05465849,0.03900241,0.7657471259175314,0.994895806324373,1
1767012715.2784796,0.067753494,-0.019265585,0.067753494,0.019265585,0.7757461223200979,0.9944659904241265,1
1767012715.3554983,0.051211383,-0.07309776,0.051211383,0.07309776,0.7502591751594017,0.9932106055187983,1
1767012715.433565,0.051211383,-0.07309776,0.051211383,0.07309776,0.7493561808415701,0.9932801193508038,1
1767012715.4965777,0.06500716,-0.021904655,0.06500716,0.021904655,0.774018634299475,0.9934998072062106,1
1767012715.5716696,0.06538244,-0.035873406,0.06538244,0.035873406,0.7685726101970436,0.9936784614621446,1
1767012715.636687,0.065438025,-0.040110596,0.065438025,0.040110596,0.7674886259103855,0.994019974061432,1
1767012715.7104099,0.065453954,-0.053131677,0.065453954,0.053131677,0.7615599883087358,0.9941926264121635,1
1767012715.788727,0.06773215,-0.03068135,0.06773215,0.03068135,0.772410518766651,0.9947807980422112,1
1767012715.852735,0.061487857,-0.0452139,0.061487857,0.0452139,0.7653768221320594,0.9952595203503559,1
1767012715.927777,0.062215928,-0.045457087,0.062215928,0.045457087,0.7647946908317761,0.9960762708738822,1
1767012715.999588,0.0677324,-0.020221815,0.0677324,0.020221815,0.7773404886691246,0.9962952262967507,1
1767012716.1076055,0.06445852,-0.045415796,0.06445852,0.045415796,0.7653321775718068,0.9967088916721004,1
1767012716.2146175,0.055205118,-0.04350771,0.055205118,0.04350771,0.7657716554995488,0.9973450897249,1
1767012716.3096616,0.06306319,-0.027914032,0.06306319,0.027914032,0.7735020864662624,0.9982843418629089,1
1767012716.6794586,-0.001924104,-0.045600623,0.001924104,0.045600623,0.7631178513642671,1.0,1
1767012716.7608862,-0.001924104,-0.045600623,0.001924104,0.045600623,0.7620578137306303,1.0,1
1767012716.833351,-0.0059256116,-0.12016899,0.0059256116,0.12016899,0.7240098032830432,1.0,1
1767012716.899371,-0.0018416913,-0.14802995,0.0018416913,0.14802995,0.7051280881488362,1.0,1
1767012716.9643457,0.009111169,-0.13902298,0.009111169,0.13902298,0.6981490201364499,0.9867093910564247,1
1767012717.0327709,-0.0052137887,-0.15365994,0.0052137887,0.15365994,0.6779146712666207,0.9847528827359642,1
1767012717.0978174,0.0055774143,-0.15555489,0.0055774143,0.15555489,0.6602805029039112,0.967175320926778,1
1767012717.1694107,0.029613536,-0.13199729,0.029613536,0.13199729,0.6557617666682403,0.957934462899652,1
1767012717.236439,0.014129676,-0.14047745,0.014129676,0.14047745,0.6372108305473536,0.959811464681098,1
1767012717.314452,0.0007374026,-0.14367744,0.0007374026,0.14367744,0.6201898037353817,0.9615622470069354,1
1767012717.4041195,0.01847203,-0.14320132,0.01847203,0.14320132,0.6052670859599134,0.9630606251571305,1
1767012717.4684575,0.02652703,-0.06622388,0.02652703,0.06622388,0.6292407793520898,0.9644403860499642,1
1767012717.5324657,0.007561988,-0.041658282,0.007561988,0.041658282,0.6350758637030307,0.9659874798500798,1
1767012717.5975142,-0.008386304,-0.03553953,0.008386304,0.03553953,0.633841660435273,0.9667342422624938,1
1767012718.4070537,0.00059419405,-0.03965397,0.00059419405,0.03965397,0.6017303020988186,0.9381132248568733,1
1767012718.6088119,0.006166148,-0.04575246,0.006166148,0.04575246,0.59127376166357,0.9376491704510812,1
1767012718.6937146,-0.018208083,-0.038641714,0.018208083,0.038641714,0.5917783636578843,0.9390849508760091,1
1767012718.768742,0.009430508,-0.05465103,0.009430508,0.05465103,0.5820589666501503,0.9336547588707131,1
1767012718.8467598,0.021430828,-0.036672466,0.021430828,0.036672466,0.5878886315632135,0.931796780612825,1
1767012719.2160597,0.047990456,-0.026277043,0.047990456,0.026277043,0.5878083199204025,0.9004515877008327,1
1767012719.5298524,0.022622323,-0.06132733,0.022622323,0.06132733,0.5635497153039954,0.8784503432235469,1
1767012719.603087,-0.0025323937,-0.044021077,0.0025323937,0.044021077,0.5678211831511915,0.877670385471753,1
1767012719.6817737,0.0036715819,-0.041768648,0.0036715819,0.041768648,0.5668333949127675,0.8715962649732898,1
1767012719.749354,-0.01271223,-0.08266566,0.01271223,0.08266566,0.5448788859884776,0.8674470444817074,1
1767012719.8250668,-0.012245315,-0.081911884,0.012245315,0.081911884,0.5421189016532649,0.8555959486873099,1
1767012719.8986485,-0.005029236,-0.06633902,0.005029236,0.06633902,0.5465653033274244,0.8387265121540276,1
1767012719.9716597,-0.0062509095,-0.0779772,0.0062509095,0.0779772,0.5386606199704982,0.8210223649224386,1
1767012720.0526776,-0.0018068077,-0.08390152,0.0018068077,0.08390152,0.5325723499236907,0.8021854152461091,1
1767012720.1395683,-0.003912625,-0.09334084,0.003912625,0.09334084,0.524111749770468,0.7864341049877533,1
1767012720.2140627,-0.00948302,-0.06922161,0.00948302,0.06922161,0.5319554543041494,0.7703054814260084,1
1767012720.2806044,0.0077754003,-0.07244345,0.0077754003,0.07244345,0.5286990151990216,0.7512467745515892,1
1767012720.3526242,0.0035708817,-0.064330496,0.0035708817,0.064330496,0.5309994867579247,0.739291695038203,1
1767012720.4266458,0.0035708817,-0.064330496,0.0035708817,0.064330496,0.530026736356644,0.7313673637992099,1
1767012720.5176635,-0.011230511,-0.066658504,0.011230511,0.066658504,0.5279535008463796,0.7264681651929736,1
1767012720.5946844,0.0019404301,-0.08127857,0.0019404301,0.08127857,0.5194602328076622,0.7165304979781463,1
1767012720.670711,-0.0046416866,-0.07914237,0.0046416866,0.07914237,0.5181661631598858,0.7103421052969873,1
1767012720.7390294,-0.01671366,-0.06837929,0.01671366,0.06837929,0.5216023675812209,0.7016916279206297,1
1767012721.4817636,-0.0062846495,-0.056828402,0.0062846495,0.056828402,0.5264258884444191,0.6864673594514064,1
1767012721.5456727,-0.011461065,-0.089323156,0.011461065,0.089323156,0.5089546522335984,0.6721403854107788,1
1767012721.611694,-0.012309472,-0.0926655,0.012309472,0.0926655,0.5038653978783332,0.6565109231330173,1
1767012721.6910384,-0.0055227326,-0.072565384,0.0055227326,0.072565384,0.5109443719209878,0.6409117237650521,1
1767012721.766612,0.0068788296,-0.06069333,0.0068788296,0.06069333,0.5160219847422127,0.6256597534164601,1
1767012721.8425534,0.03598588,-0.056516297,0.03598588,0.056516297,0.5181108979869432,0.6158316007832013,1
1767012721.9205916,0.042900648,-0.051499955,0.042900648,0.051499955,0.5210282659930213,0.6196742339556113,1
1767012722.140873,0.027460031,-0.04415088,0.027460031,0.04415088,0.5358652011403984,0.6403012754402935,1
1767012722.2228916,0.04056756,-0.02714821,0.04056756,0.02714821,0.5453889345379531,0.6515999407779556,1
1767012722.2983048,0.051097777,-0.08409419,0.051097777,0.08409419,0.519167722291947,0.6624889585011007,1
1767012722.3632348,0.055238564,-0.076436035,0.055238564,0.076436035,0.5213866534418646,0.6677165679374614,1
1767012722.4380002,0.027953051,-0.047383763,0.027953051,0.047383763,0.5347249657869109,0.6736461983840543,1
1767012722.5162482,0.044225223,-0.024899058,0.044225223,0.024899058,0.5474321679652646,0.6780245634984114,1
1767012722.590918,0.0026738858,-0.087934114,0.0026738858,0.087934114,0.5189099017475682,0.6838106401964982,1
1767012722.668562,0.0031615896,-0.098252125,0.0031615896,0.098252125,0.5123911977626172,0.6911793131822676,1
1767012722.7466207,-0.006415819,-0.10452942,0.006415819,0.10452942,0.5065579233494096,0.6983390727391523,1
1767012722.8187275,0.009192857,-0.12333002,0.009192857,0.12333002,0.49387890756677505,0.7052175103265531,1
1767012722.891832,0.026372246,-0.077448346,0.026372246,0.077448346,0.5103346407048639,0.7115276438827045,1
1767012722.9658365,0.008058581,-0.065833636,0.008058581,0.065833636,0.5258637578819015,0.7279984391267651,1
1767012723.0308888,-0.00078706536,-0.07412999,0.00078706536,0.07412999,0.5430299405325074,0.7526121815889244,1
1767012723.0956693,0.047679357,-0.04339856,0.047679357,0.04339856,0.5827148898454446,0.7794844127347975,1
1767012723.1698987,0.0003122231,-0.07238022,0.0003122231,0.07238022,0.6073234079156947,0.8056297340249449,1
1767012723.2495725,0.034883004,-0.051537924,0.034883004,0.051537924,0.6443677605230709,0.8290100941734816,1
1767012723.3165617,0.0098102605,-0.04971195,0.0098102605,0.04971195,0.6687792062511604,0.8501885879882491,1
1767012723.3852882,0.053642403,-0.037376642,0.053642403,0.037376642,0.6923958195459632,0.8686631252866778,1
1767012723.4563031,0.061500438,-0.026948698,0.061500438,0.026948698,0.7155672414281721,0.883929555327028,1
1767012723.5233023,0.059400976,-0.02436953,0.059400976,0.02436953,0.7329138048819472,0.898278660734715,1
1767012723.588,0.05672158,-0.033503883,0.05672158,0.033503883,0.7410071446364803,0.9132688646327334,1
1767012723.6672485,0.0015264777,-0.04961539,0.0015264777,0.04961539,0.7405541771642901,0.9267791698591884,1
1767012723.743173,0.019020367,-0.062310494,0.019020367,0.062310494,0.73820515717934,0.9374346494963006,1
1767012723.8302977,0.024514306,-0.051806815,0.024514306,0.051806815,0.7453384488768129,0.9462894999889042,1
1767012723.9063146,0.002767305,-0.06561477,0.002767305,0.06561477,0.7404075956165436,0.9535334734014819,1
1767012723.978338,0.0025919182,-0.0726342,0.0025919182,0.0726342,0.7380222070080656,0.9594443584700654,1
1767012724.0564342,0.00961735,-0.052197345,0.00961735,0.052197345,0.7490425547154261,0.9644164057928235,1
1767012724.1388721,0.037708975,-0.06818543,0.037708975,0.06818543,0.7441423629824969,0.9710863754351579,1
1767012724.2106006,0.010778605,-0.043565176,0.010778605,0.043565176,0.7576951441560955,0.9760915535777176,1
1767012724.288331,0.031418994,-0.07661561,0.031418994,0.07661561,0.7430215020599376,0.9795366689000709,1
1767012724.3553722,0.026942156,-0.0399782,0.026942156,0.0399782,0.7620037182879964,0.9821413160889896,1
1767012724.425441,0.026942156,-0.0399782,0.026942156,0.0399782,0.7635067812953529,0.9847337730374881,1
1767012724.4874432,0.009736213,-0.048226453,0.009736213,0.048226453,0.7602127039561087,0.986470265191679,1
1767012724.5550098,0.017394554,-0.061536647,0.017394554,0.061536647,0.7537976760359663,0.9879545011096306,1
1767012724.6310263,0.0037746867,-0.06013214,0.0037746867,0.06013214,0.753760248124729,0.9901749600812889,1
1767012724.6956253,0.011954482,-0.04771559,0.011954482,0.04771559,0.7599538864228292,0.9927623384807103,1
1767012724.8479526,0.03981474,-0.02441524,0.03981474,0.02441524,0.772255128140103,0.9952934122142071,1
1767012724.9134407,0.027788565,-0.035976216,0.027788565,0.035976216,0.7673868089434539,0.9957950989762808,1
1767012724.9885414,0.029004656,-0.040952064,0.029004656,0.040952064,0.7651301627857559,0.9970000904699634,1
1767012725.054615,0.043899216,-0.02509486,0.043899216,0.02509486,0.7731069605176486,0.9980066687545072,1
1767012725.1299088,0.03764537,-0.050490804,0.03764537,0.050490804,0.7611035237546109,0.998638768309465,1
1767012725.2104092,0.027360007,-0.04028856,0.027360007,0.04028856,0.7661031180407121,1.0,1
1767012725.3646073,0.042564657,-0.041178018,0.042564657,0.041178018,0.7666420775625815,1.0,1
1767012725.43463,0.026815046,-0.08838359,0.026815046,0.08838359,0.7432115850557685,1.0,1
1767012725.5152693,0.026815046,-0.08838359,0.026815046,0.08838359,0.7392156297421278,1.0,1
1767012725.5986114,0.027434822,-0.108655,0.027434822,0.108655,0.7261783232780414,1.0,1
1767012725.6787374,0.027434822,-0.108655,0.027434822,0.108655,0.7233648668950257,1.0,1
1767012725.758381,0.02877397,-0.06517895,0.02877397,0.06517895,0.7429789575466033,1.0,1
1767012725.8309774,0.025611404,-0.05822333,0.025611404,0.05822333,0.7460059542107637,1.0,1
1767012725.8960023,0.025611404,-0.05822333,0.025611404,0.05822333,0.7460883193339916,1.0,1
1767012725.986128,0.0056429496,-0.07088687,0.0056429496,0.07088687,0.7399531711305015,1.0,1
1767012726.0521226,0.022587966,-0.09135874,0.022587966,0.09135874,0.7295026798938896,1.0,1
1767012726.133183,0.0040191095,-0.08319447,0.0040191095,0.08319447,0.7322616464980838,1.0,1
1767012726.2173276,0.010317492,-0.0801645,0.010317492,0.0801645,0.733074773987574,1.0,1
1767012726.28532,-0.0092612645,-0.081237055,0.0092612645,0.081237055,0.7323447682026749,1.0,1
1767012726.358408,0.008599102,-0.07690031,0.008599102,0.07690031,0.7321675684389037,0.9990462991621635,1
1767012726.4254212,0.025695145,-0.08864779,0.025695145,0.08864779,0.7248253655500567,0.9972338561040032,1
1767012726.5023217,8.725282e-05,-0.09385101,8.725282e-05,0.09385101,0.7205046306109169,0.9966602439348914,1
1767012726.578525,0.024417598,-0.09659413,0.024417598,0.09659413,0.7181034881408677,0.9960493940022005,1
1767012726.6546197,0.017319761,-0.06549562,0.017319761,0.06549562,0.73186255459995,0.9967932220081333,1
1767012726.7233555,0.040729288,-0.114026584,0.040729288,0.114026584,0.7080242567216344,0.9978014900087321,1
1767012726.802171,0.03126227,-0.11198183,0.03126227,0.11198183,0.7072315341507763,0.9990125852102176,1
1767012726.87484,0.035197493,-0.0953043,0.035197493,0.0953043,0.7146579702401478,1.0,1
1767012726.9543126,0.03091491,-0.06567166,0.03091491,0.06567166,0.7284015811363649,1.0,1
1767012727.0334778,0.036515843,-0.10272653,0.036515843,0.10272653,0.7105473708891261,1.0,1
1767012727.1180353,0.010922897,-0.08531467,0.010922897,0.08531467,0.7187898739326444,1.0,1
1767012727.1956072,0.010922897,-0.08531467,0.010922897,0.08531467,0.719918003478589,1.0,1
1767012727.265665,0.012734625,-0.115522705,0.012734625,0.115522705,0.7057878391602533,1.0,1
1767012727.3443308,0.0131801395,-0.079538204,0.0131801395,0.079538204,0.7246496736703945,1.0,1
1767012727.4215474,0.0054061217,-0.047000952,0.0054061217,0.047000952,0.7429082330489819,1.0,1
1767012727.7967174,0.008181288,-0.03862697,0.008181288,0.03862697,0.7641362907504564,0.9999684065406471,1
1767012727.9523041,0.035035167,-0.036312528,0.035035167,0.036312528,0.7679362026549514,0.9998597026574167,1
1767012728.0163171,0.01752863,-0.036675528,0.01752863,0.036675528,0.7684003545315701,0.999688708259123,1
1767012728.163644,0.0313295,-0.03893876,0.0313295,0.03893876,0.7687027704846865,0.9994343133854835,1
1767012728.29662,0.019154076,-0.037919268,0.019154076,0.037919268,0.7700524867484345,0.9994900902162923,1
1767012728.6717918,0.024915405,-0.08378846,0.024915405,0.08378846,0.7475971614444213,1.0,1
1767012728.767997,0.050675567,-0.08477103,0.050675567,0.08477103,0.741667056946134,1.0,1
1767012728.8630178,0.012286815,-0.06872668,0.012286815,0.06872668,0.7459678179231135,1.0,1
1767012728.9260316,0.025682557,-0.06850725,0.025682557,0.06850725,0.7443581098658141,1.0,1
1767012729.0012293,0.025682557,-0.06850725,0.025682557,0.06850725,0.7433012013820401,1.0,1
1767012729.0833266,0.01149136,-0.08033977,0.01149136,0.08033977,0.7366951024687276,1.0,1
1767012729.1620717,-0.001492084,-0.06659267,0.001492084,0.06659267,0.7426572915422349,1.0,1
1767012729.2329624,0.0026916433,-0.07092678,0.0026916433,0.07092678,0.7403198790213062,1.0,1
1767012729.2970119,-0.009231401,-0.075663485,0.009231401,0.075663485,0.7375259322424603,1.0,1
1767012729.3637118,0.11230592,-0.059741862,0.11230592,0.059741862,0.7447933117679675,1.0,1
1767012729.4290516,0.11230592,-0.059741862,0.11230592,0.059741862,0.743825366530879,1.0,1
1767012729.5068312,0.10299128,-0.0565025,0.10299128,0.0565025,0.7449192003325064,1.0,1
1767012729.5858936,0.105839655,-0.053338118,0.105839655,0.053338118,0.7471165061749652,1.0,1
1767012729.659982,0.082495846,-0.006060295,0.082495846,0.006060295,0.7710859290913309,1.0,1
1767012729.7270129,0.082495846,-0.006060295,0.082495846,0.006060295,0.7736855674149226,1.0,1
1767012729.800875,0.0860495,0.021335848,0.0860495,0.021335848,0.7900253732933267,1.0,1
1767012729.8778167,0.09072119,0.015562601,0.09072119,0.015562601,0.7903395066421958,1.0,1
1767012729.9557986,0.035137013,0.0050317943,0.035137013,0.0050317943,0.7874761394981288,1.0,1
1767012730.0313897,0.0024162512,-0.04979015,0.0024162512,0.04979015,0.7640464686511119,0.9985924071635723,1
1767012730.0974045,0.0048535345,-0.035128422,0.0048535345,0.035128422,0.7714129138121315,0.9956385281579146,1
1767012730.169606,0.0021945834,-0.035603523,0.0021945834,0.035603523,0.7713764774962537,0.9940336291085959,1
1767012730.2456841,0.0082931025,-0.035541333,0.0082931025,0.035541333,0.7715419790529675,0.9933528802240049,1
1767012730.6117659,0.038369697,-0.021504484,0.038369697,0.021504484,0.7797727827144727,0.9939301492824275,1
1767012731.0617805,-0.004518182,-0.03983239,0.004518182,0.03983239,0.7707562248262602,0.996618812531958,1
1767012731.141793,0.04044865,-0.025748603,0.04044865,0.025748603,0.7771510905032326,0.9968896899283436,1
1767012731.2278135,0.04044865,-0.025748603,0.04044865,0.025748603,0.7772492515971517,0.9972442699289191,1
1767012731.322833,0.037830234,-0.036476746,0.037830234,0.036476746,0.7719052962508173,0.997543833604869,1
1767012731.4038517,0.037572786,-0.020981058,0.037572786,0.020981058,0.7791632939676054,0.9978738367405277,1
1767012731.5541596,0.042270985,-0.019217886,0.042270985,0.019217886,0.7797475764912503,0.9988095798149487,1
1767012731.7819893,0.02747197,-0.106310375,0.02747197,0.106310375,0.7372237608335619,0.9996117579721218,1
1767012731.8592978,0.018137045,-0.0947964,0.018137045,0.0947964,0.7346511978891697,0.9991846030077136,1
1767012731.939356,0.018194754,-0.11215941,0.018194754,0.11215941,0.7213631155884507,0.9990002330513319,1
1767012732.0088463,0.0074812835,-0.10093511,0.0074812835,0.10093511,0.7228900789357199,0.998961471336424,1
1767012732.079391,-0.003370651,-0.09871904,0.003370651,0.09871904,0.7219356063344535,0.9988929313971322,1
1767012732.1534083,0.0061682602,-0.095061384,0.0061682602,0.095061384,0.7220494731030347,0.999152355690963,1
1767012732.2424276,-0.0076115364,-0.09386764,0.0076115364,0.09386764,0.7215040238320709,0.9990237717391676,1
1767012732.3124504,0.018152684,-0.08248425,0.018152684,0.08248425,0.7262167840624005,0.9992443753345918,1
1767012732.3891864,-0.007553925,-0.08045129,0.007553925,0.08045129,0.7273414667532242,0.999297552424076,1
1767012732.4543903,0.027850822,-0.081871055,0.027850822,0.081871055,0.7222128807612881,0.9913000031810826,1
1767012732.525248,-0.0014015585,-0.111817084,0.0014015585,0.111817084,0.6995936518357642,0.9922313277902919,1
1767012732.587959,1.1800788e-05,-0.10148368,1.1800788e-05,0.10148368,0.6930572358627346,0.9927796006984305,1
1767012732.6570735,0.006370268,-0.082163505,0.006370268,0.082163505,0.6906735722769497,0.9885432715460727,1
1767012732.7324352,0.011442634,-0.09468072,0.011442634,0.09468072,0.6739270239961209,0.9871845840027192,1
1767012732.7974725,0.039473098,-0.06417958,0.039473098,0.06417958,0.6770296577700609,0.9877691410034256,1
1767012732.8674145,0.04149856,-0.071481876,0.04149856,0.071481876,0.6640308813912907,0.9882239078250483,1
1767012732.9422674,0.013380247,-0.09245614,0.013380247,0.09245614,0.6435999311143792,0.9886198277619821,1
1767012733.0232837,0.049143683,-0.067430206,0.049143683,0.067430206,0.6445113000454517,0.9888288659064559,1
1767012733.0928826,-0.00014244486,-0.082723446,0.00014244486,0.082723446,0.6281676976943433,0.9891301059491733,1
1767012733.1691709,-0.009386863,-0.08454568,0.009386863,0.08454568,0.6181967654029169,0.9896831494986975,1
1767012733.2496004,-0.0096414825,-0.09032456,0.0096414825,0.09032456,0.6062701704017524,0.9901117539999786,1
1767012733.3248103,-0.0072151916,-0.09488345,0.0072151916,0.09488345,0.5948864668601459,0.9785520279691877,1
1767012733.3888144,-0.0111043425,-0.10053425,0.0111043425,0.10053425,0.5827842943658483,0.9686124401353009,1
1767012733.4560611,-0.008651496,-0.09119844,0.008651496,0.09119844,0.5778130236309718,0.9515619329388982,1
1767012733.5341682,0.05012878,-0.058525734,0.05012878,0.058525734,0.5857750650077,0.9408378636264151,1
1767012733.6055694,0.03493585,-0.089404576,0.03493585,0.089404576,0.5662071897312015,0.9413617023162699,1
1767012733.682747,-0.000715957,-0.096162446,0.000715957,0.096162446,0.5562345332840045,0.942413621381163,1
1767012733.7512288,0.037679438,-0.08437539,0.037679438,0.08437539,0.555586563997802,0.9435409369071023,1
1767012733.8238685,-0.0056677395,-0.11335949,0.0056677395,0.11335949,0.5360569993109211,0.9446683690194236,1
1767012733.9110131,0.021022033,-0.060043134,0.021022033,0.060043134,0.5557095806333279,0.94590654900517,1
1767012733.9880376,0.00710076,-0.08947145,0.00710076,0.08947145,0.5387852868612004,0.9469920101683698,1
1767012734.0580814,0.00710076,-0.08947145,0.00710076,0.08947145,0.5344696058236009,0.9480466048947229,1
1767012734.138031,0.00710076,-0.08947145,0.00710076,0.08947145,0.5304368455929087,0.9490935624493053,1
1767012734.2202196,0.0107966615,-0.07350392,0.0107966615,0.07350392,0.5347389313553491,0.9501858691640584,1
1767012734.29646,0.020894721,-0.063198276,0.020894721,0.063198276,0.5398323481903887,0.9514518361323699,1
1767012734.363826,0.0019912003,-0.09381787,0.0019912003,0.09381787,0.5359434488520706,0.9523494735636541,1
1767012734.4293218,0.029525116,-0.056488372,0.029525116,0.056488372,0.5708048763346456,0.9560508196107848,1
1767012734.4977381,-0.01544129,-0.09972765,0.01544129,0.09972765,0.5712886987164805,0.9515258274167846,1
1767012734.5687842,0.037705407,-0.064103134,0.037705407,0.064103134,0.6080043622270122,0.9543777111897401,1
1767012734.6448,-0.011556945,-0.08533112,0.011556945,0.08533112,0.6171403711060253,0.9672889838806489,1
1767012734.7208178,0.010415389,-0.06231933,0.010415389,0.06231933,0.6445909262580868,0.9719470025966988,1
1767012734.7994225,-0.013343736,-0.11975228,0.013343736,0.11975228,0.6305992263777294,0.9757493515123192,1
1767012734.8766456,-0.013513026,-0.14345488,0.013513026,0.14345488,0.6220745897454023,0.9526177723480463,1
1767012734.9486904,-0.0036354074,-0.078838564,0.0036354074,0.078838564,0.6500102260564117,0.9041278449786629,1
1767012735.017706,-0.0049247304,-0.08524502,0.0049247304,0.08524502,0.644038128279872,0.8631005644154126,1
1767012735.0917912,-0.008695596,-0.0987962,0.008695596,0.0987962,0.6312862573637499,0.8266439283495112,1
1767012735.1679404,-0.008695596,-0.0987962,0.008695596,0.0987962,0.6222650370739813,0.7896612856142521,1
1767012735.2473354,-0.0037988378,-0.11619956,0.0037988378,0.11619956,0.6039233795477835,0.7542486017230384,1
1767012735.315095,-0.0068645673,-0.08423527,0.0068645673,0.08423527,0.6085986064195368,0.7249245370126932,1
1767012735.3888943,0.0053176275,-0.09243914,0.0053176275,0.09243914,0.5964347748357972,0.6980774977012567,1
1767012735.4639635,-0.0060197664,-0.11294343,0.0060197664,0.11294343,0.5781264835287019,0.6833417647026003,1
1767012735.550964,-0.0012681866,-0.086800314,0.0012681866,0.086800314,0.5814982927329527,0.6672315273554819,1
1767012735.618506,0.0008325735,-0.10708264,0.0008325735,0.10708264,0.5646027232387968,0.6537702373222781,1
1767012735.68511,-0.000947834,-0.083393715,0.000947834,0.083393715,0.5682843287154342,0.6439754505094379,1
1767012735.749126,-0.008915742,-0.11446104,0.008915742,0.11446104,0.5471674153816907,0.6353193512819044,1
1767012735.8127275,-0.008915742,-0.11446104,0.008915742,0.11446104,0.5391029075620117,0.6229836516748399,1
1767012735.8880823,-0.0014014095,-0.10331496,0.0014014095,0.10331496,0.5369765578077773,0.6082523155755132,1
1767012735.9650295,0.02724788,-0.0558678,0.02724788,0.0558678,0.5546985142109955,0.5958418689771621,1
1767012736.0424895,-0.00037020165,-0.084781386,0.00037020165,0.084781386,0.5387629428500316,0.596152727458217,1
1767012736.12546,0.008684634,-0.07831553,0.008684634,0.07831553,0.538402791769565,0.595571415487939,1
1767012736.207479,0.030315515,-0.06721557,0.030315515,0.06721557,0.5409091028811195,0.5985105557830308,1
1767012736.5015442,0.030315515,-0.06721557,0.030315515,0.06721557,0.539033748601104,0.6077959489332777,1
1767012736.576111,-0.008754189,-0.12883794,0.008754189,0.12883794,0.5063290195524272,0.6168276665230957,1
1767012736.6488683,0.021432307,-0.06448456,0.021432307,0.06448456,0.5316884395453474,0.6258997136336886,1
1767012736.7248871,0.030303739,-0.07381951,0.030303739,0.07381951,0.5259108686285106,0.6343595706810345,1
1767012736.7883275,0.018353697,-0.072106905,0.018353697,0.072106905,0.5250201511126329,0.6426638870016874,1
1767012736.866648,0.009264781,-0.08458672,0.009264781,0.08458672,0.5172007999203769,0.6506837585084833,1
1767012736.944457,0.009264781,-0.08458672,0.009264781,0.08458672,0.5148338537384831,0.6585760045029895,1
1767012737.0235467,0.033188887,-0.05469931,0.033188887,0.05469931,0.5276008826875129,0.6662597157871253,1
1767012737.1008453,-0.00068777334,-0.08392917,0.00068777334,0.08392917,0.5132738174690155,0.673687353169939,1
1767012737.1754208,0.039559435,-0.07486487,0.039559435,0.07486487,0.5288798534036664,0.6941818879718376,1
1767012737.2423892,-0.009171332,-0.09013838,0.009171332,0.09013838,0.542001810392633,0.7234167015592666,1
1767012737.3126032,0.024769556,-0.076457374,0.024769556,0.076457374,0.5720982933647228,0.7554948005612411,1
1767012737.3828275,0.0015637605,-0.07921419,0.0015637605,0.07921419,0.5946213490886264,0.7864291158061723,1
1767012737.4554594,0.013083289,-0.08177204,0.013083289,0.08177204,0.6145641248055699,0.8142310192465712,1
1767012737.53205,0.009448784,-0.06837387,0.009448784,0.06837387,0.6393917686714755,0.8385868970174368,1
1767012737.593115,0.015384513,-0.07784151,0.015384513,0.07784151,0.6504853443339941,0.8593845972689437,1
1767012737.661136,-0.0037856167,-0.07611696,0.0037856167,0.07611696,0.6641717259893245,0.8771123048401014,1
1767012737.7491515,0.031029236,-0.037604623,0.031029236,0.037604623,0.6945402054924223,0.8924439767829475,1
1767012737.839171,-0.0007970752,-0.07418273,0.0007970752,0.07418273,0.6875018076167946,0.905399215339014,1
1767012737.9181886,0.0032627163,-0.070269115,0.0032627163,0.070269115,0.6968422244633689,0.9166147809859212,1
1767012737.9956045,0.03545579,-0.06306956,0.03545579,0.06306956,0.7069259633970727,0.926887405855154,1
1767012738.0692444,-0.0053342776,-0.09471703,0.0053342776,0.09471703,0.6966542804740007,0.9351067661336014,1
1767012738.1440556,0.029391464,-0.06743618,0.029391464,0.06743618,0.7138362875249749,0.9425724454465311,1
1767012738.2096758,0.010143477,-0.07204736,0.010143477,0.07204736,0.715509117994318,0.9497942685213714,1
1767012738.2886045,0.010143477,-0.07204736,0.010143477,0.07204736,0.7178561502053833,0.9553222338787826,1
1767012738.3697188,-0.00366895,-0.09750628,0.00366895,0.09750628,0.7076455051621,0.9602546015829987,1
1767012738.4427352,0.026861466,-0.08175161,0.026861466,0.08175161,0.7166597861765852,0.9645009777696694,1
1767012738.5057495,-0.00020128209,-0.07562006,0.00020128209,0.07562006,0.7216800932852334,0.969043412815908,1
1767012738.5757473,-0.0071094846,-0.10324905,0.0071094846,0.10324905,0.7094378513915969,0.9727214300331753,1
1767012738.6447809,-0.011013656,-0.09023202,0.011013656,0.09023202,0.7121743332694721,0.9662689577328885,1
1767012738.7117958,-0.011013656,-0.09023202,0.011013656,0.09023202,0.70512258795061,0.933708763829942,1
1767012738.7888312,0.08164886,0.010808922,0.08164886,0.010808922,0.744379437070593,0.8879483585519922,1
1767012738.8512454,0.08164886,0.010808922,0.08164886,0.010808922,0.7422489828144428,0.894693029182776,1
1767012738.9282944,0.062979944,0.0074951425,0.062979944,0.0074951425,0.7369840324811615,0.8998226996423783,1
1767012738.9961307,0.062979944,0.0074951425,0.062979944,0.0074951425,0.7323737341277192,0.9038958917306782,1
1767012739.0634527,0.036305603,0.01116436,0.036305603,0.01116436,0.7290902679405541,0.9073975690314658,1
1767012739.1276054,0.042469386,0.014683422,0.042469386,0.014683422,0.7257663047757148,0.9104583115170669,1
1767012740.249578,-0.014685658,-0.03935822,0.014685658,0.03935822,0.7465796834554499,0.973613713911661,1
1767012740.323666,-0.016343247,-0.08079747,0.016343247,0.08079747,0.7235599483825569,0.9747735865205557,1
1767012740.3856797,-0.014540345,-0.09044897,0.014540345,0.09044897,0.7094430676521861,0.9396431832606232,1
1767012740.4506779,-0.014540345,-0.09044897,0.014540345,0.09044897,0.6959428651206867,0.8868714354362356,1
1767012740.515709,-0.018292405,-0.097242914,0.018292405,0.097242914,0.6777402921895932,0.8291579667992166,1
1767012740.5877643,-0.020311534,-0.09052015,0.020311534,0.09052015,0.6661483994899251,0.777959230758237,1
1767012740.6526425,-0.00905278,-0.091186665,0.00905278,0.091186665,0.6524210256202427,0.7380093493292994,1
1767012740.7293582,-0.017865013,-0.09315247,0.017865013,0.09315247,0.638501010086941,0.705654020554818,1
1767012740.7944007,-0.020625029,-0.09219094,0.020625029,0.09219094,0.6268017232547212,0.6781681654608208,1
1767012740.8769507,-0.027198587,-0.09364676,0.027198587,0.09364676,0.6147266664104432,0.6542354678950099,1
1767012740.949415,-0.02586342,-0.07798184,0.02586342,0.07798184,0.6117035017321486,0.6328237263767634,1
1767012741.0294874,-0.026485201,-0.088540085,0.026485201,0.088540085,0.5979331082586976,0.6137509138238046,1
1767012741.0995033,-0.019354332,-0.09629322,0.019354332,0.09629322,0.585150863371931,0.596016970485052,1
1767012741.168519,-0.022910725,-0.088784285,0.022910725,0.088784285,0.5798010060748576,0.5793284656762879,1
1767012741.2480557,-0.016355995,-0.09223861,0.016355995,0.09223861,0.5816107892273225,0.5377996997946503,1
1767012741.3250978,-0.019018587,-0.09049118,0.019018587,0.09049118,0.5947703886542498,0.47938821825327,1
1767012741.3891234,-0.014410951,-0.097985245,0.014410951,0.097985245,0.6074823413365517,0.4169236014245551,1
1767012741.4634562,-0.018399958,-0.09748734,0.018399958,0.09748734,0.6250950316059714,0.3583039289433348,1
1767012741.535683,-0.018399958,-0.09748734,0.018399958,0.09748734,0.6407273663073092,0.3076747974319144,1
1767012741.6079097,-0.011907143,-0.09607092,0.011907143,0.09607092,0.6522993141294904,0.26498929122722176,1
1767012741.6846333,-0.011907143,-0.09607092,0.011907143,0.09607092,0.6617582383181552,0.22886773037608502,1
1767012741.7647617,-0.011331144,-0.11098503,0.011331144,0.11098503,0.664518902407983,0.19777836983244138,1
1767012741.8408794,-0.014004425,-0.09563128,0.014004425,0.09563128,0.6776780601493972,0.17121212071008024,1
1767012741.9199846,-0.01413525,-0.10538023,0.01413525,0.10538023,0.6796615842709217,0.14787765898649385,1
1767012742.0100288,-0.016080938,-0.09209519,0.016080938,0.09209519,0.6912680113683362,0.1287786932312511,1
1767012742.0760443,-0.010782803,-0.096068986,0.010782803,0.096068986,0.6942368316754919,0.11193008152802804,1
1767012742.1544013,-0.013685844,-0.098716624,0.013685844,0.098716624,0.6965189651522528,0.09812900491542383,1
1767012742.22543,-0.013685844,-0.098716624,0.013685844,0.098716624,0.6993812137227667,0.08676942752635515,1
1767012742.2904663,-0.015438021,-0.076905094,0.015438021,0.076905094,0.7127629722055797,0.07669373614778006,1
1767012742.3575268,-0.014785857,-0.07180203,0.014785857,0.07180203,0.718734935435691,0.0677140544016187,1
1767012742.4366748,-0.013545365,-0.07172642,0.013545365,0.07172642,0.7215287947838616,0.05986978907613365,1
1767012742.5157917,-0.013545365,-0.07172642,0.013545365,0.07172642,0.7240370698897948,0.05307071663994337,1
1767012742.5940893,-0.012071417,-0.07735931,0.012071417,0.07735931,0.7229046353583931,0.04694457840425243,1
1767012742.6733708,0.006205651,-0.059090175,0.006205651,0.059090175,0.7341707291666687,0.042007888866817784,1
1767012742.7489674,-0.016855165,-0.08386969,0.016855165,0.08386969,0.7239017257850854,0.0375710314352927,1
1767012742.8239849,0.043933876,0.017321438,0.043933876,0.017321438,0.7752301644371283,0.03393308376326188,1
1767012742.9000013,0.040910248,0.010222651,0.040910248,0.010222651,0.774450568835297,0.08127060499433686,1
1767012742.9648879,0.048078623,-0.0005119145,0.048078623,0.0005119145,0.7642749571985464,0.18390514777997752,1
1767012743.0429692,0.037603054,0.003044717,0.037603054,0.003044717,0.7611363784214076,0.26077609296534987,1
1767012743.1067808,0.03609649,-0.0034380108,0.03609649,0.0034380108,0.7522680779981982,0.3136412144057465,1
1767012745.1197624,-0.026175458,-0.041629054,0.026175458,0.041629054,0.6327261424812873,0.7268995721253058,1
1767012745.1946692,-0.017974894,-0.058466144,0.017974894,0.058466144,0.6178735478945951,0.7131673341793234,1
1767012745.2621667,-0.011358979,-0.038640298,0.011358979,0.038640298,0.6201884805037932,0.694426600616201,1
1767012745.332199,-0.018743135,-0.045173354,0.018743135,0.045173354,0.6117427779824489,0.6765006482474653,1
1767012745.477221,-0.027495462,-0.059492193,0.027495462,0.059492193,0.5951328828933202,0.6426873198477934,1
1767012745.5633352,-0.031311337,-0.05117563,0.031311337,0.05117563,0.5934249193545048,0.6266077299356988,1
1767012745.6336873,-0.031628307,-0.053362586,0.031628307,0.053362586,0.58777528711209,0.6110676111532267,1
1767012745.7739866,-0.025790144,-0.036611415,0.025790144,0.036611415,0.5902873375921912,0.5815259701972328,1
1767012745.8545437,-0.025790144,-0.036611415,0.025790144,0.036611415,0.5879397403643433,0.5673934713717821,1
1767012748.0052083,-0.0030277045,-0.043479092,0.0030277045,0.043479092,0.7396242318673277,0.025374624844313295,1
1767012750.4442012,0.00096480455,-0.04448907,0.00096480455,0.04448907,0.6280765865512679,0.39278409849806173,1
1767012750.5227063,-0.0050471155,-0.03776139,0.0050471155,0.03776139,0.6199688943594457,0.4086600336746233,1
1767012750.6019976,0.0077976165,-0.07447118,0.0077976165,0.07447118,0.5972431156021034,0.4143392908574236,1
1767012750.6800156,-0.009190298,-0.050386168,0.009190298,0.050386168,0.6020093506021389,0.42289623695280065,1
1767012750.7651024,0.010895303,-0.064540796,0.010895303,0.064540796,0.5906015221122587,0.425255242079412,1
1767012750.8401186,-0.0042306827,-0.08898816,0.0042306827,0.08898816,0.5731086453356908,0.4324156434078288,1
1767012750.9114442,0.008990235,-0.08193789,0.008990235,0.08193789,0.5739531470717472,0.43475576509278296,1
1767012750.9842167,-0.010933169,-0.10178427,0.010933169,0.10178427,0.5588804844342108,0.44148915256633137,1
1767012751.1194346,0.0012407592,-0.045700066,0.0012407592,0.045700066,0.5753927121099942,0.4514866961514024,1
1767012751.1975126,-0.0016349675,-0.045020856,0.0016349675,0.045020856,0.5737415970061559,0.4589645794138407,1
1767012751.2700775,0.016371254,-0.040071256,0.016371254,0.040071256,0.5743976781086904,0.46357605410716074,1
1767012751.3381355,-0.007939427,-0.03847257,0.007939427,0.03847257,0.5736907115367244,0.47414141923542397,1
1767012751.401144,0.019191448,-0.053353347,0.019191448,0.053353347,0.5650543865173805,0.4781883544038266,1
1767012751.486169,0.006559289,-0.036195703,0.006559289,0.036195703,0.5712794847162398,0.4889238469814985,1
1767012751.5551846,0.0014008349,-0.038242012,0.0014008349,0.038242012,0.569387765903172,0.5006458442072046,1
1767012751.6252148,0.037118066,-0.042184174,0.037118066,0.042184174,0.5664838549560727,0.5103545032095838,1
1767012751.700263,0.032338116,-0.0399725,0.032338116,0.0399725,0.566413365707692,0.5216290924195888,1
1767012751.7790964,0.032338116,-0.0399725,0.032338116,0.0399725,0.5655312911438554,0.53264934389544,1
1767012751.9791558,0.03581285,-0.03571891,0.03581285,0.03571891,0.5669371165516459,0.5642680054397189,1
1767012752.5899034,0.040863473,-0.023871116,0.040863473,0.023871116,0.6515711214967346,0.7433225468798397,1
1767012752.7481737,0.042372588,-0.038149036,0.042372588,0.038149036,0.6815100445382055,0.8066142603447403,1
1767012752.828796,0.038484186,-0.032497495,0.038484186,0.032497495,0.697693135493814,0.8319427941290781,1
1767012752.9807215,0.0426449,-0.043205842,0.0426449,0.043205842,0.713456538062436,0.8718661792530662,1
1767012753.056707,0.037797302,-0.03882344,0.037797302,0.03882344,0.7229976994786321,0.8873942213825887,1
1767012753.1393032,0.014907259,-0.039900564,0.014907259,0.039900564,0.7286889043834542,0.9005458420643636,1
1767012753.7853975,0.036350306,-0.087956525,0.036350306,0.087956525,0.7345773621847279,0.9655593325288511,1
1767012753.8505952,0.010095979,-0.081479646,0.010095979,0.081479646,0.7341824989388017,0.9707640701139297,1
1767012753.9258642,0.006954211,-0.078542806,0.006954211,0.078542806,0.7328214161461623,0.9750338818269847,1
1767012754.0155427,0.016735964,-0.08428148,0.016735964,0.08428148,0.728316862426006,0.9789265281137128,1
1767012754.0885534,0.013957067,-0.079231806,0.013957067,0.079231806,0.7295931464831705,0.9822186476014645,1
1767012754.16457,0.0009429399,-0.08697868,0.0009429399,0.08697868,0.725191610332363,0.9848096045701592,1
1767012754.2400424,0.0009429399,-0.08697868,0.0009429399,0.08697868,0.7246706425682067,0.9872349967028342,1
1767012754.3223462,-0.0036077732,-0.089242555,0.0036077732,0.089242555,0.7232406450462772,0.9891678926021623,1
1767012754.395581,-0.0036077732,-0.089242555,0.0036077732,0.089242555,0.7230999170142611,0.9907380276093105,1
1767012754.4756925,-0.008483236,-0.09243483,0.008483236,0.09243483,0.7163669726148137,0.9727752865188067,1
1767012754.5499008,-0.008483236,-0.09243483,0.008483236,0.09243483,0.7064578551492289,0.9341449686346486,1
1767012754.628208,-0.0045843357,-0.09249859,0.0045843357,0.09249859,0.6938508303341709,0.8890051022327868,1
1767012754.7070763,0.08085771,-0.03670238,0.08085771,0.03670238,0.7085070911564108,0.8494562489127214,1
1767012754.862655,0.03660588,-0.059202828,0.03660588,0.059202828,0.6850013721172522,0.8629221282871828,1
1767012755.0047874,-0.012148741,-0.04233753,0.012148741,0.04233753,0.6748223774331011,0.8796756656009407,1
1767012909.8221726,0.08096419,-0.022329442,0.08096419,0.022329442,0.48883527889847755,0.5,1
1767012909.8932598,0.06309546,-0.023305982,0.06309546,0.023305982,0.5183946576784795,0.5498417133737655,1
1767012909.9710045,0.07393807,-0.011663474,0.07393807,0.011663474,0.5290699803240448,0.5608293525645546,1
1767012910.0501144,0.022069145,0.037432052,0.022069145,0.037432052,0.5588399314156285,0.5717824088517425,1
1767012910.1781838,0.039410394,0.009141259,0.039410394,0.009141259,0.5733570204232519,0.6108912276797721,1
1767012910.251263,0.040005814,0.044868782,0.040005814,0.044868782,0.619161878559437,0.650998857771864,1
1767012910.3165226,0.06961213,0.0067129806,0.06961213,0.0067129806,0.6295592539121302,0.6949017838417226,1
1767012910.3968034,0.07396776,0.027255636,0.07396776,0.027255636,0.6659508467813193,0.7320240579449887,1
1767012910.4798226,0.099719346,-0.034229122,0.099719346,0.034229122,0.6589707713908097,0.7672010692812012,1
1767012910.5500975,0.099719346,-0.034229122,0.099719346,0.034229122,0.6763828483924132,0.797524409226313,1
1767012910.6131241,0.072809376,-0.00057721883,0.072809376,0.00057721883,0.70674546176991,0.8246720042229199,1
1767012910.6899388,0.06739284,0.015214961,0.06739284,0.015214961,0.7278542325585102,0.8445254520002999,1
1767012910.7540255,0.07210569,0.023904867,0.07210569,0.023904867,0.7445918972598957,0.8632841548584321,1
1767012910.839179,0.07210569,0.023904867,0.07210569,0.023904867,0.7557488457520039,0.8798700588779269,1
1767012910.9091496,0.0706895,0.028563038,0.0706895,0.028563038,0.7674143202111249,0.8945583937116551,1
1767012910.9834943,0.06987688,0.004932232,0.06987688,0.004932232,0.7623168409786366,0.9043010526508988,1
1767012911.0495198,0.068232186,0.013437711,0.068232186,0.013437711,0.7710355573607052,0.9140583360773389,1
1767012911.1115775,0.06827622,-0.012736246,0.06827622,0.012736246,0.7625467769383412,0.9231871905808261,1
1767012911.1877785,0.07411689,-0.009760968,0.07411689,0.009760968,0.767210256642803,0.9318862148218561,1
1767012911.258404,0.076322384,-0.010544114,0.076322384,0.010544114,0.769567050317242,0.930488241924788,1
1767012911.3334212,0.0773573,0.0019937977,0.0773573,0.0019937977,0.7767344251748306,0.9327642175135434,1
1767012911.4144354,0.07853024,-0.010533437,0.07853024,0.010533437,0.7762193031546327,0.9315946083816208,1
1767012911.4857888,0.083662316,0.0624237,0.083662316,0.0624237,0.8078142244521372,0.9303107253032262,1
1767012911.5507324,0.07830677,0.031248432,0.07830677,0.031248432,0.7919677422096625,0.9223396549855044,1
1767012911.626894,0.07975994,0.014941931,0.07975994,0.014941931,0.7832361266862822,0.9191886975846288,1
1767012911.6906583,0.0826888,0.0382837,0.0826888,0.0382837,0.7952643160262145,0.9200908369578435,1
1767012911.7656522,0.0826888,0.0382837,0.0826888,0.0382837,0.7956969171415686,0.9199990009567441,1
1767012911.826292,0.079154894,0.030444331,0.079154894,0.030444331,0.7935352026734406,0.9229768496728036,1
1767012911.8883083,0.090523176,0.030292328,0.090523176,0.030292328,0.7933840409602728,0.9221764729993113,1
1767012911.959375,0.1079748,-0.01022514,0.1079748,0.01022514,0.7738177524131408,0.9231507607173399,1
1767012912.0263898,0.1079748,-0.01022514,0.1079748,0.01022514,0.7730057781003972,0.9241856929494949,1
1767012912.0936484,0.1079748,-0.01022514,0.1079748,0.01022514,0.7729798567109796,0.9280660041137064,1
1767012912.1592026,0.110886455,-0.010624528,0.110886455,0.010624528,0.7734973086487691,0.9324208615572003,1
1767012912.237228,0.11021598,-0.009215452,0.11021598,0.009215452,0.7691004100852235,0.9268081420953421,1
1767012912.3073587,0.10490916,0.0009170249,0.10490916,0.0009170249,0.7724193885478245,0.9264178387810923,1
1767012912.3703847,0.10490916,0.0009170249,0.10490916,0.0009170249,0.7713595250684924,0.9245344098754523,1
1767012912.433347,0.108296886,0.0021660402,0.108296886,0.0021660402,0.7725173650609454,0.9261443468445124,1
1767012912.4968283,0.021971185,0.039825976,0.021971185,0.039825976,0.7928706140902314,0.9284026008727414,1
1767012912.842577,0.05005529,0.027313616,0.05005529,0.027313616,0.7979896542790839,0.9349725527930306,1
1767012912.9220445,0.08241552,0.009991154,0.08241552,0.009991154,0.7950785366490298,0.9381584860613363,1
1767012913.0070689,0.05005529,0.027313616,0.05005529,0.027313616,0.8067892684040571,0.9421390608057303,1
1767012913.0770793,0.06108578,0.037755065,0.06108578,0.037755065,0.8148312453874198,0.946698967090896,1
1767012913.1530967,0.084515795,0.035820864,0.084515795,0.035820864,0.8167144137485318,0.9498321655743711,1
1767012913.2174108,0.09307173,0.02150891,0.09307173,0.02150891,0.8112286203539512,0.953414864989197,1
1767012913.2975595,0.09307173,0.02150891,0.09307173,0.02150891,0.8124423317575626,0.9570300211835124,1
1767012913.3710027,0.11258685,0.048489094,0.11258685,0.048489094,0.8267639174043839,0.9605546943024339,1
1767012913.4330256,0.11258685,0.048489094,0.11258685,0.048489094,0.8331200937706061,0.9656892722053548,1
1767012913.4980884,0.11639725,0.037041437,0.11639725,0.037041437,0.8307973400947799,0.9699318644994345,1
1767012913.576125,0.11340328,0.04132712,0.11340328,0.04132712,0.8357145925984267,0.9734434021155767,1
1767012913.655852,0.1063789,0.044588536,0.1063789,0.044588536,0.8387550328786968,0.9766361709376338,1
1767012913.72184,0.1212834,0.042690504,0.1212834,0.042690504,0.8380780628749455,0.9804815324684322,1
1767012913.8410375,0.115923315,0.040670283,0.115923315,0.040670283,0.8367079026038856,0.9832957698574342,1
1767012913.9890718,0.084914684,0.045616426,0.084914684,0.045616426,0.8386514590084948,0.9853311436824067,1
1767012914.1050985,0.123154126,0.037861537,0.123154126,0.037861537,0.8346485084616728,0.9873169195041234,1
1767012914.2191255,0.07673897,0.04564041,0.07673897,0.04564041,0.8376893122357554,0.9888996553142367,1
1767012914.4671824,0.05576838,0.024137244,0.05576838,0.024137244,0.8264221194873332,0.9901636976964003,1
1767012914.6382177,0.11183317,0.039906107,0.11183317,0.039906107,0.8337267115025194,0.9924441696729857,1
1767012914.7682514,0.12128678,0.055725746,0.12128678,0.055725746,0.8422339124547147,0.9946335187872405,1
1767012915.0283048,0.051586226,-0.026814498,0.051586226,0.026814498,0.8015607768997429,0.9909355566909687,1
1767012915.192341,0.017551467,-0.06491696,0.017551467,0.06491696,0.7798722851548884,0.9850901348688743,1
1767012915.2723556,-0.0044772113,-0.06358012,0.0044772113,0.06358012,0.7781513481882545,0.9822156758911782,1
1767012915.3383849,0.020193044,-0.048540078,0.020193044,0.048540078,0.7829838272439928,0.9829373785379322,1
1767012915.4087698,-0.00019740593,-0.051026322,0.00019740593,0.051026322,0.7794783364812435,0.9838363284163524,1
1767012915.5612257,0.08111674,0.01379507,0.08111674,0.01379507,0.8089142066280051,0.9872344598174702,1
1767012915.6457915,0.12529081,0.021575168,0.12529081,0.021575168,0.8145819177126141,0.9911109712067633,1
1767012915.7179945,0.12579158,0.054670986,0.12579158,0.054670986,0.8315798621262024,0.9958431294116992,1
1767012915.7943988,0.11292083,0.050371133,0.11292083,0.050371133,0.8309138852701564,0.9989131263557968,1
1767012915.874406,0.12758914,0.008131795,0.12758914,0.008131795,0.8106147462686217,1.0,1
1767012915.9484482,0.12966232,-0.0012684166,0.12966232,0.0012684166,0.8026992528859647,1.0,1
1767012916.025609,0.13049705,0.0034470484,0.13049705,0.0034470484,0.802741950239794,1.0,1
1767012916.0976245,0.13223132,-9.75728e-05,0.13223132,9.75728e-05,0.7994905612835769,1.0,1
1767012916.1736424,0.11114702,-0.02926264,0.11114702,0.02926264,0.7837341408120867,1.0,1
1767012916.2416565,0.11370529,0.018110707,0.11370529,0.018110707,0.8067709745897864,1.0,1
1767012916.314674,0.123635724,0.02316982,0.123635724,0.02316982,0.8112180455157316,1.0,1
1767012916.3956923,0.11325112,0.023604337,0.11325112,0.023604337,0.813427594122931,1.0,1
1767012916.46971,0.03071013,-0.038641937,0.03071013,0.038641937,0.7829938327259887,1.0,1
1767012916.6257493,0.02146611,-0.065468065,0.02146611,0.065468065,0.768321926029272,0.9940526599825051,1
1767012916.6973462,0.049737167,-0.047890015,0.049737167,0.047890015,0.7739793888039175,0.9891427688249539,1
1767012916.775864,0.038774353,-0.044936873,0.038774353,0.044936873,0.7727242077764743,0.974639591974741,1
1767012916.8542423,0.067790784,-0.056208126,0.067790784,0.056208126,0.7654170877576388,0.9675951071193581,1
1767012916.9354358,0.07860502,0.005884707,0.07860502,0.005884707,0.7949290394373761,0.9641337510860929,1
1767012917.0094602,0.052406196,0.04055454,0.052406196,0.04055454,0.8161973551450451,0.9647248775347234,1
1767012917.074468,0.05648011,0.0057857633,0.05648011,0.0057857633,0.8052459444509974,0.9688882336931689,1
1767012917.1474838,0.06727862,-0.022688255,0.06727862,0.022688255,0.7932430926135893,0.9722379205784012,1
1767012917.223501,0.09048113,-0.007054545,0.09048113,0.007054545,0.8003149643164899,0.975626778207273,1
1767012917.2985172,0.042029038,0.027666524,0.042029038,0.027666524,0.8168238326151169,0.9790354808640502,1
1767012917.3705332,0.028937075,0.04663867,0.028937075,0.04663867,0.8259206574573111,0.9820155633650498,1
1767012917.4465578,0.028937075,0.04663867,0.028937075,0.04663867,0.8260642973367647,0.9842451477610564,1
1767012917.527695,0.025625277,0.04040008,0.025625277,0.04040008,0.8235432066476942,0.9862032416398615,1
1767012917.6023252,0.07244911,0.037440736,0.07244911,0.037440736,0.8239794124227859,0.9878447622863954,1
1767012917.6824005,0.055622015,0.039195955,0.055622015,0.039195955,0.8269951196551428,0.9898410535691335,1
1767012917.7565296,0.0678703,0.02683876,0.0678703,0.02683876,0.8219161197705549,0.9912564214860344,1
1767012917.8196714,0.052859183,0.038161337,0.052859183,0.038161337,0.8286066834113067,0.9930537230297053,1
1767012917.9018228,0.07211548,-0.019183367,0.07211548,0.019183367,0.8015263209188735,0.993957797565778,1
1767012917.9988441,0.017168507,0.06781746,0.017168507,0.06781746,0.8481693642274817,0.991433731875132,1
1767012918.0708618,0.04188092,-0.032114595,0.04188092,0.032114595,0.8023401034508324,0.989870214638444,1
1767012918.145878,0.037835844,-0.0036555156,0.037835844,0.0036555156,0.7941566966572753,0.9689286080186232,1
1767012918.2278981,0.040684428,-0.061495967,0.040684428,0.061495967,0.7564152863172539,0.9601775623349946,1
1767012918.3679297,0.08419499,-0.040897787,0.08419499,0.040897787,0.759186624647911,0.955065497748794,1
1767012918.4429445,0.088214405,-0.02372311,0.088214405,0.02372311,0.7378955989605254,0.9356110916121185,1
1767012918.50662,0.07872429,-0.0345736,0.07872429,0.0345736,0.7230706168380873,0.9293764636577951,1
1767012919.1740632,0.056084603,-0.017780013,0.056084603,0.017780013,0.7286825694828428,0.929416258162304,1
1767012919.6352901,0.04976416,-0.077117704,0.04976416,0.077117704,0.6457296007405828,0.9948855443969529,1
1767012919.7103074,0.035078794,-0.05059632,0.035078794,0.05059632,0.6611152362392382,1.0,1
1767012919.7933307,0.022295004,-0.040411793,0.022295004,0.040411793,0.672769660076592,1.0,1
1767012920.3671668,0.09429404,-0.0032555684,0.09429404,0.0032555684,0.7342893228334471,1.0,1
1767012920.530336,0.048898965,0.011787355,0.048898965,0.011787355,0.7463081885141534,1.0,1
1767012920.8252194,0.07550722,0.0054674074,0.07550722,0.0054674074,0.7601936430539701,1.0,1
1767012924.4106798,-0.0029450739,-0.050527193,0.0029450739,0.050527193,0.7688876232848019,0.013669240669630371,1
1767012924.4744875,-0.0024612201,-0.06308866,0.0024612201,0.06308866,0.7606708197354419,0.009660836932032076,1
1767012924.550177,-0.013487195,-0.058184095,0.013487195,0.058184095,0.7607363673288753,0.006490692825252857,1
1767012924.613132,-0.0013848981,-0.050043948,0.0013848981,0.050043948,0.7636763901739106,0.004437774354555968,1
1767012924.682919,0.0038443096,-0.04809746,0.0038443096,0.04809746,0.7639147554382546,0.0025519865017605715,1
1767012924.7528791,-0.011055387,-0.038582295,0.011055387,0.038582295,0.7683307330552598,0.0016949652005411736,1
1767012924.8330264,0.0017261254,-0.048421353,0.0017261254,0.048421353,0.763527905379478,0.0012173036294666813,1
1767012924.908044,0.001616003,-0.04184857,0.001616003,0.04184857,0.7616307931402493,0.005991656202709316,1
1767012924.97706,0.006543708,-0.05132162,0.006543708,0.05132162,0.7491796275834771,0.02158565196431342,1
1767012925.052334,0.005859454,-0.04301069,0.005859454,0.04301069,0.7420874361115097,0.050591460030812906,1
1767012926.19697,-0.010952157,-0.05930709,0.010952157,0.05930709,0.6303883159396015,0.1152581556456996,1
1767012926.2612848,-0.0050068824,-0.05892191,0.0050068824,0.05892191,0.6324985178156927,0.10919646739612952,1
1767012926.3233066,-0.008932744,-0.041106835,0.008932744,0.041106835,0.6502838328726523,0.10039368733835706,1
1767012926.5432699,0.054707926,-0.04721106,0.054707926,0.04721106,0.6916987892997541,0.0736297304020301,1
1767012926.6303706,0.05955041,-0.039121017,0.05955041,0.039121017,0.7011889254634318,0.10899129477415942,1
1767012926.6999726,0.05537495,-0.04231967,0.05537495,0.04231967,0.6995311824974965,0.20074985620822147,1
1767012926.7794983,0.04028461,-0.025435783,0.04028461,0.025435783,0.7054627769432511,0.267535375916586,1
1767012926.918422,0.04209494,-0.034346752,0.04209494,0.034346752,0.6939728398270879,0.34928825941039904,1
1767012926.9968805,0.04109469,-0.033747323,0.04109469,0.033747323,0.687539755680338,0.3775476710771871,1
1767012927.073288,0.042360205,-0.034889884,0.042360205,0.034889884,0.6772414085325246,0.4025719297045727,1
1767012927.1383023,0.053087514,-0.04102105,0.053087514,0.04102105,0.6664636995149568,0.4235575226090417,1
1767012927.2022994,0.039291706,-0.019180447,0.039291706,0.019180447,0.6694960547648168,0.4422028579207655,1
1767012927.2663312,0.047836877,-0.027995363,0.047836877,0.027995363,0.659323520537373,0.45885064743456117,1
1767012927.3403945,0.051301576,-0.03688238,0.051301576,0.03688238,0.6574452742977251,0.4978138466869033,1
1767012927.4054651,0.058394495,-0.0368577,0.058394495,0.0368577,0.667032449344944,0.5506735908675292,1
1767012927.4724689,0.055509947,-0.045826405,0.055509947,0.045826405,0.6751676394791137,0.6076223285982073,1
1767012927.7101219,0.05181293,-0.03460779,0.05181293,0.03460779,0.7176214108287413,0.7537732219081037,1
1767012927.7810907,0.049819738,-0.06413173,0.049819738,0.06413173,0.711549398323399,0.7870588214428805,1
1767012927.8431444,-6.776955e-05,-0.03984376,6.776955e-05,0.03984376,0.7258373949123023,0.8164048920361686,1
1767012928.0013647,0.013036405,-0.056508265,0.013036405,0.056508265,0.7222448158903207,0.8649158782770665,1
1767012928.0736818,0.048244096,-0.06786286,0.048244096,0.06786286,0.7169557784014572,0.8837634029451742,1
1767012928.3833869,0.042843398,-0.02193074,0.042843398,0.02193074,0.7490294451199665,0.8994276860806213,1
1767012928.4502778,0.057493195,-0.020862848,0.057493195,0.020862848,0.8533185762166977,0.8973951170980051,1
1767012928.5137336,0.048326198,-0.021464847,0.048326198,0.021464847,0.8530175764858723,0.9023715486992253,1
1767012928.586813,0.042241286,-0.048511237,0.042241286,0.048511237,0.8394943815469742,0.9070221102755555,1
1767012928.664019,0.048362885,-0.028655685,0.048362885,0.028655685,0.8494221572577954,0.8870480523743496,1
1767012928.727033,0.038628325,-0.029856212,0.038628325,0.029856212,0.8488218937814236,0.8827312090519609,1
1767012928.8063812,0.036435064,0.007494502,0.036435064,0.007494502,0.8674972508847714,0.8760207746798256,1
1767012943.4688,0.10749451,0.04506486,0.10749451,0.04506486,0.8862824295461178,0.8815345649621961,1
1767012943.6711674,0.04912466,-0.10568846,0.04912466,0.10568846,0.7105400879807066,1.0,1
1767012943.747203,-0.05956911,-0.003821887,0.05956911,0.003821887,0.74782533916169,1.0,1
1767012943.9020984,0.05588331,-0.038748503,0.05588331,0.038748503,0.7151942308164871,1.0,1
1767012943.9674897,0.062826544,-0.0042745396,0.062826544,0.0042745396,0.740622911117901,1.0,1
1767012946.8443613,0.056536492,0.039916895,0.056536492,0.039916895,0.7702760467352421,1.0,1
1767012946.919185,0.07147845,0.024924457,0.07147845,0.024924457,0.8106195171410026,1.0,1
1767012946.9953227,0.051438015,0.025866643,0.051438015,0.025866643,0.8208815274467327,1.0,1
1767012947.0599353,0.08139031,0.03649031,0.08139031,0.03649031,0.8306154201940407,1.0,1
1767012947.1214347,0.07447346,0.06304024,0.07447346,0.06304024,0.8547849263110061,1.0,1
1767012947.1981688,0.09582979,-0.013852619,0.09582979,0.013852619,0.8228533155062104,1.0,1
1767012947.265299,0.072934836,-0.01958029,0.072934836,0.01958029,0.8247686077011626,1.0,1
1767012947.341586,0.09698343,-0.033667058,0.09698343,0.033667058,0.8317067873699495,1.0,1
1767012947.410618,0.046291716,0.006985113,0.046291716,0.006985113,0.8582541361360336,1.0,1
1767012947.4886425,0.05373397,-0.045762263,0.05373397,0.045762263,0.833821402680688,0.9801024642804987,1
1767012947.5646586,0.06960138,0.024678528,0.06960138,0.024678528,0.8544159548485549,0.975933897906647,1
1767012947.8395803,0.046378896,-0.1139107,0.046378896,0.1139107,0.7443776739659411,1.0,1
1767012947.9943683,0.043622788,-0.07418332,0.043622788,0.07418332,0.589853654434233,1.0,1
1767012948.0573843,0.041751936,-0.060641028,0.041751936,0.060641028,0.5793743659549794,1.0,1
1767012948.1346734,0.033263896,-0.070824616,0.033263896,0.070824616,0.5742954627454011,1.0,1
1767012948.3785334,-0.061111744,-0.06621192,0.061111744,0.06621192,0.6200374916423013,1.0,1
1767012948.4595942,-0.0031764777,-0.058350988,0.0031764777,0.058350988,0.626162716155001,0.9844150596377688,1
1767012951.3075833,0.084016606,-0.013790064,0.084016606,0.013790064,0.6530983158810616,0.9457174168984418,1
1767012951.3716028,0.09032648,0.07432895,0.09032648,0.07432895,0.7314880255518699,0.9495908399649864,1
1767012951.4355524,0.107266776,0.08292131,0.107266776,0.08292131,0.7576994319407703,0.95330027228429,1
1767012951.5112584,0.07426675,0.0509528,0.07426675,0.0509528,0.7519425576905099,0.955795028673277,1
1767012951.5932984,0.09388417,0.07698049,0.09388417,0.07698049,0.7711660790594363,0.9581197271204002,1
1767012951.6671004,0.07979879,0.022178888,0.07979879,0.022178888,0.7472399015659494,0.9598245973192825,1
1767012951.729942,0.06634967,0.020500928,0.06634967,0.020500928,0.7443260264209102,0.9629331177343667,1
1767012951.808925,0.05686574,0.014830057,0.05686574,0.014830057,0.7381019429273431,0.9651015806788922,1
1767012951.8837993,0.06891722,0.0016212314,0.06891722,0.0016212314,0.7257906169905056,0.9666214369599573,1
1767012951.9456568,0.051530268,0.010689311,0.051530268,0.010689311,0.7239460210767625,0.9676077893772864,1
1767012952.0139306,0.07005863,0.013986375,0.07005863,0.013986375,0.7256741399631125,0.9678971487191739,1
1767012952.0950205,0.057056345,0.019039676,0.057056345,0.019039676,0.7322683627326905,0.9699188696532295,1
1767012952.1614637,0.063220575,-0.0073861256,0.063220575,0.0073861256,0.7258928403793917,0.9720602243833325,1
1767012952.2267816,0.063220575,-0.0073861256,0.063220575,0.0073861256,0.7353341061917013,0.9738599148754211,1
1767012952.304205,0.031195868,0.046006296,0.031195868,0.046006296,0.7697396514126915,0.9759968637119542,1
1767012952.3821435,0.036432225,0.00048629194,0.036432225,0.00048629194,0.768408449323366,0.9780786279529506,1
1767012952.5358813,0.044548746,-0.043330953,0.044548746,0.043330953,0.764215239103127,0.9827771768055726,1
1767012952.8739433,0.08765907,0.009145521,0.08765907,0.009145521,0.8057949661340322,1.0,1
1767012952.9469573,0.07014899,0.036704134,0.07014899,0.036704134,0.8218303386150071,1.0,1
1767012953.022771,0.09043187,0.033660606,0.09043187,0.033660606,0.822449121861557,1.0,1
1767012953.0956457,0.08602821,0.006675042,0.08602821,0.006675042,0.8089744049622951,1.0,1
1767012953.159679,0.088197544,0.021600664,0.088197544,0.021600664,0.8184698900220893,1.0,1
1767012953.236439,0.11230592,-0.059741862,0.11230592,0.059741862,0.7818827260267138,1.0,1
1767012953.3014529,0.09866462,-0.04364243,0.09866462,0.04364243,0.7840370712613047,1.0,1
1767012953.3807821,0.09421672,-0.01933045,0.09421672,0.01933045,0.7894453081316091,1.0,1
1767012953.4589186,0.11230592,-0.059741862,0.11230592,0.059741862,0.7638488511815503,1.0,1
1767012953.5341833,0.11230592,-0.059741862,0.11230592,0.059741862,0.7385315961168953,1.0,1
1767012953.6113622,0.09512648,-0.02915793,0.09512648,0.02915793,0.742645852892388,0.9979743501028344,1
1767012953.6753483,0.11230592,-0.059741862,0.11230592,0.059741862,0.7183561172250714,0.9938102745752695,1
1767012953.7544384,0.10377337,-0.046721928,0.10377337,0.046721928,0.7197988428324253,0.9908591749464134,1
1767012953.8314633,0.040223066,0.0011236221,0.040223066,0.0011236221,0.7374335807783969,0.9902704924058222,1
1767012953.8974838,0.040223066,0.0011236221,0.040223066,0.0011236221,0.7335798055288554,0.9916054738238966,1
1767012954.0505621,0.05616266,0.04618863,0.05616266,0.04618863,0.7587196500106181,0.9960810043256418,1
1767012954.1297007,0.09067607,0.0033771992,0.09067607,0.0033771992,0.7474102813052992,1.0,1
1767012954.2045188,0.023372572,0.0562275,0.023372572,0.0562275,0.7804826941962035,1.0,1
1767012954.267088,0.019232413,0.047268733,0.019232413,0.047268733,0.7845251141329785,1.0,1
1767012954.3300855,0.09950208,0.06982477,0.09950208,0.06982477,0.802953119404022,1.0,1
1767012954.3925796,0.09950208,0.06982477,0.09950208,0.06982477,0.8144227004852627,1.0,1
1767012954.4586422,0.10045274,0.06997527,0.10045274,0.06997527,0.822335519536332,1.0,1
1767012954.5323257,0.14673546,0.08503388,0.14673546,0.08503388,0.8377552493839047,1.0,1
1767012954.5993426,0.12963445,0.080641694,0.12963445,0.080641694,0.8425691247923365,1.0,1
1767012954.6763597,0.13311578,0.09828567,0.13311578,0.09828567,0.8569830644737688,1.0,1
1767012954.7512295,0.10685023,0.084901184,0.10685023,0.084901184,0.8572871181746615,1.0,1
1767012954.8116083,0.115992084,0.09973376,0.115992084,0.09973376,0.8699795143345795,1.0,1
1767012954.8777986,0.115992084,0.09973376,0.115992084,0.09973376,0.8740031739984256,1.0,1
1767012955.2031019,0.12303458,0.02861914,0.12303458,0.02861914,0.8380787048259468,0.9988933800462113,1
1767012955.273133,0.14127584,0.029254958,0.14127584,0.029254958,0.8359862480234245,1.0,1
1767012955.343205,0.04826117,-0.040764906,0.04826117,0.040764906,0.7979423570656408,1.0,1
1767012955.4161396,0.03822235,0.027392458,0.03822235,0.027392458,0.8302458255599104,0.9999190353223134,1
1767012955.5701733,-0.0068310807,0.060040593,0.0068310807,0.060040593,0.8470866587347581,0.9956129153206791,1
1767012955.642185,-0.018547837,0.036577545,0.018547837,0.036577545,0.8379335690711416,0.9935241408595025,1
1767012955.7168384,-0.011485924,0.047030125,0.011485924,0.047030125,0.8436130765703492,0.9925019274354016,1
1767012955.867807,-0.023241483,0.048184536,0.023241483,0.048184536,0.8404207152125844,0.9797200042706646,1
1767012956.1701543,0.093916655,0.0032668859,0.093916655,0.0032668859,0.7766533842402942,0.7485236502270499,1
1767012956.2488818,0.11726259,0.019145928,0.11726259,0.019145928,0.774703453821695,0.7570173394782826,1
1767012956.3248935,0.10217773,0.0066516325,0.10217773,0.0066516325,0.7600680269333188,0.766780805159254,1
1767012956.403909,0.10152079,0.016103797,0.10152079,0.016103797,0.7559458505612027,0.774608753058555,1
1767012956.4823291,0.06897717,-0.020161822,0.06897717,0.020161822,0.7315626889306809,0.7807933532850386,1
1767012956.5603392,0.06320807,-0.0020123273,0.06320807,0.0020123273,0.7315282381317181,0.7893726782386101,1
1767012956.6443589,0.0740102,-0.010785177,0.0740102,0.010785177,0.7190259684390523,0.7982473172540228,1
