timestamp,nx,ny,is_fixation
1766665233.0081666,0.4532504959279138,0.43709868436707344,0
1766665233.0779567,0.46114963769507894,0.4200655074797099,0
1766665233.143666,0.47955343409856693,0.40281991391615646,0
1766665233.2210417,0.49643445607234193,0.38597611660794245,0
1766665233.2966673,0.5072933696620489,0.3730106410959132,0
1766665233.3564098,0.5108952346257625,0.36212483161608405,0
1766665233.4228158,0.5165656441932096,0.3524463633019623,0
1766665233.500391,0.5225140440371902,0.3432657908739004,0
1766665233.5794582,0.5258688636854346,0.3339985561893308,0
1766665233.6548123,0.5263234463434944,0.3264382653465304,0
1766665233.7178452,0.5238244548713115,0.32085753625157953,0
1766665233.784144,0.5202831433894042,0.3175802938040014,0
1766665233.857218,0.5165307239192949,0.3153850742003435,0
1766665233.921166,0.513884291368341,0.31414982645005,0
1766665233.9852166,0.5114300214496148,0.31380001876795693,0
1766665234.049218,0.5095315799485687,0.31435645741050705,0
1766665234.1336088,0.5083810412812133,0.31550089827736255,1
1766665234.202235,0.5064588411450432,0.3178408619514093,0
1766665234.2644157,0.5020838415189356,0.31835264785915557,0
1766665234.330482,0.5002363440946276,0.31880295671192205,0
1766665234.395744,0.4985186101666609,0.3185585501091913,0
1766665234.4818115,0.49800983395029896,0.3182947200717834,1
1766665234.5537362,0.4990002919675917,0.3084759120115325,0
1766665234.6333022,0.5037947316318574,0.29785764119132446,0
1766665234.71221,0.5082454681828577,0.2854048811874165,0
1766665234.788071,0.5150544546761132,0.2723515480753905,0
1766665234.8501627,0.5191104756317467,0.26019747773939156,0
1766665234.9122906,0.5241798589806936,0.250510069610881,0
1766665234.9792054,0.5263079151867439,0.24249188219737153,0
1766665235.0593421,0.5292817837755716,0.23396043799310168,0
1766665235.1311028,0.5333823283214759,0.22776201722902328,0
1766665235.1926725,0.5339204444920203,0.22213103775896642,0
1766665235.260714,0.5328892902134289,0.2203923614292615,0
1766665235.336233,0.5313831944688302,0.2215965800171115,0
1766665235.3972921,0.528846111127016,0.22494189018977886,0
1766665235.4626315,0.5265914298281005,0.22924309692033606,0
1766665235.5253758,0.5257383953729018,0.23439819077445934,0
1766665235.5967972,0.5249958152643729,0.2409584563121248,0
1766665235.6754315,0.5249732852734158,0.2512372933487876,0
1766665235.7488897,0.5250977830553655,0.26277276037512437,0
1766665235.8275187,0.5255098068974922,0.272184740573323,0
1766665235.8895414,0.5259490158482177,0.28645095086570305,0
1766665235.9519887,0.5261642184966218,0.3010091410332173,0
1766665236.0145175,0.5262426959695807,0.3184558733629073,0
1766665236.0795496,0.5260695909423563,0.3356167701897357,0
1766665236.1420586,0.526079869465059,0.3522601899739441,0
1766665236.2202065,0.5262483003362086,0.36831253573490946,0
1766665236.2989662,0.5263042730384268,0.3838445008250869,0
1766665236.3807054,0.5268407151262604,0.3993446830680265,0
1766665236.4676917,0.5269436962388421,0.4141974235311757,0
1766665236.5417097,0.5268583747460771,0.4285935578820467,0
1766665236.6209772,0.5265909793827194,0.4425833306514141,0
1766665236.699383,0.5399542531489852,0.4736612214631508,0
1766665236.7729523,0.5655562021975005,0.5249186796071037,0
1766665236.8535912,0.590273680775915,0.5825164903030553,0
1766665236.9414663,0.6089162822704055,0.6380468606066373,0
1766665237.0124824,0.6235550758281785,0.6873917197455486,0
1766665237.106774,0.629891293953518,0.7297564042983605,0
1766665237.179792,0.6337645400977693,0.764328110886548,0
1766665237.2622333,0.6376579419912135,0.7946758340569362,0
1766665237.3506787,0.6413015638854677,0.8210644888267683,0
1766665237.4263904,0.6474285219833675,0.8450890888683849,0
1766665237.4998565,0.6513248438872836,0.8650527492503902,0
1766665237.5688586,0.6541724324886555,0.8816880219753134,0
1766665237.65854,0.6559984259891689,0.8958928782497366,0
1766665237.7305515,0.6575894384887161,0.9090678932377431,0
1766665237.801567,0.6591741820121477,0.9200026380919709,0
1766665237.8817139,0.6623952367539747,0.9292554804215267,0
1766665237.9567313,0.6670413531277557,0.9384807301367758,0
1766665238.0377324,0.6685941740126795,0.9461776668839335,0
1766665238.113787,0.6694394126177874,0.9534982373935443,0
1766665238.1867857,0.6699414568943983,0.9598314785144129,0
1766665238.2758179,0.6704298976884354,0.9647884864012438,0
1766665238.3638248,0.6698432402814969,0.9688428486546823,0
1766665238.4446542,0.6687349048192899,0.972479088949822,0
1766665238.5187345,0.6458712658843142,0.9615922342964619,0
1766665238.6097543,0.6186049029456852,0.9432661277974613,0
1766665238.6863413,0.5974013315877832,0.9289307888441051,0
1766665238.780691,0.5738086831504776,0.8961989125243035,0
1766665238.851705,0.5592657782686455,0.854910397634485,0
1766665238.9288478,0.5519633371202511,0.8187845128470707,0
1766665239.0248818,0.5469133400706698,0.7904126093088244,0
1766665239.1048994,0.543276776890598,0.7749574616924874,0
1766665239.1868331,0.540471487036769,0.7697276649321517,0
1766665239.2673974,0.5384865161434556,0.772763904604058,0
1766665239.3415554,0.5361189772114907,0.778620968136025,0
1766665239.4152174,0.5342678718441547,0.7843553474044911,0
1766665239.506444,0.532620189955894,0.789682495513573,0
1766665239.5694592,0.5312001184159971,0.7947179162209428,0
1766665239.635476,0.5299991908870122,0.7994549806444774,0
1766665239.7224996,0.5290546659561273,0.8039885997114637,0
1766665239.804514,0.5283298904738686,0.8083212227967405,0
1766665239.875547,0.5267316246630475,0.8123657842233835,0
1766665239.958563,0.5261201650671627,0.811452353167662,1
1766665240.0343308,0.5247802932095705,0.8015753334811411,0
1766665240.1133504,0.5244466403719624,0.7840672584793706,0
1766665240.1983662,0.5246721102407275,0.7639109161414436,0
1766665240.2727268,0.5247243525010314,0.7445752825398027,0
1766665240.3477495,0.5247638301093883,0.7256796061799811,0
1766665240.423127,0.5250520552473914,0.7076150369864388,0
1766665240.5245895,0.5252641686958257,0.6900541511161989,0
1766665240.6020246,0.5254017150717982,0.6732422775731901,0
1766665240.6800427,0.5257218105982158,0.6568824103052678,0
1766665240.7580607,0.52593352999851,0.6407890117690115,0
1766665240.8330762,0.5262197245537907,0.6251914129093109,0
1766665240.9091008,0.5538918759168077,0.5776387601106734,0
1766665241.0101151,0.5836062278443869,0.5124068941128382,0
1766665241.098134,0.6158788477622059,0.4442305427690882,0
1766665241.174152,0.6340874006638372,0.3809072424332508,0
1766665241.2527118,0.6253442923831916,0.36904162687828124,0
1766665241.3277304,0.6089555449096645,0.39013054257821106,0
1766665241.401026,0.5888275141051366,0.43340748936936474,0
1766665241.4630394,0.5670428964419352,0.4671398869296972,0
1766665241.530463,0.5421230396345885,0.49441293037580764,0
1766665241.6085331,0.5227729985638635,0.5163269412792431,0
1766665241.7185576,0.508357562157349,0.5344470535779076,0
1766665241.7955828,0.5007131043414478,0.5497679412642449,0
1766665241.857919,0.5107231817907434,0.5635167012682384,0
1766665241.9265692,0.5194748488389247,0.5757443642974405,0
1766665242.0022314,0.5237702311558825,0.586660352890861,0
1766665242.0792975,0.5256720107555378,0.5969227847589739,0
1766665242.1565568,0.5252028761001963,0.6004030440734442,0
1766665242.221566,0.5245027848140607,0.5951072317729361,0
1766665242.2954354,0.5243962568750664,0.5800616429985551,0
1766665242.36045,0.5245422504925603,0.5657159083596763,0
1766665242.4249423,0.524724153206655,0.5518211169620154,0
1766665242.4852006,0.5252424013641668,0.5387197728740494,0
1766665242.5513186,0.5256008952394084,0.5259337953006509,0
1766665242.62641,0.525853894494553,0.5134766759995185,0
1766665242.6884618,0.5259958102994223,0.5013331987886228,0
1766665242.7548723,0.5261842837250801,0.4895585359272281,0
1766665242.829207,0.5279623410530732,0.47834641994496435,0
1766665242.8892636,0.5526328085351,0.4452275584881461,0
1766665242.9569468,0.580711412339948,0.39940974415877983,0
1766665243.0312788,0.5812752738175189,0.39035398806852617,0
1766665243.0974238,0.5752346505378012,0.39719501345673724,0
1766665243.165104,0.5677780224858573,0.4083062374071891,0
1766665243.2396123,0.5594314229564169,0.42474618945951803,0
1766665243.3188403,0.5516464762451577,0.4444026438401773,0
1766665243.3991485,0.5463859761468203,0.4632524352881645,0
1766665243.476196,0.5420677854650013,0.48005665650935647,0
1766665243.5492127,0.5384455633830226,0.4953813417895714,0
1766665243.6115742,0.536119771022588,0.5092214041422194,0
1766665243.6750357,0.5338735526893115,0.5222080973407192,0
1766665243.742269,0.532584032155771,0.5343904050855023,0
1766665243.8202686,0.5311057198490152,0.546097488071884,0
1766665243.8973923,0.5299719868140591,0.5570918858565648,0
1766665243.9734902,0.5293959663826284,0.5675475620298136,0
1766665244.0352116,0.5485516068174138,0.5973048480455427,0
1766665244.0972252,0.5684698181238758,0.6365569663616937,0
1766665244.1600173,0.5862424934918327,0.6783840373224822,0
1766665244.22501,0.604306187096687,0.7198961152589041,0
1766665244.2870758,0.6174776419476363,0.7561676336134707,0
1766665244.348096,0.623943293812321,0.787090098944088,0
1766665244.4146469,0.6309712570687234,0.8141144403208993,0
1766665244.475431,0.6379841968883309,0.8371849618924698,0
1766665244.5384846,0.6440889210147156,0.8573921426677893,0
1766665244.6031792,0.6487843775981916,0.8743238962005816,0
1766665244.6806223,0.6517335084335178,0.8895177695628146,0
1766665244.7590232,0.6578007528919032,0.9034154002331272,0
1766665244.8194518,0.6607075647007536,0.9149725616459784,0
1766665244.8830702,0.6640581724298011,0.9258010369889498,0
1766665244.9594533,0.6659701977771633,0.9342143575273703,0
1766665245.0255182,0.66693746465389,0.9422728930587839,0
1766665245.100131,0.6667763961648174,0.9484552791347061,0
1766665245.1807344,0.6662312333200379,0.953845866914346,0
1766665245.2587872,0.6657384389796022,0.9585934270956671,0
1766665245.3198533,0.6672373395065672,0.9599266887395533,0
1766665245.3829093,0.6709682068552283,0.9547084190384407,0
1766665245.4475605,0.6763166123591073,0.9385790139299928,0
1766665245.5136402,0.6766577736543193,0.9325840061053411,0
1766665245.587664,0.6523218884731272,0.8815810512051276,0
1766665246.1860347,0.6598677161027822,0.8602104875411971,0
1766665246.2557347,0.5907564530473005,0.8355234048673839,0
1766665246.320776,0.5724874910016251,0.8141988920166605,0
1766665246.396928,0.5617556694212181,0.793143252663547,0
1766665246.4586263,0.5526327591972992,0.7681600613478958,0
1766665246.5215762,0.5421551139745356,0.7456949208803463,0
1766665246.584261,0.5373264480654949,0.7327509423880163,0
1766665246.6807609,0.5352736195421163,0.7164185196549686,0
1766665246.7655885,0.5335432422853887,0.695922392725626,0
1766665246.837945,0.5320726970834526,0.6764960810482838,0
1766665246.8987854,0.5292119738271835,0.6652432744406542,0
1766665246.9643986,0.5278481991434766,0.6521072601513535,0
1766665247.0462844,0.5251694484310918,0.6364220738538002,0
1766665247.1157415,0.5246298856901794,0.621021524874528,0
1766665247.1818473,0.5245853547412339,0.6061069988884351,0
1766665247.2462916,0.5247591915853808,0.5917713497564807,0
1766665247.3288827,0.5255824588797884,0.5795111643983044,0
1766665247.4037905,0.5475318185903075,0.5420810433315507,0
1766665247.4774313,0.580665689658712,0.49166740279181265,0
1766665247.5415626,0.6051195419224804,0.4352905544987863,0
1766665247.6023142,0.6392708283836888,0.3849814759145883,0
1766665247.6699445,0.6542066586115434,0.344266522538507,0
1766665247.7487066,0.6547231581393608,0.32368996935681665,0
1766665247.8252032,0.6564480575798967,0.29697623250802413,0
1766665247.8884835,0.6585350897908304,0.27128115442652023,0
1766665247.9506912,0.6611244695618966,0.2506134100868002,0
1766665248.0159569,0.6603105038591115,0.23103228901273537,0
1766665248.090837,0.6631628579251143,0.2127975199451545,0
1766665248.156224,0.664176165747644,0.19263456348757543,0
1766665248.2188373,0.6591921588865567,0.17236382252653137,0
1766665248.2830262,0.6541754370934514,0.1631821796251753,0
1766665248.358862,0.6357677118924344,0.15287603192008534,0
1766665248.4216402,0.5392577019565925,0.1340409912984989,0
1766665248.4852695,0.4728658608712042,0.12108461062645072,0
1766665248.5472848,0.4587207497807243,0.11139929602189719,0
1766665248.6148715,0.47165953214067735,0.1023422513156371,0
1766665248.677776,0.4981326099697596,0.09536326489939731,0
1766665248.741103,0.51944475927103,0.09093701838184429,0
1766665248.8159359,0.527706648510416,0.08840109707707791,0
1766665248.878877,0.5318815137419916,0.08655870157820846,0
1766665248.9397504,0.5331708469867626,0.0876871523175633,0
1766665249.007406,0.5328475023282299,0.09266507024896652,0
1766665249.0846963,0.5318706049645047,0.10843286490144935,0
1766665249.1456597,0.5310505754873334,0.12361040497003026,0
1766665249.217109,0.5300585960968369,0.14031519982820279,0
1766665249.2931662,0.5283040512172924,0.16315456391779315,0
1766665249.3677492,0.5272241400970629,0.18264670151219436,0
1766665249.4467416,0.5280418456886368,0.19732746054653522,0
1766665249.520708,0.5299427119980973,0.2109595534854686,0
1766665249.5858846,0.5309645813308088,0.2239031677607105,0
1766665249.6620924,0.5306414692556759,0.2367538901555396,0
1766665249.726561,0.5306521025826901,0.24956121482418703,0
1766665249.7934604,0.5300407056100399,0.2613548207878186,0
1766665249.8676975,0.5297688996793104,0.27346466944659875,0
1766665249.9432385,0.5293144664479629,0.2835501372030053,0
1766665250.0077991,0.5287466012398763,0.2921544475010661,0
1766665250.0833192,0.528239587504975,0.299457171347092,0
1766665250.1544502,0.5276734143275775,0.30492548415731735,0
1766665250.2254667,0.5276311895458154,0.31226593469170505,0
1766665250.3041472,0.5274699380220355,0.32149589120927224,0
1766665250.3641665,0.5273718106555448,0.33098447258386243,0
1766665250.4301755,0.5272646527466032,0.3424708464110615,0
1766665250.49419,0.5272263183051222,0.35861667407438,0
1766665250.5552678,0.5271184956305872,0.3743396301143258,0
1766665250.6152644,0.5271044879900663,0.38961611833742815,0
1766665250.6798635,0.5269620963464609,0.40450015124053723,0
1766665250.746853,0.5269053865146108,0.41891371212289075,0
1766665250.8221838,0.5254018053229934,0.432640839025863,0
1766665250.8883736,0.5250582335052182,0.43822161741374377,0
1766665250.949419,0.5247136292135335,0.4351639328825462,0
1766665251.0113328,0.5243568310891326,0.42916820492106256,0
1766665251.0784397,0.5244727697240531,0.4192359515981121,0
1766665251.307905,0.5239283202526668,0.4092195193704815,0
1766665251.3754265,0.5234990336916121,0.39960515884846093,0
1766665251.456203,0.5237043667882613,0.3903070612339913,0
1766665251.5268617,0.5236510441593186,0.38181113108614617,0
1766665251.5868747,0.5239979080130486,0.3733502477895148,0
1766665251.6532764,0.5245012690099389,0.365196828736163,0
1766665251.716133,0.5249876033604659,0.35708584214566025,0
1766665251.7799406,0.5253710473233835,0.3491255899561664,0
1766665251.8576865,0.5460462876040916,0.3267156670721587,0
1766665251.932842,0.5785376976317748,0.29285889473140875,0
1766665251.995051,0.6037210312427833,0.25872277824315054,0
1766665252.0571237,0.6210094388887595,0.2272048525370956,0
1766665252.1186469,0.6383554396375138,0.19989644737812542,0
1766665252.1836162,0.647978989155154,0.17510714442003192,0
1766665252.2451947,0.6763195373426585,0.14819069490706327,0
1766665252.3087242,0.6880477240829312,0.12584938740594648,0
1766665252.3745866,0.6928575365147991,0.10754829013182302,0
1766665252.457837,0.6917268959509576,0.09259355339345728,0
1766665252.5326562,0.6905408468193704,0.08020015167488609,0
1766665252.607416,0.6873153920642894,0.06930904724026998,0
1766665252.6742113,0.6824134070334377,0.061804607526798214,0
1766665252.7490478,0.6765663813903326,0.05552767239602725,0
1766665252.8147383,0.6723664510543927,0.049945365849516324,0
1766665252.8921769,0.6707757275975659,0.0455858983162746,0
1766665252.9542139,0.6693447849042617,0.04048559048542453,0
1766665253.023044,0.6676662943082027,0.03714701422481661,0
1766665253.096073,0.6667197679820115,0.033386113049221816,0
1766665253.1744595,0.6662366533379824,0.030269193886555378,0
1766665253.2377276,0.665204692374423,0.027477198733317755,0
1766665253.3019142,0.6619928863068372,0.023766062063009942,0
1766665253.3789265,0.6618044771337587,0.02064936238809589,0
1766665253.4564292,0.6690435552961675,0.018790972743507384,0
1766665253.5380964,0.6727742871106074,0.01756261701475259,0
1766665253.6127164,0.6553997353738523,0.04449225999854025,0
1766665253.6793816,0.6217746799305096,0.12346500336209391,0
1766665253.7524502,0.5971650158508114,0.12383928070734189,0
1766665253.8198056,0.5759774300234587,0.11605348823020344,0
1766665253.8944511,0.5628271227383244,0.11033131741064878,0
1766665253.9731495,0.5537894066719783,0.10585916968173403,0
1766665254.0495799,0.5467571160515756,0.10167510988356583,0
1766665254.1112213,0.5411532986930678,0.0981203479123495,0
1766665254.1771333,0.5371819294551338,0.09515568198591925,0
1766665254.240602,0.5344618364635261,0.0925792049289792,0
1766665254.3078995,0.530311167131977,0.09125733795499205,0
1766665254.3807092,0.5228075354742538,0.09042900146913116,0
1766665254.4451969,0.5314129989005626,0.0873216779384674,0
1766665254.5066519,0.5419094794483322,0.08488395789264071,0
1766665254.5712552,0.548677130949354,0.08428072950679262,0
1766665254.6345036,0.5447803743040384,0.08162190853703495,0
1766665254.9339304,0.44245641216684706,0.0685763688888565,0
1766665255.0088797,0.4206773368609672,0.06143785193111584,0
1766665255.0898533,0.4154484120231325,0.0570141431563593,0
1766665261.345372,0.41449921541132634,0.060228472635111927,1
1766665261.4073856,0.4542116344957068,0.06045420110814047,0
1766665261.4733694,0.4708468129694995,0.05967415136719487,0
1766665261.5335748,0.4788608025515056,0.058627213597535505,0
1766665261.6010938,0.4843330783249927,0.057799030017615244,0
1766665261.6798198,0.4876402601477743,0.05685910582707009,0
1766665261.762202,0.48934212760660506,0.05485208377416203,0
1766665261.8362088,0.4866020980024052,0.05324781090997438,0
1766665261.9143808,0.4826358888659905,0.05233577518191151,0
1766665261.975397,0.4818313611573267,0.053828558178529204,0
1766665262.0393975,0.49271369030225687,0.06171509160211139,0
1766665262.1184742,0.5098059492211863,0.07900263813111989,0
1766665262.190918,0.5190562489198353,0.10261315967725458,0
1766665262.2572412,0.523250236579295,0.12628447226348744,0
1766665262.3172388,0.5249139140721021,0.14919447923036694,0
1766665262.3815367,0.5249181491065704,0.17144571913199652,0
1766665262.44849,0.525242330267594,0.19282194155769328,0
1766665262.5235486,0.5245995797555515,0.20343453629209463,0
1766665262.5878794,0.5246632696489953,0.20481091869498605,0
1766665262.6515574,0.5236663118942968,0.2005553071374791,0
1766665262.7126794,0.5236987326023405,0.1963510185387348,0
1766665262.7735565,0.5241008384099746,0.1922425287959176,0
1766665262.8487644,0.5245171871304684,0.18817109462186515,0
1766665262.92092,0.5249350819644769,0.1841755201001716,0
1766665262.9965217,0.5256971436551162,0.18032629995525548,0
1766665263.0591843,0.5261486869333368,0.17652391670542067,0
1766665263.1222472,0.5263324491637188,0.1727890985886885,0
1766665263.191182,0.5270657463642247,0.16927677106931183,0
1766665263.2685215,0.5478050631123419,0.15889256488924186,0
1766665263.3482637,0.5542319574714556,0.162473432669424,0
1766665263.4225373,0.5457573335050967,0.19752136695973294,0
1766665263.489619,0.5342836288750636,0.23481327147259745,0
1766665263.5629733,0.5207345504535896,0.2661724535162581,0
1766665263.6287253,0.5128541782708993,0.2926059481240054,0
1766665263.6877484,0.5086122917499775,0.3157577624061588,0
1766665263.7531085,0.5061052303633773,0.33661064878357433,0
1766665263.8161426,0.504592523631834,0.3542756405807868,0
1766665263.8786676,0.5038299041817855,0.36840442664368145,0
1766665263.9440029,0.5034742641472383,0.3794593975033498,0
1766665264.0050225,0.503139152322101,0.38849292893195114,0
1766665264.0747795,0.5043760371883228,0.3983950828120742,0
1766665264.1469347,0.5059871006886016,0.40893222277124974,0
1766665264.221077,0.5172699403987242,0.4239378730747189,0
1766665264.2841513,0.5226288852759203,0.4379102411412067,0
1766665264.3493762,0.5250218544735932,0.4514138919477704,0
1766665264.41447,0.5259955570467212,0.46463365733895556,0
1766665264.4759696,0.5263175469365737,0.4774824750594997,0
1766665264.5420644,0.5268216829843715,0.48982832638908863,0
1766665264.6040843,0.5270949605512201,0.501888965262273,0
1766665264.67179,0.527151274696969,0.513597028886625,0
1766665264.7455072,0.5269122642564609,0.5250090415287022,0
1766665264.8202217,0.5480715116951812,0.5579456718101761,0
1766665264.8845203,0.5739533226331828,0.6040521137136652,0
1766665264.9514306,0.5991923895556903,0.6528575839780928,0
1766665265.0305197,0.6171605350060271,0.6985187448712455,0
1766665265.1063144,0.6285156663908534,0.7394545887941874,0
1766665265.1724114,0.6379141312739671,0.7745321632587827,0
1766665265.2324252,0.6458016255734006,0.8020166703891454,0
1766665265.2994401,0.6516912154669392,0.8258017935307497,0
1766665265.3754199,0.6555016128648548,0.8465728525009131,0
1766665265.4403112,0.6577908051462011,0.8646459432523572,0
1766665265.502093,0.6596603380596094,0.8806518323065151,0
1766665265.5613868,0.6617160949423107,0.8949455745635058,0
1766665265.625857,0.6623382264444222,0.9066654961264761,0
1766665265.6902533,0.6628506563706031,0.9172399191073569,0
1766665265.7666578,0.6630852172535981,0.9264037373923023,0
1766665265.8283007,0.6633967925005283,0.9344077433456459,0
1766665265.900618,0.6633658527564537,0.9415310436182358,0
1766665265.969185,0.6629775409941072,0.9482531142048325,0
1766665266.0330555,0.662495097150663,0.9556602391463649,0
1766665266.0992725,0.6576512325654912,0.9624427853020154,0
1766665266.1592858,0.6543566248528707,0.9683171454775019,0
1766665266.2237957,0.6540095258916159,0.9726327003727576,0
1766665266.288136,0.6549091320824698,0.9760345454347803,0
1766665266.348168,0.6562281816666653,0.9789269310829982,0
1766665266.41685,0.6578688614087669,0.981460269207653,0
1766665266.5011475,0.635280569824736,0.9835891792734628,0
1766665266.5697088,0.5931083499800051,0.9874879727231238,0
1766665266.6326447,0.5538652333906362,0.989698799029918,0
1766665266.6980927,0.5072850089246308,0.9654299915621938,0
1766665266.7607434,0.4839735805209425,0.9257155897034028,0
1766665266.8244417,0.4715514947373425,0.8798406861074017,0
1766665266.8874495,0.4656573174155395,0.8405383344301894,0
1766665266.9507535,0.4695160688387483,0.8075194005695381,0
1766665267.0261638,0.47617285807325954,0.7786870400341577,0
1766665267.0923023,0.48267504281222595,0.7531587000789217,0
1766665267.1526647,0.4967072996339351,0.7287405746514988,0
1766665267.2180622,0.5121922907579951,0.7061181878465412,0
1766665267.278145,0.5154955329925396,0.6828511683487075,0
1766665267.3441675,0.5153554670353647,0.6623392129234777,0
1766665267.4077544,0.5207050591689812,0.6388855687914938,0
1766665267.4705305,0.5244709382358735,0.6160943672463624,0
1766665267.5475066,0.5259997538668976,0.5965681860096632,0
1766665267.60869,0.5352693292717097,0.5673192669045222,0
1766665267.6914039,0.5478569718000441,0.5496955693545907,0
1766665267.764299,0.5353615312765548,0.536111579602128,0
1766665267.8252761,0.5289312918592205,0.5236658737519166,0
1766665267.89039,0.5231160247820211,0.5150731917019907,0
1766665267.9553585,0.5201587531246163,0.5071526833291413,0
1766665268.017631,0.5187430977487214,0.49980067641241344,0
1766665268.081327,0.5217665467411478,0.4999126202483054,0
1766665268.1455152,0.5207092414327187,0.5006218358689036,1
1766665268.222683,0.5191646691333163,0.5002239996744622,0
1766665268.2889323,0.5192038659998482,0.5000128651105776,1
1766665268.3498023,0.5257204007139633,0.4972430888120546,0
1766665268.41192,0.5273103187275611,0.49728679509501394,0
1766665268.4762084,0.5278194222555597,0.4949484277241772,0
1766665268.561664,0.5279860867366045,0.4914240185106384,0
1766665268.6331637,0.5277543436278743,0.4849241911121487,0
1766665268.6942492,0.5296166027926821,0.47349144794630843,0
1766665268.7579577,0.5298834751828216,0.46258681775902744,0
1766665268.8170006,0.5294718251842893,0.45182682066480784,0
1766665268.885531,0.5290498159533941,0.44159554638803905,0
1766665268.9631765,0.5285357039072024,0.4314297650345008,0
1766665269.0364597,0.5281968684726982,0.4217457434450696,0
1766665269.1007845,0.5278441165244068,0.41239171142557746,0
1766665269.1655495,0.5276238728019279,0.40331641979300203,0
1766665269.2270086,0.5274380011022033,0.3943084977609996,0
1766665269.291061,0.5271761342973148,0.38716226087348077,0
1766665269.353101,0.5286094030764659,0.3911859810499782,0
1766665269.4147673,0.529157304233682,0.4057326322476896,0
1766665269.4853578,0.5289905054386821,0.41965244755967973,0
1766665269.553058,0.5286252050219006,0.4336476956364469,0
1766665269.617362,0.5284817130734039,0.4470350311861085,0
1766665269.6827796,0.5281853797702677,0.46034844902387395,0
1766665269.7438004,0.5280104387363875,0.4733344557184039,0
1766665269.808066,0.527561749378082,0.4860344825546514,0
1766665269.8710907,0.5274089633727699,0.4982825194991769,0
1766665269.9311635,0.5274530012792845,0.5098498200995525,0
1766665270.0003617,0.5489699786761093,0.5443868440835443,0
1766665270.0843275,0.5738571953490715,0.59234171139321,0
1766665270.152783,0.5971172793121592,0.645140602354724,0
1766665270.216343,0.6137695592281571,0.6930081907912824,0
1766665270.2786112,0.6272465229910325,0.734761335721696,0
1766665270.3416328,0.6343884827757788,0.7695315630741308,0
1766665270.406027,0.6431400217182984,0.799366025179518,0
1766665270.470764,0.6483377663257377,0.8255569056616935,0
1766665270.5313957,0.6524199020419594,0.8470044674237462,0
1766665270.5956197,0.6557157370550768,0.8656765518795311,0
1766665270.660961,0.6572068478118593,0.88148899382544,0
1766665270.742254,0.6327982732554563,0.863390345235045,0
1766665270.815997,0.6059717025343123,0.805022669561454,0
1766665270.8804882,0.5852471935049699,0.7303170798729041,0
1766665270.9431064,0.5708267655011388,0.6774032255502531,0
1766665271.005976,0.5606069134487016,0.6384458726590858,0
1766665271.0649838,0.5531099901119405,0.6068028946145808,0
1766665271.1311862,0.5468195071455629,0.5816230702529804,0
1766665271.1982744,0.5414054308887798,0.5599046176042268,0
1766665271.2642863,0.5366940869058405,0.5411510745687445,0
1766665271.3263,0.5338699440280584,0.5245090394645046,0
1766665271.4067416,0.5313007706070192,0.5094421590742053,0
1766665271.4831939,0.5502151599462606,0.47182896364444327,0
1766665271.546208,0.5739304167122343,0.4201537867377343,0
1766665271.6100495,0.5963802700117233,0.3675517652862075,0
1766665271.6700747,0.6121583542813087,0.31739816787781266,0
1766665271.7341292,0.6224990398912553,0.27492686282126705,0
1766665271.7972293,0.6312066358750517,0.23886455487106553,0
1766665271.86506,0.6385797266515659,0.20892670207092742,0
1766665271.929888,0.6456285910569315,0.18202672458745228,0
1766665272.0022163,0.6500767170258039,0.1592820125154685,0
1766665272.0667133,0.649408860943304,0.1402224305177553,0
1766665272.1291995,0.6503190606920435,0.12397563099557891,0
1766665272.1909945,0.6519699148308425,0.10929567690175106,0
1766665272.2570019,0.6552963412808877,0.09617309857567316,0
1766665272.3183458,0.6566769108432267,0.08518518794554476,0
1766665272.3816564,0.6581573275181576,0.07547063321199314,0
1766665272.4540124,0.6609193233806827,0.06741042498246375,0
1766665272.5251093,0.6635263511009288,0.05918813829543506,0
1766665272.583351,0.6642190032842645,0.05247271748028694,0
1766665272.6518948,0.6648491013509485,0.046311927339793675,0
1766665272.7113945,0.6653924165447466,0.04131487651459408,0
1766665272.7767,0.665183252063665,0.03634484257401393,0
1766665272.8410077,0.6646298202259995,0.03228676183014733,0
1766665272.9044065,0.6645164624417904,0.028639551853294424,0
1766665272.969683,0.6645387422536223,0.02511322552636507,0
1766665273.0519588,0.6640218839963714,0.022449546274201787,0
1766665273.123734,0.6797030601539508,0.02051840765121618,0
1766665273.1874497,0.6860829929862075,0.017959905516946047,0
1766665273.253562,0.6856393929923505,0.01626280595590819,0
1766665273.314294,0.6641751864661966,0.05885603306276309,0
1766665273.3795378,0.6293193644234738,0.13378527996853343,0
1766665273.4399781,0.6023390535508606,0.2137247318138504,0
1766665273.5056388,0.581782628956587,0.2720687866352987,0
1766665273.5672064,0.5674091356552496,0.3145159705335945,0
1766665273.6360903,0.5571248141819592,0.3474673227009025,0
1766665273.709286,0.5495134958946586,0.37463248258919535,0
1766665273.7762065,0.5443179187959629,0.39731413802477766,0
1766665273.837555,0.5403262136078145,0.41714233644992216,0
1766665273.9004738,0.5371561508761677,0.43481157479276256,0
1766665273.9656954,0.5344209835889026,0.4512996424902213,0
1766665274.0277038,0.5550324570383796,0.49273970905800957,0
1766665274.092068,0.5803015571223111,0.5478851125579577,0
1766665274.1773324,0.6034891045581469,0.6041111297366646,0
1766665274.2579467,0.6200103433293906,0.6580367359768564,0
1766665274.3269074,0.6313994069272655,0.7041746462545637,0
1766665274.3889449,0.6418097692995727,0.7441085956116228,0
1766665274.449682,0.6473374329680299,0.7766979550732009,0
1766665274.5137029,0.6506798949668788,0.806993440772956,0
1766665274.576769,0.6548489613570846,0.8315105498976676,0
1766665274.6380074,0.6573173260155737,0.8524565184726296,0
1766665274.7010512,0.6589472719707656,0.870171409897761,0
1766665274.764095,0.6595178743587167,0.8847596129828807,0
1766665274.8291454,0.6628681446366027,0.8972963496878718,0
1766665274.9064484,0.6652417238309631,0.9084049847007534,0
1766665274.9881048,0.6652871426143899,0.9193644836708583,0
1766665275.0619638,0.6659947314018286,0.9277025957529469,0
1766665275.1226962,0.6654558109372586,0.9352376255502964,0
1766665275.1867578,0.6651751558930555,0.9430980952732987,0
1766665275.252658,0.6642134584615453,0.9497416120073683,0
1766665275.3162875,0.663944186018337,0.9549553517153182,0
1766665275.3920887,0.6622083927935212,0.9636815754475295,0
1766665275.4613957,0.6618285168858848,0.968388086272886,0
1766665275.5371222,0.658802341094135,0.9743396906522741,0
1766665275.6107898,0.657860175263564,0.9783652851160033,0
1766665275.672858,0.6582186282173688,0.9812160364671978,0
1766665275.7348776,0.6601878636030396,0.9849149400716566,0
1766665275.7992005,0.6616927570022048,0.9875003825855228,0
1766665275.8631377,0.6623044902969502,0.9890183022332046,0
1766665275.9285555,0.6624839860149203,0.9899180567553025,1
1766665275.9885945,0.6636942363391501,0.9904309509227873,0
1766665276.0609438,0.6637302630150907,0.9908218452219669,1
1766665276.131406,0.6432287318598465,0.9677780088152335,0
1766665276.192099,0.6145474852118268,0.9094518302928365,0
1766665276.2593057,0.5898338768427612,0.8241920100744355,0
1766665276.3403418,0.5728715527653039,0.7620322839912465,0
1766665276.4135344,0.561370598100402,0.7160168988903546,0
1766665276.4758086,0.5532093017658452,0.6807752977934289,0
1766665276.5409963,0.5467870724185175,0.651323914716911,0
1766665276.6165125,0.5413120279913549,0.6263108707402486,0
1766665276.682546,0.5374300664321189,0.6049955876459336,0
1766665276.758684,0.5313633422429568,0.5854932863616744,0
1766665276.8377867,0.5288585883451224,0.5683967929016863,0
1766665276.9118528,0.5472767429732149,0.5250621307783869,0
1766665276.9779015,0.5734241947181864,0.46712251888764433,0
1766665277.0571043,0.5967774839716207,0.40627658219791407,0
1766665277.1368134,0.6134176194146073,0.34974482930793394,0
1766665277.2078743,0.6265646273028149,0.2998636143591033,0
1766665277.2717698,0.6348052424459149,0.2589729922290572,0
1766665277.3419561,0.6416602936378432,0.2237194319451471,0
1766665277.4165668,0.6479051214676531,0.19594059603956568,0
1766665277.492346,0.6520056043910962,0.17121848197476539,0
1766665277.5581868,0.6554011127500643,0.14965172867797816,0
1766665277.6196873,0.6573891739912247,0.13173766129388867,0
1766665277.680726,0.6592898797683667,0.11602273870587285,0
1766665277.7438967,0.6613272338384097,0.1018331432861255,0
1766665277.8062527,0.6615665929514684,0.09044547608640298,0
1766665277.8713896,0.6615386835451459,0.07953927929111657,0
1766665277.9540362,0.6619281803010937,0.07069900311746716,0
1766665278.0291724,0.6616003230370789,0.06251904775866464,0
1766665278.1047413,0.6623785858072797,0.05600569344361672,0
1766665278.16911,0.6623627475360866,0.04937700625494552,0
1766665278.2309794,0.6635478446206137,0.04673204927046636,0
1766665278.296014,0.664418001877793,0.04321494594520439,0
1766665278.3578186,0.6648109207089428,0.03994288164727518,0
1766665278.4181337,0.6626441807996416,0.03718069939935558,0
1766665278.4847734,0.6619193025294956,0.03372950321702986,0
1766665278.5542896,0.6614604196708911,0.030487193365816616,0
1766665278.6245081,0.6612967885514174,0.02797084844069842,0
1766665278.691932,0.6606489235102849,0.02594113500950064,0
1766665278.7529457,0.6607386853076959,0.024191236573181635,0
1766665278.8189044,0.6608333228325366,0.022490352641081367,0
1766665278.8812287,0.6610209863195651,0.020433398587935647,0
1766665278.9435916,0.6608806251306519,0.01821424864423335,0
1766665279.0058415,0.6610965952813568,0.016029423204288278,0
1766665279.0691812,0.6609751013627955,0.014604467955776667,0
1766665279.135197,0.6602480250954401,0.012834645247099945,0
1766665279.2126417,0.660341432543984,0.011390644401598963,1
1766665279.289738,0.6599535827530684,0.009537760733595062,0
1766665279.3719826,0.6598845376153177,0.008559907985071601,1
1766665279.4453144,0.6609768849356787,0.007818851551456653,1
1766665279.5084095,0.6309973461587974,0.006361597934861503,0
1766665279.572083,0.6180241501292552,0.004580507266559988,0
1766665279.6521459,0.6009529038678234,0.003929766936958925,0
1766665279.7300422,0.587545988927553,0.002617521133833205,0
1766665279.8095849,0.5752371745645626,0.0017724761668055351,0
1766665279.8805146,0.5651079810253937,0.0012468359523350489,0
1766665279.9443607,0.556198967789145,0.0009381172404204714,0
1766665280.0099528,0.5490620017768889,0.0009023114476864091,0
1766665280.072385,0.5434596007410512,0.0006769691478860554,0
1766665280.1351757,0.5392906888957906,0.0006335425577198094,0
1766665280.214351,0.5540893709387442,9.885705910287249e-05,0
1766665280.2901635,0.5566610764850045,0.005762074791211014,0
1766665280.3535845,0.5552649453516734,0.012991465186003477,0
1766665280.421349,0.5510386236420062,0.023909929072748106,0
1766665280.4950492,0.544896536207527,0.03041225365660365,0
1766665280.5598495,0.5403362654378201,0.03320751715577969,0
1766665280.6378698,0.5370941369196011,0.03312516118502113,0
1766665280.721571,0.5346122525545429,0.03229087346315155,0
1766665280.7907333,0.5327090087489816,0.03140388860410866,0
1766665280.8551056,0.5313743812069283,0.030567049070551626,0
1766665280.9191701,0.5303752058119547,0.029816426477963814,1
1766665280.9833133,0.5294219792948777,0.029063655851277043,1
1766665281.0507495,0.5287680688411059,0.028456988087466897,1
1766665281.1243284,0.5283214076479827,0.027810869804474475,1
1766665281.1861277,0.5280506931478279,0.027195972396623504,1
1766665281.25291,0.5276910310717265,0.026676560509065233,1
1766665281.3161604,0.5451265953059767,0.02521512854520267,0
1766665281.3771923,0.5671276468800978,0.023559843217351183,0
1766665281.4422812,0.5879900581572968,0.022200330327353593,0
1766665281.5055578,0.6040748140541774,0.02034561058362059,0
1766665281.5705998,0.6178475251929371,0.01866086982784675,0
1766665281.6531773,0.6286046885265602,0.016936634426126633,0
1766665281.7256796,0.637130166249344,0.01477422280249713,0
1766665281.7875457,0.6440217213985838,0.01238956744040765,0
1766665281.8514628,0.6478629120201262,0.011248442530865124,0
1766665281.913007,0.652053553808227,0.009567450187064445,0
1766665281.9797502,0.6545263448349325,0.008563396262304707,0
1766665282.056341,0.6573939513475001,0.0076418649138449,0
1766665282.118354,0.659136383348122,0.006681362231841617,0
1766665282.1823928,0.6418790178698771,0.013579642710361125,0
1766665282.2640605,0.619399927670058,0.026315545878761358,0
1766665282.344086,0.6024226502843711,0.023611394906991004,0
1766665282.416592,0.5866404125232183,0.01965764475024601,0
1766665282.4833996,0.5735761737433168,0.01633977103574179,0
1766665282.545031,0.5628107348377148,0.015895390530637286,0
1766665282.6100895,0.5540250467422586,0.01875290434017992,0
1766665282.6877246,0.5472088008121633,0.024336758689546767,0
1766665282.7634976,0.5418247236895982,0.03306192719814664,0
1766665282.8276234,0.5376412068544656,0.041679498963175285,0
1766665282.895675,0.534704526244055,0.05008680942370056,0
1766665282.9737155,0.5324497097961066,0.059834047214800984,0
1766665283.046806,0.5309123089180601,0.06796084149474389,0
1766665283.1148932,0.5299074141464414,0.07833077914806802,0
1766665283.1946876,0.5290489944816048,0.09038792493078046,0
1766665283.2686615,0.5284366263619978,0.10023794138584585,0
1766665283.3336332,0.5279701568750812,0.10790589932267756,0
1766665283.397266,0.5270552345229448,0.11146810337778082,0
1766665283.4593034,0.5265625465339987,0.11349000855864538,0
1766665283.528274,0.5265611883222041,0.11224845065412199,1
1766665283.6048443,0.5267074789426313,0.10987934350581946,0
1766665283.6800525,0.5264582656051954,0.10770001406393746,0
1766665283.7420714,0.526451152528526,0.10556703197861132,0
1766665283.8079588,0.5265413314951942,0.10335037695073179,0
1766665283.8697217,0.526456296724507,0.10122978583594988,0
1766665283.9358938,0.5263949056783975,0.09908639086366866,0
1766665284.0122561,0.5263671571413908,0.0969200850728006,0
1766665284.0757332,0.5263539564342896,0.09500593989130028,0
1766665284.1614287,0.526220363878831,0.09297949569993706,0
1766665284.2328503,0.5447874384923832,0.08690356979849015,0
1766665284.2948515,0.5681510226962321,0.07935038717464533,0
1766665284.3576071,0.5901107442029008,0.07094376015763294,0
1766665284.4215314,0.6073799810094587,0.06309666210694224,0
1766665284.496707,0.6212435854986329,0.05549207566464505,0
1766665284.560253,0.6309793590516424,0.043010757669763026,0
1766665284.6241586,0.6347303611360089,0.034518355663721315,0
1766665284.6881,0.6391116979758985,0.027774335914654186,0
1766665284.7541263,0.6410422099747501,0.023079152751696343,0
1766665284.8313293,0.6447143786226208,0.020182777186453935,0
1766665284.8923824,0.6411412611049249,0.012338926679514042,0
1766665284.9566748,0.6419305936663113,0.007244214549703939,0
1766665285.0186112,0.6331179752887597,0.011458239071506452,0
1766665285.0816486,0.6338146395979776,0.013441474955504063,0
1766665285.1467588,0.624152937184448,0.01821108827320904,0
1766665285.2092803,0.6040778989806916,0.032692979054231006,0
1766665285.272082,0.5871400538542586,0.04316296780768891,0
1766665285.3407402,0.5728381120976452,0.06026722131901903,0
1766665285.4120245,0.5624206834318148,0.07178721513934531,0
1766665285.477088,0.5544242816432984,0.08330712723035404,0
1766665285.5401185,0.5477884959502531,0.09905523530514018,0
1766665285.5995066,0.5440516501739467,0.10222758046582416,0
1766665285.6702838,0.5405023173411583,0.10450934547083254,0
1766665285.7422278,0.537905090039774,0.10401049156511634,0
1766665285.8041728,0.5357244387237435,0.10313992658568769,0
1766665285.8681576,0.5337278998062426,0.102425541408761,0
1766665286.5373685,0.5450061485375055,0.10271452777381995,1
1766665286.618918,0.5374360632747658,0.10486968984177653,0
1766665286.6927702,0.5329349930149925,0.1064873320076694,0
1766665286.7573836,0.5305265811199191,0.10796560620206533,0
1766665286.8338025,0.5287519903304684,0.1100111661003488,0
1766665286.8968165,0.5277045465485227,0.11364467896820721,0
1766665286.9603562,0.5271695154618757,0.11567576042627359,0
1766665287.0236776,0.5267638991396874,0.11573748478736193,1
1766665287.0858307,0.5264835266413522,0.113957256378334,0
1766665287.1590543,0.5262771987894531,0.11300490898780416,1
1766665287.2278736,0.5261683267268943,0.11220599481299773,1
1766665287.2930813,0.5262445567995184,0.11123808673283851,1
1766665287.371198,0.5261957134939139,0.11136201350461146,1
1766665287.4332154,0.526264661203308,0.11135455098245696,1
1766665287.494948,0.5262565371698007,0.10905746847905623,0
1766665287.559306,0.5262848702017422,0.10674865207137268,0
1766665287.6247303,0.5262955725393981,0.10442469035184154,0
1766665287.6875734,0.526232733133336,0.10217337087285942,0
1766665287.7535954,0.5262365169440099,0.09988038850090655,0
1766665287.826788,0.5262874216640108,0.09778398636230694,0
1766665287.8928025,0.5262069333107378,0.09592796640267802,0
1766665287.9537978,0.5263224159035054,0.09401897438268722,0
1766665288.0198421,0.5263731400309105,0.09208777868034873,0
1766665288.0837104,0.5444127868126339,0.08654691884840172,0
1766665288.1477897,0.5685120136180074,0.07805133238060391,0
1766665288.211652,0.5896141623685129,0.06926550144160722,0
1766665288.2728417,0.6070887789144193,0.06159204643878188,0
1766665288.3394463,0.6210564856307635,0.0544914450352491,0
1766665288.412675,0.6314487935952326,0.04847574141130271,0
1766665288.4751198,0.6397898007829286,0.04317489111333451,0
1766665288.536978,0.6462819449072272,0.038319679941278474,0
1766665288.600246,0.6508919599861474,0.03417736068015856,0
1766665288.6654475,0.6535532935321264,0.03072741594965674,0
1766665288.7301197,0.655549482021019,0.02757434667253393,0
1766665288.7939832,0.6565280288544697,0.025663528634808058,0
1766665288.869191,0.6567792863617264,0.024402544064822458,1
1766665288.938177,0.6430912122771137,0.023886411937879097,0
1766665289.0146217,0.6220665484058313,0.02857523712325248,0
1766665289.0857317,0.601584623919075,0.03459781617519638,0
1766665289.1531184,0.583885252352394,0.03238018898624084,0
1766665289.2164743,0.57003120270914,0.03022153726810306,0
1766665289.2784948,0.5595672616118796,0.028726070212495097,0
1766665289.3411326,0.5520969740977661,0.02731847008670511,0
1766665289.4201064,0.5465956866556666,0.026166600513764415,0
1766665289.4806714,0.543218170945445,0.02380161688325844,0
1766665289.548547,0.5399163846739475,0.022051367884871043,0
1766665289.6235275,0.5368142057606202,0.020885918983497006,0
1766665289.6865356,0.5343210385042364,0.020225889154138265,0
1766665289.749801,0.5497385725682911,0.018836217133739817,0
1766665289.8247926,0.5676806599732923,0.017874522919834213,0
1766665289.8885431,0.5869334936960487,0.01676583184398087,0
1766665289.9509597,0.604277651869913,0.015284379118594461,0
1766665290.0146582,0.6193361526281912,0.013899802713525481,0
1766665290.078005,0.6146654481849188,0.012834018777243439,0
1766665290.1426995,0.6019334958591207,0.012056210498522889,0
1766665290.2185516,0.5865184741356779,0.011619012313692448,0
1766665290.2795649,0.5716471764326272,0.011155360890017126,0
1766665290.3456736,0.55891295805023,0.010725532689378637,0
1766665290.4087472,0.5484094733659712,0.010361871692499428,0
1766665290.4739149,0.539799875181573,0.010103061600580002,0
1766665290.53818,0.5346801195004505,0.010061319510731134,0
1766665290.6177497,0.530966279437312,0.009916882686602076,0
1766665290.6917968,0.5278446265245673,0.00978899862826701,0
1766665290.7636683,0.5251106693910713,0.009435574536049447,0
1766665290.8349273,0.5282490267433055,0.010192347464969536,0
1766665290.8996134,0.5292524812480999,0.012044118256443897,0
1766665290.9621568,0.529260994663622,0.014826530744226074,0
1766665291.0251932,0.5293455990460648,0.020903648847044307,0
1766665291.0899444,0.528937354854798,0.031931023793014345,0
1766665291.1509771,0.52902844792439,0.05124558918324387,0
1766665291.2180166,0.528445330611305,0.07343556439615223,0
1766665291.27803,0.5288734821493122,0.09787164978803939,0
1766665291.3478017,0.5286351414367442,0.121883584867535,0
1766665291.4259124,0.5281299928618285,0.14506248991980708,0
1766665291.5033326,0.5274809764410038,0.16750483350517043,0
1766665291.5813255,0.5268046813515854,0.18980639274966937,0
1766665291.6441681,0.5263353427547566,0.2111129688225501,0
1766665291.7097886,0.5261743425379466,0.23164646844429848,0
1766665291.7960901,0.5233568157656416,0.25271193217175786,0
1766665291.8641381,0.5230710218100295,0.27260416761309514,0
1766665291.9284182,0.5216495395493567,0.2924110538225559,0
1766665291.9965513,0.5220784904827979,0.3051276645622809,0
1766665292.0576522,0.5193523260124209,0.3165995681879621,0
1766665292.1334696,0.5194709748952072,0.31911038023937627,0
1766665292.2143443,0.519982878875833,0.31824353512117315,1
1766665292.2889266,0.5209539615616258,0.31329888717886445,0
1766665292.351937,0.5220333985811885,0.30784244169286806,0
1766665292.4137995,0.5234214124877369,0.30130012147540536,0
1766665292.473343,0.5242419411279813,0.29475943929719656,0
1766665292.5398562,0.5246044010083701,0.288521151741965,0
1766665292.6066632,0.5250262796572625,0.28233430451141156,0
1766665292.6825488,0.524949025494395,0.27690924652836835,0
1766665292.7760947,0.5229871094077084,0.27485529065451764,0
1766665292.8545926,0.5228291191466352,0.272060459265966,0
1766665292.930004,0.5405109513024188,0.2589199913672131,0
1766665292.9935796,0.5651472412547501,0.23271789452763705,0
1766665293.0689933,0.5875317972643932,0.20542439744311738,0
1766665293.134698,0.6150410506945081,0.18008055055150013,0
1766665293.2154164,0.6401422768511903,0.1612077092685888,0
1766665293.2964232,0.6447263165833176,0.16000661055585919,0
1766665293.3647115,0.6510615088991188,0.15262462645780597,0
1766665293.4300027,0.6736683169529687,0.13734700865828536,0
1766665293.4910107,0.6896811017332184,0.12192055559999414,0
1766665293.5560598,0.6921620738173606,0.10913554001646054,0
1766665293.6210108,0.7853776090877925,0.1164250865876289,0
1766665293.6836927,0.7926267318619125,0.11393788693678239,0
1766665293.7465205,0.7971110638171436,0.1203230298789374,0
1766665293.8099215,0.7829892279427701,0.11995026261060938,0
1766665293.8761997,0.7531047705921434,0.10989532456187509,0
1766665293.935213,0.6667399653305583,0.08861867713413402,0
1766665293.9971695,0.6077835897364772,0.07574722821149782,0
1766665294.0654905,0.5651127989735965,0.06757794320715312,0
1766665294.1429214,0.5428838490138773,0.06710070625597346,0
1766665294.2036877,0.5506929776622143,0.06521319667757566,0
1766665294.2697685,0.5533206540963534,0.06324023472384528,0
1766665294.3328025,0.556151835561618,0.06227335730572549,0
1766665294.3943777,0.5541375291963457,0.060701507977064216,0
1766665294.4635975,0.5480530166233935,0.05978611650211312,0
1766665294.5371695,0.5436441739722113,0.058887458322378704,0
1766665294.6002095,0.5395306670719325,0.05780102083032574,0
1766665294.6679575,0.5386048782645363,0.05813314776437328,1
1766665294.7451527,0.5350155778183453,0.057839038311110584,0
1766665294.8079617,0.5398305817339539,0.057394271332505686,0
1766665294.871079,0.5446858312970948,0.05606385754580794,0
1766665294.932511,0.5845855488085208,0.047088287266388085,0
1766665294.9939718,0.6186313108776627,0.0419649358022315,0
1766665295.0669181,0.6550858809028438,0.03887688188846297,0
1766665295.135992,0.6692794609275721,0.03522557639993462,0
1766665295.199247,0.6742098207460635,0.03187595733339385,0
1766665295.2668471,0.6026051995165249,0.010233058946398761,0
1766665295.341742,0.5096976413060863,0.022555476160243317,0
1766665295.4050405,0.47702700782713264,0.029537409351771293,0
1766665295.4807749,0.4586133088432499,0.03343920842390504,0
1766665295.544098,0.45590379447066454,0.034323698349300755,0
1766665295.6069558,0.4470711854704127,0.034228814404664076,0
1766665295.6739478,0.44424761558020887,0.033640668807822696,0
1766665295.7508705,0.44837073545223827,0.03286550042997885,0
1766665295.825212,0.45722440448165497,0.0320389341422774,0
1766665295.8922594,0.4624872824265443,0.03122247939876032,0
1766665295.952755,0.47100316266689246,0.029630880968410073,0
1766665296.017838,0.4742485779548729,0.028557671446259494,0
1766665296.0811372,0.4755719863739208,0.02809037661814463,0
1766665296.1573408,0.4831129046620765,0.02649870050545228,0
1766665296.2209196,0.4872800425110878,0.02557081264652001,0
1766665296.2914572,0.5062634660797578,0.02377962000195084,0
1766665296.3599744,0.5189564038370391,0.02249369397439744,0
1766665296.4229808,0.5239008322553214,0.02130178874655905,0
1766665296.484996,0.5244163885981334,0.020416585000999316,1
1766665296.5469286,0.5249761144324068,0.019549956686157506,1
1766665296.6110003,0.5270456925389813,0.018839824638982792,0
1766665296.6739688,0.5273616809328259,0.017863883128353877,1
1766665296.738485,0.5239491855307628,0.017384082775725878,0
1766665296.8053796,0.5231786129189946,0.016749218551183165,1
1766665296.8863046,0.5193989290360994,0.014563237702732634,0
1766665296.9573386,0.5125602052863838,0.0,0
1766665297.0214157,0.5189498654305019,0.0,0
1766665297.0844262,0.5360146748582082,0.0,0
1766665297.1471436,0.5534512202794257,0.0,0
1766665297.2245371,0.570707026194566,0.0,0
1766665297.3011265,0.5560167834944274,0.0,0
1766665297.3634279,0.5372938780216593,0.0,0
1766665297.43013,0.522126648783763,0.0,0
1766665297.5067804,0.5057449799487397,0.0,0
1766665297.5923357,0.4998845866386093,0.0,0
1766665297.6622918,0.4964266190807091,0.0,0
1766665297.726322,0.4947251685996191,0.0,0
1766665297.7893357,0.49511521140632736,0.0,1
1766665297.8526063,0.4961860756033115,0.0,1
1766665297.9317079,0.49945844729015354,0.0,0
1766665298.0058331,0.5009426708039431,0.0008431387005461699,0
1766665298.0708706,0.5042846574258015,0.008826323938546644,0
1766665298.1382825,0.5112033617782425,0.01598826148543317,0
1766665298.2136996,0.5198161128620826,0.01561723596005632,0
1766665298.274616,0.523381976226188,0.014778895414205632,0
1766665298.3410833,0.525144312070395,0.014182989070522338,0
1766665298.422207,0.525210603020364,0.01317009292559209,1
1766665299.1030462,0.5357248310394285,0.014391315346090006,1
1766665299.1812341,0.5318058097232943,0.01546579569161626,0
1766665299.263496,0.5269317043704942,0.018479980430433484,0
1766665299.3432314,0.5229617052196738,0.02230834023711992,0
1766665299.4131584,0.5218905821128554,0.021176508052824252,0
1766665299.4810972,0.520172024221216,0.020478999472227453,0
1766665299.556595,0.5178301974149975,0.02022556526769236,0
1766665299.6187985,0.5157339784439468,0.021574640599295473,0
1766665299.6841118,0.5149572656518906,0.021477854673074313,1
1766665299.7441127,0.5112637687820295,0.023046968585659855,0
1766665299.8083737,0.507758903286233,0.0261870967859994,0
1766665299.8705578,0.5048349423723506,0.03054093542252739,0
1766665299.9379911,0.4995462257144593,0.03276070579952212,0
1766665300.013965,0.4968665389898435,0.03664664340343666,0
1766665300.0768988,0.49537830533135574,0.04255572365303633,0
1766665300.1399648,0.4943815946521575,0.04899418792584162,0
1766665300.2032769,0.49421705692533524,0.05593628595314306,0
1766665300.268378,0.49475945974305235,0.06317746664927484,0
1766665300.3334117,0.4952868630877091,0.07081849167985295,0
1766665300.4125583,0.49513881677090943,0.07814183251491356,0
1766665300.4882796,0.4955010985811118,0.08531266926310942,0
1766665300.553913,0.4960083540320834,0.09284846535612408,0
1766665300.6285691,0.4964807488302082,0.10039151385008357,0
1766665300.6898677,0.49690531561547774,0.10802456776566098,0
1766665300.7537413,0.49726397999166455,0.11567806896817606,0
1766665300.8202188,0.4975245040988544,0.12342758113363944,0
1766665300.8796256,0.49769997398191407,0.1308533530723676,0
1766665300.9441,0.4978570321661072,0.13799964046140661,0
1766665301.0201304,0.49795256763906226,0.1451934449537685,0
1766665301.0801482,0.49811749098078106,0.15235897034577633,0
1766665301.1498811,0.4979493538092845,0.1591941562593345,0
1766665301.2246459,0.49816992534961013,0.16617953282817763,0
1766665301.303645,0.4981256398661118,0.17287620653596622,0
1766665301.3811896,0.4982537060474399,0.17976508514327205,0
1766665301.442949,0.4981975058667377,0.18627822780728195,0
1766665301.5080132,0.49844527539936584,0.1927172755873754,0
1766665301.5705829,0.4986310792556457,0.19907495410809722,0
1766665301.6315978,0.49860316293568074,0.20514189922320286,0
1766665301.6973994,0.4986247830987507,0.21285533107543386,0
1766665301.7625196,0.49823278275663063,0.2225331437635771,0
1766665301.824341,0.49776976563378733,0.23458646907567515,0
1766665301.9006898,0.49718423033539394,0.2484216806550827,0
1766665301.9765034,0.4960872722181644,0.26278134340273357,0
1766665302.0406716,0.4955372470805942,0.2770038076588965,0
1766665302.1033874,0.49512788965496185,0.29045002129159037,0
1766665302.1653893,0.49518997840326173,0.3030650581507168,0
1766665302.2298548,0.4949669887401518,0.3153102190781646,0
1766665302.2944384,0.4947122799320805,0.32727217880652726,0
1766665302.3671842,0.4948030546745592,0.33797393536757114,0
1766665302.4357839,0.49490325168745314,0.34802714932360634,0
1766665302.5118296,0.4949992135018705,0.3576829551566274,0
1766665302.5738354,0.4942553982075941,0.3673601627536617,0
1766665302.6368637,0.493608805561785,0.376491836754028,0
1766665302.6983552,0.49415683714057135,0.3833627706235285,0
1766665302.766416,0.493462218978931,0.3899163565507951,0
1766665302.8476927,0.4912475877643756,0.39648453213479434,0
1766665302.9221673,0.49247956999882103,0.4025780713330408,0
1766665303.35357,0.49047605270350436,0.40766911627224217,1
1766665304.144878,0.4922184615591656,0.41075834600953554,1
1766665304.230575,0.4920886782307064,0.4134498934311982,0
1766665304.299019,0.5023993896241798,0.4046797090693468,0
1766665304.3783247,0.5062235361148844,0.3996566651078305,0
1766665304.4515882,0.5069305816966893,0.39688004157085444,0
1766665304.5156305,0.5060355721798836,0.3952794657433197,0
1766665304.5791278,0.5032060251800141,0.3939749250592688,0
1766665304.676415,0.5011224451016183,0.3931812400137404,0
1766665307.9369168,0.4983377495588783,0.38704578697980674,1
1766665308.0154479,0.5053503887657118,0.37550289771160916,0
1766665308.074452,0.5114358174087651,0.3651029607625992,0
1766665308.1367128,0.516946717482791,0.35563037632313377,0
1766665308.2011278,0.521172284775841,0.3468577895656324,0
1766665308.2630227,0.5229241415627375,0.3383984084060954,0
1766665308.3293035,0.5218195670723436,0.33023759390422874,0
1766665308.4153974,0.5195916092258682,0.3248088480161594,0
1766665308.4852262,0.5170292340313223,0.32152513958944345,0
1766665315.3928251,0.4888243080497595,0.31762865311424926,1
1766665315.4631436,0.4695784582501304,0.3122665093706136,0
1766665315.883676,0.46744122527528853,0.3233928142000503,0
1766665315.9437113,0.4681338811261917,0.32920825798401293,0
1766665316.0056171,0.46909003845112274,0.33027154674395165,0
1766665316.0705142,0.47093649015862193,0.329743226573244,0
1766665316.1350172,0.4722812016590206,0.32698221058478183,0
1766665316.1949008,0.4782128495577978,0.32286293423912155,0
1766665316.2602797,0.48028929286149163,0.31799816334661224,0
1766665316.3212936,0.48467024380712675,0.31281385160756064,0
1766665316.3905718,0.48704489907838866,0.3072439789641967,0
1766665316.4696996,0.4889072576853697,0.30149769583728525,0
1766665316.54177,0.4883615009502684,0.2946709258020423,0
1766665316.6038148,0.48670803647698546,0.2870139020513687,0
1766665316.6692507,0.4838913234899561,0.27989242228865396,0
1766665316.7467406,0.48185916130315665,0.2734184574829812,0
1766665316.8095205,0.4798398139316119,0.2666687832508256,0
1766665316.8736799,0.4833216877317048,0.26031079269976887,0
1766665316.9339874,0.485772737750938,0.25393124122512245,0
1766665317.0074623,0.48860664490966454,0.25027193582183094,0
1766665317.0805264,0.49107553203873466,0.24839759130032862,0
1766665317.1580465,0.4935959222257406,0.24764126507582743,0
1766665317.2210727,0.49352340629503455,0.24845232563642672,1
1766665317.284118,0.4958493350827158,0.24824532465380553,0
1766665317.3461585,0.49315798032320923,0.24887275775478812,0
1766665317.4101589,0.49371272423118395,0.24982764526750648,1
1766665317.4728534,0.4960071929960179,0.25156519357423435,0
1766665317.5358853,0.496486762850849,0.25383021259832206,0
1766665317.6033638,0.4969016715528478,0.25501367866173397,1
1766665317.6773345,0.4951100151495882,0.2552079765526794,0
1766665317.7386875,0.4935585989044448,0.2567449472647638,0
1766665317.8059812,0.4941285503394388,0.2588375659027072,0
1766665317.9677143,0.4923758755802278,0.25932159965738166,1
1766665318.038957,0.49382965363826087,0.26185669576627046,0
1766665318.1042452,0.4949448148242304,0.26585037657349375,0
1766665318.164861,0.4959219075788284,0.2695917459640113,0
1766665318.2285986,0.4966016458136724,0.27345017002708083,0
1766665318.295923,0.4971334668588395,0.2779662109295826,0
1766665318.368142,0.49900492281304726,0.281905139634538,0
1766665318.4329703,0.4999244069919181,0.28708229062034657,0
1766665318.495026,0.5012485591664526,0.29311932998728624,0
1766665318.5599778,0.5028949859974474,0.2998778627560805,0
1766665318.6231818,0.5044256926138123,0.3074124857321434,0
1766665318.7001326,0.5056060616984006,0.317057743612805,0
1766665318.763148,0.5095346445227912,0.32901014341971074,0
1766665318.8248358,0.5069946776217457,0.34234281091005475,0
1766665318.8930585,0.4975769887261283,0.3584089781460454,0
1766665318.9672294,0.4886007223965553,0.3738851168167481,0
1766665319.0521164,0.4820099217704174,0.38366353095525707,0
1766665319.1276186,0.48015628565062085,0.3914673009576479,0
1766665319.2076356,0.4783722100005391,0.40154280563125205,0
1766665319.2823982,0.47457019781777243,0.4108634230798571,0
1766665319.3457716,0.4731548698447288,0.4213426126370525,0
1766665319.4081216,0.4701157259651782,0.4320464508715446,0
1766665319.4714577,0.4694985310874498,0.44318503485831195,0
1766665319.5421185,0.46754706461348394,0.4522036330095105,0
1766665319.6132853,0.4676485972600779,0.46238888829420344,0
1766665319.6756592,0.4686128430474251,0.4717192884646561,0
1766665319.7386918,0.46838105067090624,0.485160814030412,0
1766665319.801706,0.4691138617986324,0.49811759628299246,0
1766665319.868367,0.4694629618024991,0.5103139938214379,0
1766665319.9302852,0.4704294928092535,0.5221968774306696,0
1766665319.9953089,0.47496826007538173,0.5271937429697139,0
1766665320.0630236,0.47782436803362127,0.5250897570146468,0
1766665320.1555712,0.47513934077080433,0.5202022963496528,0
1766665320.2155788,0.4796675789403043,0.5173211140705801,0
1766665320.278624,0.47929018813513796,0.5160169351598927,0
1766665320.343678,0.4772168923289035,0.5170719570695157,0
1766665320.4237783,0.473769459477413,0.5251328633796348,0
1766665320.4966235,0.47354926866057667,0.5326026679797632,0
1766665320.561647,0.4759586689194603,0.5361939584578284,0
1766665320.6234777,0.47808809508074546,0.5384317664243484,0
1766665320.6865678,0.4805283988314085,0.5403207324618768,0
1766665320.7555609,0.4829488230290039,0.5428279581426849,0
1766665320.8273926,0.4836240051826078,0.547701347661478,0
1766665320.891412,0.48149249676908223,0.5554795344272859,0
1766665320.955713,0.47893906322754787,0.5651897027817891,0
1766665321.021791,0.47694687374379974,0.5749077398886742,0
1766665321.0962434,0.4755610440452459,0.5845317569217293,0
1766665321.1602917,0.4761969830799866,0.5948897096747697,0
1766665321.2253134,0.47607113464438,0.6047494249568209,0
1766665321.289287,0.4796095588679918,0.6155026053946593,0
1766665321.3543015,0.47890068081350273,0.6261338948620829,0
1766665321.429623,0.47787490719452225,0.6358282824891733,0
1766665321.494792,0.47321432713503436,0.6461879335028108,0
1766665321.5765736,0.47214984702002305,0.6553784860219753,0
1766665321.6565967,0.47211974192882417,0.6639656347896857,0
1766665321.732026,0.4727015293642275,0.6724092690332149,0
1766665321.809256,0.4730885526643438,0.6805571160912295,0
1766665321.886181,0.47336244413956224,0.6881915427226467,0
1766665321.9481497,0.47345089993365735,0.6957214946317426,0
1766665322.021732,0.45414847224161753,0.7167668455545912,0
1766665322.094748,0.43648909302867256,0.7344935720882875,0
1766665322.1703079,0.4158591478774283,0.7573354747859018,0
1766665322.237531,0.40713683426759395,0.764727946331634,0
1766665322.3109937,0.42256306201625976,0.7669397426162944,0
1766665322.3725572,0.44010339342835647,0.7708297761683615,0
1766665322.435818,0.4546083706887338,0.7703406733918934,0
1766665322.501029,0.4661079027143969,0.7670912097329778,0
1766665322.5617135,0.473615088302423,0.7615251713830068,0
1766665322.6435401,0.4786920702320957,0.7543657431594102,0
1766665322.704568,0.48222850245650045,0.7470222328183364,0
1766665322.7675636,0.4854616302381909,0.7397717351833226,0
1766665322.8335197,0.4866179085050236,0.7319859441463508,0
1766665322.8945274,0.4879567032838102,0.7256286775641867,0
1766665322.9588397,0.48945544974621913,0.7197365774149795,0
1766665323.0225728,0.4907803995545604,0.7151294762662864,0
1766665323.098012,0.4922707848580461,0.7105719368600808,0
1766665323.1589644,0.4936945542753549,0.705949771128608,0
1766665323.2282999,0.49486666341202346,0.7013160890678449,0
1766665323.305646,0.4958543666049501,0.6967696820111652,0
1766665323.3745563,0.49723340757438494,0.6918371812511064,0
1766665323.4400218,0.499040958494325,0.686862721279887,0
1766665323.5034342,0.4999486510666236,0.6815305729567043,0
1766665323.5694551,0.5005859415731322,0.6762939438386573,0
1766665323.6314595,0.5009399573207449,0.6711458391896488,0
1766665323.6926527,0.5012740285211872,0.6664259371949022,0
1766665323.7592278,0.5011022467603703,0.6618070608773471,0
1766665323.8382657,0.5008976100831418,0.6571927749306166,0
1766665323.9090633,0.5038586088205586,0.6490355145112188,0
1766665323.9741504,0.5086336748853193,0.6372185956475283,0
1766665324.036431,0.515289820131453,0.6310294676929875,0
1766665324.0965538,0.5191329623024582,0.6264350642695673,0
1766665324.159863,0.5226699101557328,0.6246972324905449,0
1766665324.2233686,0.5246256590914004,0.6252500916452357,0
1766665324.2867668,0.5255888618269137,0.6268134091857105,0
1766665324.350473,0.5260242312681956,0.6283834267084406,0
1766665324.4171138,0.5262120585593035,0.6286381840494044,1
1766665324.4921396,0.5264054802249196,0.6287305598835502,1
1766665324.5594516,0.5264321812460495,0.6287763339447014,1
1766665324.638944,0.5268597099282005,0.629100031770506,1
1766665324.7117586,0.5281137322353642,0.629663121958597,1
1766665324.7775805,0.5289720435876568,0.631534944186679,0
1766665324.8376107,0.5290637666341466,0.6339468683340329,0
1766665324.8996582,0.5287334486721825,0.6368411411854713,0
1766665324.9683626,0.5280123250565136,0.6392083240749299,0
1766665325.0556612,0.526554180540093,0.6435643768634866,0
1766665325.122122,0.5261232457675036,0.6503672030528533,0
1766665325.186745,0.5259083728719319,0.6583601091972858,0
1766665325.2497654,0.5257379625791812,0.6660515600517367,0
1766665325.324877,0.5256054984202526,0.673271017921671,0
1766665325.3889434,0.525543090673512,0.68018265302317,0
1766665325.4509573,0.525612085952132,0.6870170843185333,0
1766665325.5137894,0.5257574992373845,0.6937962106463185,0
1766665325.5952775,0.5259633382607616,0.7004562178595461,0
1766665325.8923645,0.5264520056385269,0.7068343093002092,0
1766665325.9725654,0.5277713722611225,0.7131268405611368,0
1766665326.0474088,0.5509986966525903,0.7312026799741134,0
1766665326.1126912,0.5779699035241869,0.7560840861970296,0
1766665326.176706,0.6014410323175878,0.7826465956641379,0
1766665326.2506995,0.6197113705717492,0.8081079760002898,0
1766665326.3155587,0.6320558632415103,0.8304989099274958,0
1766665326.3920083,0.6414596639514962,0.8511391941431484,0
1766665326.4543073,0.6484388193056116,0.8688549484048428,0
1766665326.5216196,0.653605395512393,0.8847712896558843,0
1766665326.5980642,0.6584213034848978,0.8990677341786928,0
1766665326.6712537,0.661313692434307,0.9115119995211698,0
1766665326.7340598,0.6627745402604289,0.9219614680481224,0
1766665326.7978842,0.6636190046293488,0.9305330715033584,0
1766665326.8585758,0.6648734422419601,0.9381631640991777,0
1766665326.9243946,0.6646870797829383,0.945025466774071,0
1766665326.9869564,0.6646546979783757,0.9507337811526029,0
1766665327.0469668,0.6641981722397392,0.9560149711784253,0
1766665327.1164749,0.664361699731773,0.9606593432371949,0
1766665327.1891832,0.6647466084100686,0.964893832922412,0
1766665327.2522259,0.6651747944138372,0.9682822326229968,0
1766665327.3185546,0.6647832934744178,0.9713557826819347,0
1766665327.3765843,0.6646242407416268,0.9743099684756747,0
1766665327.4434893,0.6642711545070046,0.976732675407988,0
1766665327.5055087,0.664126308708658,0.9793489046200781,0
1766665327.5715182,0.6642324324862103,0.9819218853293036,0
1766665327.6395273,0.6640870174120513,0.9841424685556962,0
1766665327.7163916,0.6642920153864544,0.9859637210587674,0
1766665327.7900448,0.6642378628304738,0.9879154040865878,0
1766665327.855947,0.6603748223048925,0.9883005851728478,0
1766665327.915696,0.6547954721826208,0.9895615584336392,0
1766665327.9799287,0.6533421022913699,0.9904099328836818,0
1766665328.0457215,0.6536067391816731,0.9913686111079831,1
1766665328.1077483,0.6481029070238731,0.9918531760283309,0
1766665328.1736555,0.6257345049917966,0.890913760032705,0
1766665328.2595606,0.6015224032019726,0.7909985380452603,0
1766665328.3272524,0.5827127006391333,0.7170994211562093,0
1766665328.3905637,0.5695286068660953,0.6660500679857713,0
1766665328.454901,0.5596686215828128,0.6282191754423903,0
1766665328.5292802,0.5523985306592744,0.5987235517218321,0
1766665328.5940113,0.5466548252112093,0.5745162131559756,0
1766665328.6590803,0.5420725288524717,0.5539053145041846,0
1766665328.735672,0.538520538084841,0.5358839157572222,0
1766665328.7997186,0.535663721628313,0.5197705267082202,0
1766665328.8666382,0.5546115997782429,0.48079734718617495,0
1766665328.937972,0.5793815625680354,0.42888098257650054,0
1766665329.0013323,0.6010982629314237,0.3748792919560866,0
1766665329.0623527,0.6179045991039704,0.3243537817567191,0
1766665329.1274157,0.6292038639641118,0.2805183139586124,0
1766665329.2031472,0.6378387022259975,0.2430247366957615,0
1766665329.2655718,0.6446228318403244,0.21088928954298028,0
1766665329.3285792,0.6494433269780082,0.18326943472933951,0
1766665329.3965979,0.6528336987311644,0.16004828411084654,0
1766665329.4567645,0.6555258716934826,0.14021137104708095,0
1766665329.5188124,0.6573280532177052,0.12327155973336092,0
1766665329.583267,0.6587630266155882,0.10869897202424922,0
1766665329.6625934,0.6600588657908596,0.09609506555522114,0
1766665329.736033,0.660765704998593,0.08512187433765774,0
1766665329.8042686,0.6609996540946508,0.07551269620798519,0
1766665329.8794472,0.6612442048633717,0.06707521631079531,0
1766665329.9437625,0.661555050580478,0.05981869335572378,0
1766665330.011789,0.6634238069768972,0.05396781017005929,0
1766665330.0868654,0.6675870730800058,0.04909775948488186,0
1766665330.1504004,0.6757401219833818,0.046860450467195496,0
1766665330.2124228,0.678411553954351,0.04428270225723771,0
1766665330.274474,0.6541544118513206,0.15853811847113067,0
1766665330.3394017,0.6237543028884185,0.25394656076793887,0
1766665330.4026186,0.5972638336567093,0.32355766497621896,0
1766665330.4652212,0.5796448650117803,0.371341300654286,0
1766665330.5292847,0.5670053522426928,0.40671358997993445,0
1766665330.6206684,0.5573314984905985,0.43454630950997286,0
1766665330.6869621,0.5500486904290653,0.45735758113210867,0
1766665330.7673523,0.5444184977445429,0.47668316895881013,0
1766665330.8429158,0.5403190141659406,0.49351881913544915,0
1766665330.9197798,0.5370983902522957,0.5085716024297734,0
1766665331.0003827,0.5555599765930416,0.5450665086403421,0
1766665331.0706215,0.5819477092514782,0.5941227787114923,0
1766665331.1382477,0.6038669171806066,0.6452347757209356,0
1766665331.2012677,0.6207714061601458,0.6930648550253047,0
1766665331.2702944,0.6330770074580443,0.7348100401108031,0
1766665331.3428595,0.6415448877696196,0.7699883938503769,0
1766665331.4068952,0.6480123915136833,0.801532030771041,0
1766665331.470941,0.6526185964330977,0.8270918533329582,0
1766665331.5340374,0.6555901984175981,0.8493022726950517,0
1766665331.5975835,0.6579740475195878,0.8680566846893256,0
1766665331.662084,0.6592947942623725,0.8839089375693763,0
1766665331.7240863,0.6603148791003843,0.8977218744536156,0
1766665331.7842815,0.6615563438592784,0.9100076220712939,0
1766665331.8540418,0.6621376219732531,0.9200560610177055,0
1766665331.934964,0.6625237523718353,0.9287269555907646,0
1766665332.0092564,0.6624897221635643,0.9368695924199648,0
1766665332.0728674,0.6626111647022856,0.9436756822292078,0
1766665332.137848,0.662540882757457,0.9498977900274371,0
1766665332.213117,0.6610747555352738,0.9552651174008915,0
1766665332.275139,0.6571693307382267,0.9600308745874978,0
1766665332.3420982,0.6542847531847004,0.9641763508690733,0
1766665332.4227114,0.6474723744162346,0.9682498835911453,0
1766665332.5056098,0.6275738644453113,0.9220679958484184,0
1766665332.576167,0.6041369337564987,0.8190118708452794,0
1766665332.643224,0.584693243174764,0.7432469881018409,0
1766665332.7233899,0.570115155867039,0.6897199240854003,0
1766665332.78341,0.5599083808435596,0.6501983745948392,0
1766665332.8465943,0.5523020860027856,0.6194230142695262,0
1766665332.908412,0.5464070083933399,0.5941509968894678,0
1766665332.9743593,0.541805491743754,0.572673483447208,0
1766665333.0567114,0.5381537592623087,0.5538863055978528,0
1766665333.133842,0.5353804237386135,0.5371006266844606,0
1766665333.2079797,0.5545091097584081,0.49610592859969505,0
1766665333.2689939,0.57902815727025,0.4416519214423601,0
1766665333.333209,0.6007058205290692,0.3850319689683359,0
1766665333.396276,0.6177708202511313,0.33230356338913714,0
1766665333.461305,0.6304185661354473,0.28650576321296195,0
1766665333.5223556,0.641290795284083,0.24680651709542115,0
1766665333.587817,0.6521301596539859,0.2122269635888099,0
1766665333.6508124,0.6610501939259206,0.18213368219638248,0
1766665333.719134,0.6644447561020895,0.1575980787916136,0
1766665333.7926252,0.6667986524316901,0.13745569509096858,0
1766665333.8554163,0.6500884004582848,0.14804092893415746,0
1766665333.9174445,0.6213563718179649,0.19594124752653924,0
1766665333.9825332,0.5949287222771518,0.2645671824221173,0
1766665334.0617526,0.5774812717984278,0.31671233797960563,0
1766665334.1369905,0.5658386873946863,0.35523559388712245,0
1766665334.2040818,0.5565132074648085,0.38545368137866876,0
1766665334.2820106,0.5502994769813293,0.4105478366568385,0
1766665334.360298,0.5446863903428323,0.43192508190964685,0
1766665334.4213197,0.5406556228526147,0.45054884177505344,0
1766665334.4827042,0.5371078369682243,0.46715303334978153,0
1766665334.5427177,0.5346906242546116,0.482346971137119,0
1766665334.608692,0.5327841828241355,0.49647708303977156,0
1766665334.672685,0.5526967490921852,0.5335468556227558,0
1766665334.748458,0.5782295544562686,0.5834896126499087,0
1766665334.8143806,0.6007673061932929,0.6358023822146525,0
1766665334.8754468,0.6176386617288266,0.6844261896670382,0
1766665334.9445739,0.6259908264744847,0.7239023112464851,0
1766665335.0198421,0.6333852662433811,0.7590711278673776,0
1766665335.0849712,0.6401315276589584,0.7898457770260718,0
1766665335.1602802,0.6426387058191851,0.8161186452807271,0
1766665335.2275724,0.6291615524811035,0.8315980960927052,0
1766665335.3031807,0.6108441015195849,0.821509815348926,0
1766665335.3635347,0.5919024716212085,0.7980431386045076,0
1766665335.4300523,0.5755654687987966,0.7669191331846359,0
1766665335.4913917,0.5626721512386389,0.732217696250566,0
1766665335.5572312,0.5532266599230391,0.6972538619946338,0
1766665335.6357493,0.5447455310843107,0.6682811265986149,0
1766665335.71234,0.5397073570204447,0.6437832852668364,0
1766665335.788271,0.5363040298704327,0.6223337744598536,0
1766665335.8521953,0.5338859116611465,0.6031612253115669,0
1766665335.9148343,0.532231261769045,0.5857449963688142,0
1766665335.9781306,0.5309104722922674,0.569579829295506,0
1766665336.0397809,0.530006532139738,0.5544982565111511,0
1766665336.1013694,0.5300307302113021,0.5401542381598782,0
1766665336.1723468,0.5444405846830567,0.5105793727801892,0
1766665336.2482524,0.5728638631814182,0.4620239659690497,0
1766665336.3263035,0.5980118038463177,0.40722346312149077,0
1766665336.401817,0.5961728684732857,0.3800891988493404,0
1766665336.4650035,0.5872573411874544,0.37297421497873623,0
1766665336.5305197,0.5773176111046057,0.39473146216057886,0
1766665336.6077197,0.5655189115028729,0.4264778507200494,0
1766665336.6701486,0.5564282747160201,0.4520524823856427,0
1766665336.7328753,0.5492804093840176,0.4732364536990525,0
1766665336.8008192,0.543822008788511,0.49137439238688974,0
1766665336.86097,0.5395442607380131,0.5073683692978856,0
1766665336.9229987,0.5363465673556482,0.5217627891489073,0
1766665336.9872363,0.53390843907978,0.5349730933263959,0
1766665337.0638201,0.5320331473741138,0.5472736819926842,0
1766665337.1409254,0.5306663577464313,0.5589051715176682,0
1766665337.2026381,0.5504818227265262,0.5897803629373515,0
1766665337.2736905,0.5760487164539103,0.6316984315392586,0
1766665337.349024,0.5994233881269411,0.6760853444517715,0
1766665337.4151402,0.6164574904027381,0.7177771277337234,0
1766665337.4890873,0.6283973171602304,0.7538713735586638,0
1766665337.5521252,0.6378171208155222,0.7861052235923912,0
1766665337.6139393,0.6446135393114236,0.8137609987092147,0
1766665337.6784356,0.6494517246890328,0.8369997447921276,0
1766665337.7424777,0.6535376899634834,0.8572960728087093,0
1766665337.8049786,0.6562879422598504,0.8747686639291115,0
1766665337.867642,0.6586236633149756,0.8897518948498205,0
1766665337.9308465,0.660213815071822,0.9026238315067522,0
1766665337.9994678,0.6609565654537498,0.9139779443376856,0
1766665338.0771637,0.6615117681864764,0.923897055135128,0
1766665338.1358676,0.6620117873913441,0.9323292896631897,0
1766665338.2004464,0.6624802100791167,0.939795682646537,0
1766665338.2674148,0.6629070541817249,0.946117065796799,0
1766665338.343923,0.6631848818780081,0.9519304927435404,0
1766665338.4050295,0.6631145152487448,0.9570243461420751,0
1766665338.4689617,0.6624998290907126,0.9615847418816565,0
1766665338.5322316,0.6623305964476237,0.9657628676344479,0
1766665338.6002774,0.6621571461264635,0.9694621163121685,0
1766665338.6760044,0.6622596493807176,0.9726156486205182,0
1766665338.7380764,0.6625296842159349,0.9755470856894558,0
1766665338.8135624,0.6624892575964336,0.9782637510815546,0
1766665338.8776283,0.6624810325043011,0.9805910569058489,0
1766665338.9362943,0.6628787858654502,0.9826394929178672,0
1766665339.008552,0.6629629729489,0.984336627212018,0
1766665339.0886476,0.6625811234601233,0.9859996061731888,0
1766665339.1626236,0.654139619486768,0.9860733837906285,0
1766665339.2316468,0.6499539730532667,0.9863723881466643,0
1766665339.3106701,0.6494620800145681,0.9868392458391066,1
1766665339.3862708,0.6503077321971446,0.9878477667268843,1
1766665339.4490602,0.6361828127345999,0.9674399816312425,0
1766665339.5112178,0.6137358354684992,0.9283487926591055,0
1766665339.574067,0.5929313454429137,0.883862050713801,0
1766665339.6399212,0.575953659418184,0.8388341203526052,0
1766665339.717275,0.5631701451911211,0.7970251704605908,0
1766665339.7815347,0.5529319377202644,0.756589029488114,0
1766665339.8615744,0.5461021186912048,0.724014252732311,0
1766665339.9353874,0.5413569941227899,0.6965341327979526,0
1766665339.9989989,0.5377588821400687,0.6726506843395258,0
1766665340.0653849,0.5350918314858055,0.6513911239847104,0
1766665340.1281888,0.5330310653678173,0.6321060193619746,0
1766665340.189581,0.5314271407363067,0.6143138627293242,0
1766665340.2560942,0.5301863248225256,0.597738314040726,0
1766665340.3188457,0.5292293887511355,0.5820900283513033,0
1766665340.3821788,0.5506308379116855,0.5387774715683755,0
1766665340.465506,0.5770832263977737,0.47954009150605925,0
1766665340.5365162,0.5998768068335731,0.41739161728309276,0
1766665340.6106284,0.6173362743251811,0.3596823523702996,0
1766665340.6746962,0.6302248778320407,0.3090988318997451,0
1766665340.7381713,0.6392678880103669,0.2662177325415077,0
1766665340.8068383,0.6459856219150182,0.22974727185416882,0
1766665340.8798678,0.6479661248798902,0.19894636913479002,0
1766665340.942636,0.650590951878192,0.17292353577804934,0
1766665341.0031815,0.6529247873388635,0.15085606074441488,0
1766665341.074236,0.6545653634980486,0.13235943420263038,0
1766665341.1482735,0.6560124771539595,0.11629604230729411,0
1766665341.2128778,0.6572479055194876,0.10266735981413061,0
1766665341.2924497,0.6585015041615072,0.09085719165441877,0
1766665341.3695245,0.6657900662948528,0.08087822540835474,0
1766665341.4320138,0.6683574092945018,0.0722540837701232,0
1766665341.4949245,0.6688653614064727,0.06455407908826469,0
1766665341.5579674,0.6682019522862214,0.05770620453818505,0
1766665341.6202443,0.650842006867151,0.05730667288278912,0
1766665341.6878366,0.6263104884861533,0.06809993550070864,0
1766665341.7628717,0.6031489437988303,0.086687952834098,0
1766665341.8450627,0.5844661146934171,0.10556423433097284,0
1766665341.9188685,0.5700685725687711,0.12520795718619848,0
1766665341.980805,0.5597410640242116,0.15344925042533827,0
1766665342.0434487,0.5511731044158508,0.18586248343072054,0
1766665342.105951,0.5446639526298827,0.21768816665335738,0
1766665342.1744246,0.5399306398278375,0.24517702989050777,0
1766665342.2536335,0.5364732683677057,0.26965758367613357,0
1766665342.3216548,0.5346328568594554,0.2918693941903183,0
1766665342.3930604,0.5327918798232146,0.3122782706071501,0
1766665342.4685445,0.5312399812162519,0.3313926750753221,0
1766665342.530933,0.5301499950470077,0.3493694246862113,0
1766665342.593359,0.5292486458495168,0.3663813714600628,0
1766665342.6577547,0.5285994751018913,0.38270245972569555,0
1766665342.73221,0.5506668029228267,0.4291589984729354,0
1766665342.8012168,0.5780463535285854,0.4929914872036378,0
1766665342.860238,0.601375400034152,0.5601534979798529,0
1766665342.9280784,0.6182952700195583,0.6225304952926449,0
1766665343.0029125,0.6269969659847094,0.6766422207423497,0
1766665343.079366,0.6356712947340877,0.7223376748769982,0
1766665343.14138,0.642527685321334,0.7605054616974085,0
1766665343.2023983,0.647658822891169,0.7924076225345154,0
1766665343.2704437,0.6516775123847818,0.8190433654565301,0
1766665343.3443415,0.6298796390460865,0.8350219398052482,0
1766665343.4067442,0.5987574429636842,0.8385941087429714,0
1766665343.4706156,0.5716935844386652,0.8358780838438161,0
1766665343.538777,0.5514430541238846,0.830759896633916,0
1766665343.612754,0.5388287530244752,0.8260988367705722,0
1766665343.692037,0.5319732374280411,0.8218815891186992,0
1766665343.7662568,0.5272764783966708,0.8177277683531561,0
1766665343.8313768,0.5239011350970313,0.8136458456487076,0
1766665343.891709,0.5239049340845721,0.810853997158779,0
1766665343.9550192,0.5222172348178585,0.8078451669739639,0
1766665344.0189142,0.5214991450529685,0.8060659275289466,0
1766665344.0832462,0.520347038142061,0.8044856482289058,0
1766665344.1641047,0.5227907847521853,0.8057775709167962,0
1766665344.2365985,0.5252340100687198,0.8104380411810208,0
1766665344.3026385,0.526395630369209,0.8148314889032523,0
1766665344.3775303,0.5269998671499458,0.8190814352674259,0
1766665344.4415908,0.5271833903123793,0.8231193838182073,0
1766665344.5046508,0.5272172130650887,0.827035384761072,0
1766665344.5676858,0.5271093034008338,0.8308563054633328,0
1766665344.6350727,0.5270007667112351,0.8345225115838308,0
1766665344.7149587,0.5268749638020412,0.8381038536556,0
1766665344.7922707,0.5267300250634303,0.8415624184678163,0
1766665344.865884,0.5452217749813062,0.8512366134426665,0
1766665344.931206,0.569289681040333,0.8643757989813495,0
1766665345.0069041,0.5906899499664835,0.8783578208349418,0
1766665345.0690613,0.6083716733769838,0.8918356905737614,0
1766665345.145494,0.6221041364739901,0.9040628842424475,0
1766665345.2086291,0.632510118748685,0.914890548616436,0
1766665345.2712882,0.6403422302799466,0.9245524055528909,0
1766665345.3379126,0.6461203482322403,0.9330712987664858,0
1766665345.4181695,0.6499963690047033,0.9404146795621128,0
1766665345.4916067,0.652743575339055,0.9466030034643282,0
1766665345.5597885,0.6548923363721253,0.9520894430937992,0
1766665345.6374958,0.65667352413281,0.957126123561119,0
1766665345.7083259,0.6581872277734397,0.961624203290786,0
1766665345.7745633,0.6593653038161089,0.9653938856342831,0
1766665345.837511,0.6604174146870717,0.9691762646103254,0
1766665345.9121332,0.6607614449346481,0.9723239825846279,0
1766665345.976923,0.661105091132322,0.9753033768850915,0
1766665346.0435195,0.6622320756194684,0.9778491647792183,0
1766665346.1156216,0.6637910327905695,0.9804366537608687,0
1766665346.182983,0.6649814581284218,0.9821863205494448,0
1766665346.2612832,0.665219956495224,0.9838668972514898,0
1766665346.342874,0.664722839190274,0.9853994546002819,1
1766665346.4149923,0.6643716783507778,0.9869871478695456,0
1766665346.4902823,0.6637610536836971,0.988302840731427,1
1766665346.5562844,0.6635751975046957,0.989784349141474,0
1766665346.629969,0.6631725009919103,0.9907552311228189,1
1766665346.6979377,0.6630126245999146,0.9913771110324551,1
1766665346.776831,0.6628535653002131,0.9923537956992106,1
1766665346.8515663,0.6628107329081427,0.9931778131392728,1
1766665346.914096,0.6628261758092394,0.9936382305681687,1
1766665346.9759068,0.6629906747612209,0.9939106368682521,1
1766665347.042855,0.6635153553558545,0.9944608884267596,1
1766665347.103867,0.6639266918706199,0.9950986246094933,1
1766665347.166523,0.6639907461768564,0.995689762210007,1
1766665347.2338352,0.6640931180168914,0.9962730333500756,1
1766665347.3020792,0.6639113017362201,0.9964519387844993,1
1766665347.3759532,0.6644730428846565,0.9971289111127639,1
1766665347.4339716,0.6644138072318558,0.9975644395272676,1
1766665347.506229,0.6645459129502074,0.9978342985519462,1
1766665347.579433,0.6642511509508577,0.9981615665931411,1
1766665347.6430037,0.6640563797849038,0.9981486955220766,1
1766665347.708393,0.6645082807279774,0.9975614608143453,1
1766665347.792229,0.6647813474467453,0.9970488357056793,1
1766665347.862043,0.6650624695633591,0.9969143509575835,1
1766665347.9295208,0.6644650736265323,0.9965490705560088,1
1766665348.0067647,0.6642311691197517,0.9962112264439218,1
1766665348.0817425,0.6645070537826561,0.9963801458342505,1
1766665348.1583076,0.6646723412591904,0.9968250314356989,1
1766665348.2353818,0.6644585121873952,0.9968071004789982,1
1766665348.301194,0.6639535264405827,0.996026930623653,1
1766665348.3622057,0.6637835308659235,0.9962886962141441,1
1766665348.4276075,0.6632269007591223,0.9963909230739134,1
1766665348.505739,0.6630438271029373,0.9966101974369707,1
1766665348.570231,0.6633350020435811,0.9966622432439041,1
1766665348.6467228,0.6634632490411327,0.9969957917845038,1
1766665348.709623,0.6634672766869966,0.9969980714630979,1
1766665348.770703,0.6632308759466112,0.9975963837663514,1
1766665348.8392372,0.6633186240449593,0.997963772132496,1
1766665348.9145658,0.6634035314983656,0.9982039724670803,1
1766665348.9754899,0.6637535213979326,0.9985943451891696,1
1766665349.0401442,0.6639791303394812,0.9987383840125803,1
1766665349.103521,0.6637384013967994,0.9987734916015223,1
1766665349.170091,0.6635314917499711,0.9987560413485609,1
1766665349.231456,0.656205467711965,0.9983880955751574,0
1766665349.30844,0.6526537897468757,0.9984876904196677,0
1766665349.3714619,0.6524615690368728,0.9985523820975006,1
1766665349.4347627,0.6528614030394719,0.99881581692808,1
1766665349.4989576,0.6388108579971709,0.9950020523070523,0
1766665349.561,0.6068288134789094,0.9284577751988254,0
1766665349.623014,0.5843711187478602,0.8418526330101677,0
1766665349.6830413,0.5694503528130199,0.7783210176050337,0
1766665349.755597,0.5593954899341371,0.732241167213314,0
1766665349.8276608,0.5518274516652785,0.6962937294748839,0
1766665349.8919935,0.5459141432610719,0.6670446683579321,0
1766665349.9549043,0.5413846684413149,0.6422281265557703,0
1766665350.0159054,0.5378619007171592,0.62073602370824,0
1766665350.0820298,0.5352922833108825,0.6015320862030418,0
1766665350.143912,0.5331762507683935,0.5840524100740608,0
1766665350.2091224,0.5536185091891699,0.5390861875018261,0
1766665350.2876053,0.5792122526338425,0.47860521032890485,0
1766665350.3710968,0.6005393492996495,0.4155539109276021,0
1766665350.440535,0.6166080840806643,0.3576956674183669,0
1766665350.5058584,0.6290813976067927,0.3069562809462219,0
1766665350.568693,0.6384931210603626,0.2640972150183089,0
1766665350.6303372,0.6455665963053691,0.22799531160495062,0
1766665350.6923635,0.650421222303367,0.19750555134735712,0
1766665350.756407,0.6539037349211065,0.17201038792230025,0
1766665350.8216138,0.6563328939557597,0.15055386784567312,0
1766665350.8859375,0.6580520776511065,0.13222675780292362,0
1766665350.9499502,0.6590739154052476,0.11646142244654178,0
1766665351.0242846,0.6594444809536252,0.10292481529427959,0
1766665351.0916176,0.6598369078547257,0.09110008389601157,0
1766665351.1516454,0.660184681551024,0.08079817777478476,0
1766665351.219702,0.6605503572170671,0.07180030236760229,0
1766665351.2980773,0.6600510792140558,0.0640233488933076,0
1766665351.3580844,0.6602597932498424,0.057077942614303934,0
1766665351.419574,0.6605294035928122,0.050718615343994904,0
1766665351.485984,0.6610233913443279,0.045115132654306014,0
1766665351.5580063,0.6614680380423051,0.040363107962450316,0
1766665351.629057,0.6617791377198416,0.03621816166909609,0
1766665351.7043185,0.6618695691163712,0.032502849753724264,0
1766665351.767107,0.6619760615044503,0.029217675208074705,0
1766665351.8326657,0.6620144983980722,0.026215311995187937,0
1766665351.9124463,0.6621172371438693,0.02358103892420237,0
1766665351.97408,0.6622599438518129,0.02137209688850144,0
1766665352.0352542,0.6622446702976449,0.019348286824095163,0
1766665352.0979528,0.6623825183168347,0.017461974048027934,0
1766665352.1628342,0.6622399633925031,0.015727988651458368,0
1766665352.2382996,0.6624103994318125,0.014103324142942615,0
1766665352.3093204,0.6628844228816523,0.013477104236737368,1
1766665352.3823435,0.6631828703899113,0.01254628573706295,1
1766665352.4432607,0.6637999220808766,0.011963269915258474,1
1766665352.5086298,0.6640191412019542,0.011305631694567764,1
1766665352.5681546,0.6639448015284984,0.01027817183123132,1
1766665352.6354246,0.6639458390886235,0.009493177232521237,1
1766665352.6963222,0.6636413176096246,0.008657031684729177,1
1766665352.763439,0.6635036084138275,0.007834473484535257,1
1766665352.8446748,0.6633159426938998,0.007057080398570228,1
1766665352.9206262,0.6631717822475807,0.0064658597938026625,1
1766665352.9931812,0.6630259699382557,0.005745597359241178,1
1766665353.0572302,0.6628785794247746,0.005237304403267236,1
1766665353.1201916,0.662671460440468,0.0047894741859630515,1
1766665353.1838334,0.662350859828188,0.004323872200912709,1
1766665353.2483063,0.6623135465805776,0.003956303802188374,1
1766665353.3254187,0.66353001229513,0.0036699328565403793,1
1766665353.3958259,0.6653247972770042,0.0035313803424708175,0
1766665353.4633448,0.6657991621745146,0.003423203134954496,1
1766665353.5298913,0.6662619662395122,0.003170034418543029,1
1766665353.590205,0.6661952910749278,0.0028589065251295944,1
1766665353.6560016,0.6487081737585434,0.008942923097259196,0
1766665353.7186084,0.6242316892219216,0.021308950703792785,0
1766665353.7795339,0.6015753390187917,0.03530748893854736,0
1766665353.8455768,0.5832238909098073,0.0519770969249575,0
1766665353.9080718,0.5692195030274556,0.06924637631991351,0
1766665353.9776044,0.558687443020886,0.08598732927749689,0
1766665354.050785,0.5505911208554186,0.10192654355152013,0
1766665354.1120749,0.544519252644114,0.11751183822482102,0
1766665354.1766133,0.5398956961764056,0.132156481578731,0
1766665354.2386596,0.5368821354545991,0.14504207671135957,0
1766665354.3031306,0.5344266829318618,0.1569107871439291,0
1766665354.3682616,0.5324624138855786,0.167661047527691,0
1766665354.4455113,0.5310325224646248,0.17892330492319036,0
1766665354.519354,0.5301115279645754,0.19094172888458882,0
1766665354.5901756,0.529475827472886,0.20313351315879774,0
1766665354.669868,0.5290107724016184,0.21615088964229087,0
1766665354.7299144,0.5285938461041064,0.2317540013509073,0
1766665354.8056443,0.5281557701395325,0.2501247431971462,0
1766665354.8699353,0.5283809166368756,0.26948772296984214,0
1766665354.9333618,0.528153526403021,0.28817947755888157,0
1766665355.0207162,0.5279556601699623,0.3062315601942307,0
1766665355.090645,0.5277597450030014,0.32371732935968056,0
1766665355.152861,0.5275290744816685,0.3406411796666091,0
1766665355.2215812,0.5272639042066058,0.35697538879517743,0
1766665355.2986178,0.5270644466163855,0.3728377473832211,0
1766665355.3696742,0.5268728274862255,0.38826012553220335,0
1766665355.4360087,0.5267353543200517,0.4031755219776613,0
1766665355.5124588,0.5492091962242537,0.4472439741137479,0
1766665355.590926,0.5513656988720887,0.4777327462960135,0
1766665355.6502542,0.5498975608727342,0.5023041872901042,0
1766665355.7133918,0.5466773459802696,0.5224108288322659,0
1766665355.777935,0.5428517930815573,0.5393901692647602,0
1766665355.8439898,0.5395244207798994,0.5542814185439099,0
1766665355.9203558,0.5363612476357809,0.567611874013745,0
1766665355.983423,0.5336279577795108,0.579740419418329,0
1766665356.0434425,0.5303967064342113,0.5908537455409236,0
1766665356.1083705,0.5278008026579724,0.601088060261849,0
1766665356.1721606,0.5253442019352019,0.6095158093791493,0
1766665356.248164,0.5248424854505516,0.6184924115207058,0
1766665356.3112822,0.5237454433128638,0.6266729098162891,0
1766665356.3763404,0.5239398149447649,0.6354145671950524,0
1766665356.460129,0.5240338457651581,0.6438460894194659,0
1766665356.532096,0.5251106929940461,0.6519519777723892,0
1766665356.5958314,0.5259395571524743,0.6598214569818976,0
1766665356.6578758,0.5263802005785503,0.667491136942929,0
1766665356.7235713,0.526564431115769,0.6749228227315818,0
1766665356.7836545,0.5266073493880727,0.6821744073007467,0
1766665356.8477914,0.5265868763958785,0.6892092677909474,0
1766665356.9139109,0.5264667831983574,0.6961439343723794,0
1766665356.9892292,0.5263918667038835,0.7028989930159524,0
1766665357.0562625,0.5263120728671266,0.7093984539755723,0
1766665357.1321118,0.5370884758062155,0.7225776567258433,0
1766665357.2131724,0.5601811874976752,0.7452614781341615,0
1766665357.2875428,0.5832565605687854,0.771146741189863,0
1766665357.3512568,0.6027140773853021,0.7973642572242379,0
1766665357.4175608,0.6182406019807717,0.8212538942567018,0
1766665357.493456,0.630151931641578,0.8428124562209652,0
1766665357.5587466,0.6223097935459837,0.8567278953142643,0
1766665357.6412547,0.6031321496904778,0.8678874049775971,0
1766665357.7167518,0.5799725893712644,0.8767081625044513,0
1766665357.7951145,0.5630384012228882,0.8832187345577648,0
1766665357.87027,0.5498973995248533,0.8884579983576192,0
1766665357.9370925,0.5435418898916239,0.892487109070312,0
1766665358.0147395,0.5384968921079374,0.8959999858167926,0
1766665358.0910673,0.5368449435264505,0.8989320709189685,0
1766665358.1538181,0.5344799848461325,0.9016310736871499,0
1766665358.2168322,0.5318446223611756,0.9041609811889473,0
1766665358.2774458,0.5303898147337515,0.9064855690782273,0
1766665358.34724,0.529458039096276,0.9086458396289137,0
1766665358.4221263,0.5291322397591653,0.9106672621519593,0
1766665358.485235,0.5287425056010716,0.9126504570071011,0
1766665358.547254,0.5283406122243308,0.9145423688177172,0
1766665358.6076612,0.5280074137842082,0.9163843650630902,0
1766665358.6746933,0.5274971260621967,0.9181768153611714,0
1766665358.7367358,0.5265531797707351,0.9198941870927102,0
1766665358.7994323,0.5249832600290112,0.9216189648668431,0
1766665358.8614872,0.5232832655896336,0.923305086749476,0
1766665358.9310267,0.5218688369010488,0.9249272081108173,0
1766665359.0066328,0.5186688296681085,0.9263904447735094,0
1766665359.0813885,0.5154617988708574,0.9257772836667282,0
1766665359.1455395,0.5133754623343637,0.9237582977173985,0
1766665359.2075539,0.5116713962102072,0.9204653331783074,0
1766665359.2713828,0.509956287413462,0.9161837912017453,0
1766665359.3359265,0.5086039000749961,0.9110575306329082,0
1766665359.410471,0.5075338959280662,0.9052515281333153,0
1766665359.4778569,0.5068601749577448,0.8991339513119043,0
1766665359.5644963,0.5085370544743377,0.893919575052349,0
1766665359.632489,0.5088691725850611,0.8883279643084818,0
1766665359.6954973,0.5085133133172182,0.882317897629339,0
1766665359.7575674,0.5093816337289858,0.8770547900369219,0
1766665359.8210402,0.5092379709988971,0.8713037326168742,0
1766665359.8876975,0.5086046829039503,0.8652304496928169,0
1766665359.9671967,0.5077479364003652,0.8590307340402971,0
1766665360.0414586,0.5068582440140886,0.852720377070074,0
1766665360.1045692,0.5060799055057468,0.846361235371051,0
1766665360.1722362,0.5054237317732256,0.8399582944305599,0
1766665360.2486987,0.505586304196853,0.8339185924391511,0
1766665360.324603,0.5054279936113187,0.8279192445929734,0
1766665360.3898098,0.5051573565371521,0.8218999829584159,0
1766665360.465621,0.504885652530512,0.8158405108233099,0
1766665360.532151,0.506144237735418,0.8103849427414987,0
1766665360.6083314,0.5071856837887209,0.8049261559647457,0
1766665360.6839242,0.5093422247642936,0.8002787742205462,0
1766665360.7455947,0.5127855760530791,0.7966421133378333,0
1766665360.8149946,0.5152098897172674,0.7935258154186303,0
1766665360.8900483,0.5175760815518321,0.7910500111612693,0
1766665360.9523177,0.5200750418239466,0.78923497200837,0
1766665361.019526,0.5225130654520688,0.7879992820724253,0
1766665361.09368,0.5241286239694847,0.7869775129596646,0
1766665361.1553571,0.5250938153162692,0.7859833960228505,0
1766665361.2193723,0.5256686310093689,0.785269912206195,1
1766665361.2796557,0.5260055692502913,0.784604013534251,1
1766665361.34267,0.5261717907134372,0.7836098758630167,1
1766665361.4107013,0.5262647121135772,0.782573715077258,1
1766665361.485889,0.5263053613768959,0.7811398960404017,1
1766665361.5508397,0.5263012010570939,0.7795980860138562,0
1766665361.6289375,0.5263075970130664,0.7778391568960268,0
1766665361.714157,0.52629002792078,0.7755214918129759,0
1766665361.7826371,0.5262493629068508,0.7726017741899291,0
1766665361.8479033,0.5262070618307034,0.7692741578907382,0
1766665361.9252648,0.5261494488924824,0.7656868938716692,0
1766665362.0051794,0.5261045383382287,0.7619033905417327,0
1766665362.0851789,0.5261300206315378,0.7583316789636955,0
1766665362.1579406,0.526318411141901,0.7549135553543472,0
1766665362.2250252,0.5265034622513514,0.7520937792698277,0
1766665362.288121,0.5264883625060367,0.7495597788477709,0
1766665362.3501332,0.5265455342373858,0.7471375187166016,0
1766665362.4147007,0.5265878699601945,0.744899757823416,0
1766665362.476722,0.5265809269134507,0.7431126982886678,0
1766665362.5414536,0.5265241517089364,0.7414012200435502,0
1766665362.6167662,0.5265348275250842,0.7403047173659096,1
1766665362.68721,0.5265104323967643,0.7398346763668293,1
1766665362.7619376,0.5261373558979103,0.738268396896914,0
1766665362.8424802,0.5259461589307407,0.7358395334688933,0
1766665362.9177907,0.5258826446656794,0.7324463168829758,0
1766665362.977796,0.5259251651326375,0.7289948429069836,0
1766665363.0453987,0.5256666604895033,0.723487028360821,0
1766665363.1182787,0.5255997714794328,0.7155891997940172,0
1766665363.1827533,0.5256425575161447,0.7045729013650013,0
1766665363.2640178,0.5257709834654541,0.6917661815665866,0
1766665363.3431816,0.5259480910050172,0.679193777890677,0
1766665363.4145696,0.5260743562087025,0.6667750892723059,0
1766665363.4803534,0.5261731539848393,0.654518898548744,0
1766665363.545651,0.5261789057331312,0.6430069233727808,0
1766665363.6214597,0.5262503500054796,0.6309643183873817,0
1766665363.6834717,0.5262116767690332,0.6186735067905141,0
1766665363.7445133,0.5262182432090188,0.606655510209879,0
1766665363.8100612,0.5262483129821179,0.5946834869246637,0
1766665363.874014,0.526337090265539,0.5829956881840428,0
1766665363.9399698,0.5265824765817062,0.5727389559972721,0
1766665364.0163748,0.5266039251743385,0.5639942191897407,0
1766665364.078382,0.5265775710469851,0.5566570416591872,0
1766665364.1404028,0.526547401317359,0.5502341042324378,0
1766665364.2066617,0.5264866955376193,0.544552322963042,0
1766665364.2681587,0.5264956229583984,0.5396841980533549,0
1766665364.331791,0.5265606303186701,0.5361856007201442,0
1766665364.3965864,0.5265869355962938,0.5336188707859183,0
1766665364.4586287,0.5265524656229686,0.5316889622796831,0
1766665364.532657,0.5264709674295418,0.5302971816787753,1
1766665364.6038277,0.5264015755584044,0.5295926792982524,1
1766665364.6786811,0.5268465113578248,0.5291999809156052,1
1766665364.7422554,0.525600955659647,0.5290849654059621,1
1766665364.805291,0.524319014382221,0.5294924283680769,0
1766665364.8683474,0.5227607623966334,0.5301198575626569,0
1766665364.931873,0.5206224264028072,0.5308787430620718,0
1766665364.9939258,0.5190871298563586,0.5319281512406105,0
1766665365.0569086,0.5172108787808112,0.5330187147499567,0
1766665365.1259112,0.5157545354885184,0.5342337793374518,0
1766665365.1964123,0.5140552974683964,0.5354445689754442,0
1766665365.2586212,0.5123450321107668,0.5364455519605302,0
1766665365.3212893,0.5107315434723072,0.5373809048671264,0
1766665365.3861465,0.5091940555846529,0.5380877508750803,0
1766665365.4673202,0.5081136814789324,0.5389801885243012,1
1766665365.544516,0.5074148253399243,0.5399350938328513,1
1766665365.6220236,0.5066610147537033,0.5407221182759954,1
1766665365.6810484,0.5058553935076994,0.541385235987866,1
1766665365.7528193,0.5052112525536016,0.5419327794460984,1
1766665365.8282566,0.5046753692509174,0.542371341150776,1
1766665365.9062252,0.5042004586775586,0.542716431991147,1
1766665365.966273,0.5039815918895121,0.5431518736454097,1
1766665366.0323102,0.5037215653800335,0.5434600058832227,1
1766665366.0983536,0.5040203872422135,0.5440432448862977,1
1766665366.1730783,0.504581046499432,0.5448134929346188,1
1766665366.2374103,0.5050630135159004,0.5455790319202237,1
1766665366.2990253,0.5053887924905562,0.5463059507740755,1
1766665366.3680348,0.506033589203895,0.5472389097371444,1
1766665366.439733,0.5067557576965976,0.5483425302424938,1
1766665366.5042906,0.5076936542855442,0.549775771204593,0
1766665366.583772,0.5081258160704691,0.5513178557671542,0
1766665366.6472802,0.5087391995174428,0.5534191949030501,0
1766665366.7275982,0.5098277555199532,0.5563261290146402,0
1766665366.804223,0.5106590547686574,0.5596355427824213,0
1766665366.8788996,0.5103238289304508,0.5623346751071499,0
1766665366.9443114,0.5101343228053726,0.56516778523166,0
1766665367.0096073,0.5096028657825152,0.5675042991187536,0
1766665367.0864158,0.5095561487768174,0.570011118138809,0
1766665367.1619098,0.5104304388253194,0.5717083199710372,0
1766665367.2249513,0.5109013102334873,0.5728102926936879,1
1766665367.288059,0.5124833141200995,0.5737737595118988,0
1766665367.3506994,0.5158104468276656,0.5753423837020873,0
1766665367.4137464,0.5182451823800833,0.5766801232147816,0
1766665367.4769773,0.5191490084708031,0.5768405849158734,1
1766665367.5395172,0.5210726158688489,0.5758285340887043,0
1766665367.6099713,0.5218548886356406,0.5743005535752193,0
1766665367.6822298,0.5221449842368772,0.5723370632436139,0
1766665367.7552478,0.5220872214343063,0.5701032588275479,0
1766665367.8242557,0.5225138631063346,0.5658341146828229,0
1766665367.888385,0.5226076185022911,0.5605661839119992,0
1766665367.9501307,0.5239916910367767,0.5499132374833721,0
1766665368.012849,0.5247218485756515,0.5399788463495024,0
1766665368.0796108,0.5251785348604756,0.5303351208151766,0
1766665368.1556659,0.5254621878345813,0.5205278019100746,0
1766665368.2231524,0.524839669466207,0.5123598116363826,0
1766665368.298173,0.5255621976530619,0.5018765248373998,0
1766665368.3595886,0.5260229598315462,0.49022552501228644,0
1766665368.425271,0.5262219621661934,0.4786615203250556,0
1766665368.4923983,0.5262199282939896,0.4674014378921752,0
1766665368.57529,0.5262065632919732,0.45649451927385293,0
1766665368.646851,0.526114863616943,0.44589656490608165,0
1766665368.7118278,0.5260905118847884,0.43552639785493696,0
1766665368.7738426,0.5260706031192323,0.4254714888748433,0
1766665368.8405166,0.5261216056881126,0.41562287079183996,0
1766665368.9178903,0.5262314817263379,0.40604849848624114,0
1766665368.9916527,0.5399997841419151,0.38449045420818684,0
1766665369.0564923,0.5644853869323938,0.3499565843536098,0
1766665369.132163,0.5881246423405392,0.3106750061658464,0
1766665369.2123806,0.6080377612248877,0.27239206108683894,0
1766665369.2873287,0.6228647939746037,0.23767540858060252,0
1766665369.3493543,0.6340541188183363,0.20702929877113804,0
1766665369.411203,0.6422396821632421,0.18108429396424192,0
1766665369.478397,0.647717426329403,0.15860071344472634,0
1766665369.553712,0.6523926863270864,0.13912845921574893,0
1766665369.620953,0.6549855871871029,0.1221971984263926,0
1766665369.6948712,0.6571949643031627,0.10786813105479134,0
1766665369.7579346,0.6587867105715626,0.09547774599461682,0
1766665369.82214,0.6598792148768746,0.08486428854996692,0
1766665369.8978276,0.6606214170590341,0.075595849901353,0
1766665369.959278,0.661320047954936,0.06725011597864612,0
1766665370.0232627,0.661916890968006,0.059893583229324754,0
1766665370.0932865,0.6623734512031347,0.05354227059990648,0
1766665370.1680412,0.6627214456696782,0.04794549007144839,0
1766665370.2310934,0.6626250252909064,0.04291984701208697,0
1766665370.2921772,0.6629943713313369,0.03850807165431289,0
1766665370.3551912,0.6627813296646569,0.03442628848461139,0
1766665370.4212012,0.6628556076115618,0.0308602684257428,0
1766665370.481596,0.662635816785397,0.027711491147527228,0
1766665370.547055,0.662476068306888,0.02484666254812924,0
1766665370.608289,0.6625788834478772,0.02236408113657455,0
1766665370.6781044,0.6625387743379,0.02008359957293032,0
1766665370.7525632,0.6637428857489249,0.017928921728652528,0
1766665370.8284235,0.6687477456123925,0.016018781349173332,0
1766665370.891466,0.6701009481977459,0.014406591148649804,0
1766665370.9583406,0.6551402047840303,0.016954958384120075,0
1766665371.0343893,0.634591962304773,0.030346074970526396,0
1766665371.0974574,0.6104635101789722,0.04919697208273652,0
1766665371.1645043,0.5870630076900223,0.06720842258602241,0
1766665371.2268085,0.5660478734103999,0.08447935483828561,0
1766665371.3109527,0.548858648165613,0.09998304708707853,0
1766665371.3825026,0.5361342257534734,0.11368299762993181,0
1766665371.4465783,0.5268959301528207,0.12594644121605833,0
1766665371.5065925,0.520090365288407,0.13721654580443904,0
1766665371.574631,0.5151258113450969,0.14769632111767,0
1766665371.6396506,0.5116732235028478,0.15753676401577105,0
1766665371.715683,0.509313403664978,0.16691006054679866,0
1766665371.7808838,0.5089689481136249,0.1771188602572103,0
1766665371.859396,0.5090514759810923,0.18812773158818707,0
1766665371.9406686,0.5083446177188395,0.19839309091307555,0
1766665372.0105042,0.5077310712493928,0.20836399191266372,0
1766665372.0750926,0.5071907726208189,0.21796949225474943,0
1766665372.1396487,0.5063577681716139,0.22696353356778626,0
1766665372.202135,0.5056159207055597,0.2353258919188253,0
1766665372.264677,0.5047859909835247,0.2433501992684276,0
1766665372.3257155,0.5049080298993708,0.25201323426214156,0
1766665372.3904843,0.5048218057120853,0.2603143891981818,0
1766665372.4531474,0.5045211877975806,0.2680524900036177,0
1766665372.5180209,0.506761535047307,0.27741484858965326,0
1766665372.6045876,0.5122178877915526,0.2908258946589165,0
1766665372.675872,0.5167074869598618,0.30609689628121134,0
1766665372.748999,0.5201958261161993,0.3233670757098892,0
1766665372.8121486,0.5232408062603704,0.34006910500987364,0
1766665372.8776028,0.5237579682906458,0.3563979379216639,0
1766665372.937627,0.5250897401028376,0.3721641322802794,0
1766665373.004702,0.5257889237315491,0.3875311329097316,0
1766665373.0831647,0.5261318353644827,0.4024719813759368,0
1766665373.166306,0.5261848888186025,0.416919948463498,0
1766665373.236354,0.526243984422367,0.43107171855687487,0
1766665373.3155406,0.526279601057642,0.4447854374171314,0
1766665373.3930938,0.5262288674787425,0.45799833604603823,0
1766665373.454146,0.5263756571962239,0.47094088558238345,0
1766665373.518496,0.5265212321797973,0.48350975322769524,0
1766665373.5817626,0.5463793206095283,0.520380350322141,0
1766665373.643571,0.5490854641826686,0.5468219056973924,0
1766665373.7096353,0.5463117959117827,0.5658740216751332,0
1766665373.790024,0.5393103923497561,0.5777203133617053,0
1766665373.8626022,0.5313469800595996,0.5850350618369272,0
1766665373.9274619,0.5248586792333458,0.5896842784580816,0
1766665374.0171995,0.5199889385711159,0.5924908166319451,0
1766665374.079781,0.5160903172139929,0.594160032074623,0
1766665374.1441298,0.5137446290626291,0.5957100124061713,0
1766665374.2099664,0.5131446542631444,0.5979343542886892,0
1766665374.286404,0.5134450832796246,0.6009668711909584,0
1766665374.3504298,0.514209952522206,0.6045646800208496,0
1766665374.4156914,0.5146714919019633,0.608588347029609,0
1766665374.4879599,0.5157445267126751,0.6134226476260287,0
1766665374.554446,0.5170485562262415,0.6188928771795353,0
1766665374.6171715,0.5177162269529769,0.6242166345950145,0
1766665374.680669,0.5177307198176164,0.6291198087053812,0
1766665374.7429543,0.5176578571743462,0.6336997822592548,0
1766665374.8068602,0.5174366328593539,0.6381169402777253,0
1766665374.8684983,0.5172626413418615,0.642824539549816,0
1766665374.933753,0.5169874214211502,0.6476651077774902,0
1766665375.0155444,0.5173016857229642,0.6529674069444247,0
1766665375.0904622,0.5178936282900863,0.6585881729909058,0
1766665375.1701303,0.5176330259924045,0.6639963288159663,0
1766665375.244662,0.5149954402751264,0.6677722580112926,0
1766665375.3096893,0.5126789938591849,0.6699118012942131,0
1766665375.3737,0.5089645952794647,0.6713552653101008,0
1766665375.4499707,0.5088212899501263,0.6718775742226617,1
1766665375.5123866,0.5083629265539814,0.6717556485872062,1
1766665375.575425,0.5097255200444569,0.6718135477135734,0
1766665375.6454859,0.5106395986864024,0.6715339736717647,1
1766665375.7225945,0.5109458646597611,0.6708825991175085,1
1766665375.8017547,0.5093344262154306,0.6702016099530028,0
1766665375.881539,0.5080754276798859,0.6690180117260612,0
1766665375.9578245,0.5063941334901049,0.6672323845841674,0
1766665376.018916,0.5062367490028492,0.6640460638452126,0
1766665376.0840907,0.5087980867111942,0.661977445141168,0
1766665376.1652887,0.5135164298566195,0.6590707877395827,0
1766665376.24151,0.5183050795643667,0.6558760806056441,0
1766665376.3192244,0.5213784035789143,0.652224121164355,0
1766665376.3945441,0.523220825599151,0.6483828917438061,0
1766665376.4593315,0.5243724756622657,0.6440165437420818,0
1766665376.5193691,0.5249805326410193,0.6395388308552709,0
1766665376.586301,0.5254182578047493,0.6350686208625154,0
1766665376.6616182,0.5251784592863156,0.6307644219291001,0
1766665376.7258477,0.5232354109626707,0.6268611669762144,0
1766665376.8035684,0.5207167871432403,0.6231662641565607,0
1766665376.885518,0.517988424000253,0.619825974262779,0
1766665376.9657104,0.5184766588346162,0.6162599585461921,0
1766665377.0356605,0.5213290401703681,0.6113767324989672,0
1766665377.0991592,0.5231485256498625,0.6055828345899117,0
1766665377.1633017,0.5243859049401011,0.5996736636556972,0
1766665377.242562,0.5245380129725098,0.5942043588973956,0
1766665377.3171005,0.5248357474142128,0.5889891816003973,0
1766665377.3819523,0.5250450315208333,0.5837379581489596,0
1766665377.4541035,0.5251762871456377,0.5788047635164825,0
1766665377.5212712,0.5254492349283124,0.574397907568805,0
1766665377.5908346,0.5258684788491459,0.5702766809338067,0
1766665377.658875,0.526261706932377,0.5667368507479675,0
1766665377.7272587,0.5266852162547632,0.5631398631111668,0
1766665377.8057394,0.5270285783192732,0.5593853035497908,0
1766665377.883007,0.5281712423675856,0.5562086216527818,0
1766665377.9456937,0.5284997497160893,0.5524448229407982,0
1766665378.0102518,0.528220968570605,0.5488927997724613,0
1766665378.0693052,0.5283156805293562,0.5454709320235269,0
1766665378.13701,0.5282339268206022,0.5415249051170947,0
1766665378.220558,0.5293485647984951,0.5376930963739635,0
1766665378.494819,0.5292775474206005,0.5339693866106798,1
1766665378.5587392,0.5318958057044623,0.5309564565930007,0
1766665378.6255035,0.5308044973235657,0.5285005374220741,0
1766665378.6892915,0.5270378334282169,0.5267503368635315,0
1766665378.7525425,0.5231887269029065,0.5252877544729871,0
1766665378.8142374,0.5231286605868739,0.5246712142741135,1
1766665378.8768466,0.5209034878532871,0.5240584760314089,0
1766665378.9401984,0.5204339237310293,0.5230879211611499,1
1766665379.0072477,0.5191104599578372,0.522661950301839,0
1766665379.0868316,0.5173364827432808,0.5220237800812185,0
1766665379.159426,0.5150106322459913,0.5220526849556505,0
1766665379.2256343,0.5132372511638658,0.5226017625978701,0
1766665379.2871542,0.5098450838460076,0.5225460513960839,0
1766665379.350946,0.5079801642808678,0.5229561218270374,0
1766665379.4245813,0.5040161091373121,0.5239757965925465,0
1766665379.489145,0.5004720294339413,0.5244501666442856,0
1766665379.5522444,0.4971164282793384,0.5249069376437104,0
1766665379.617243,0.49554664989186503,0.5251377883045177,0
1766665379.6936066,0.49399274269067306,0.5251669179784024,0
1766665379.7581093,0.49442688308677774,0.5252062957276609,1
1766665379.8194165,0.49226128046996837,0.5246704987014379,0
1766665379.8823044,0.494705137333171,0.523213109337203,0
1766665379.946765,0.49783948056549804,0.5213342180091328,0
1766665380.0086982,0.5011968666602452,0.5189579648177566,0
1766665380.0752974,0.503915319064934,0.5167676368076213,0
1766665380.1608477,0.5071825183371671,0.5156524087058828,0
1766665380.2305956,0.5114249222724832,0.5149886605689932,0
1766665380.2943118,0.515867924543307,0.5144506002214544,0
1766665380.35787,0.5197514809245516,0.5151190322045686,0
1766665380.4204624,0.5221037235625485,0.5152905748944413,0
1766665380.4818811,0.5233062181805731,0.5154523795321306,1
1766665380.5459323,0.5236593919793242,0.515769130044381,1
1766665380.609713,0.524172762010909,0.5174714505485627,0
1766665380.6730547,0.5242948872793338,0.5189302314977765,0
1766665380.7439353,0.5231673364245267,0.5203306904729261,0
1766665380.8130476,0.5235549741748469,0.522535762751612,0
1766665380.8760242,0.5245493992101957,0.5243349697219378,0
1766665380.9375737,0.5254855729289505,0.5258315870405742,0
1766665381.0056875,0.5262417590969402,0.5272042017934349,0
1766665381.0835204,0.5267286796331595,0.5283386779810848,1
1766665381.1558082,0.5274120784710707,0.53162970146701,0
1766665381.2206109,0.5274759311287601,0.5375154690556292,0
1766665381.2899184,0.5273364719576223,0.5453017040109791,0
1766665381.3701403,0.5271013285554164,0.5546756753342813,0
1766665381.4398806,0.5281807524376129,0.5645856246141041,0
1766665381.5073235,0.5286675897373193,0.574455255249111,0
1766665381.5686853,0.5285063130578924,0.5841686731426661,0
1766665381.633205,0.5285541788030585,0.5938348145218107,0
1766665381.6988623,0.5285022755360137,0.6032616716650426,0
1766665381.7763402,0.5289612279338982,0.6125705738155933,0
1766665381.8576484,0.528804733955903,0.6215043522801424,0
1766665381.9409509,0.5284402432365258,0.6302156497529684,0
1766665382.022969,0.5280270581822742,0.6386719554771052,0
1766665382.0919843,0.5489736953698447,0.6640434140743963,0
1766665382.1657119,0.574710409630061,0.698193054962728,0
1766665382.2287743,0.5972006738807163,0.7335328604429338,0
1766665382.2955775,0.6158884990442353,0.767722637477554,0
1766665382.3726535,0.6305512985286158,0.7986174493731687,0
1766665382.4475853,0.6410239158139104,0.8243088755363823,0
1766665382.5150733,0.6477766562238452,0.8464568625000891,0
1766665382.595836,0.6525621203527163,0.8657256486858946,0
1766665382.6732001,0.6565479804507917,0.8829793066988976,0
1766665382.7522504,0.6590580225945779,0.8969088418273998,0
1766665382.831019,0.6604950369397451,0.9087873542004384,0
1766665382.9062383,0.6617634543696967,0.92052257284431,0
1766665382.9703913,0.6624248383821147,0.9299920848191624,0
1766665383.050397,0.6625645540062445,0.9383451900611743,0
1766665383.1125636,0.6627498625045822,0.9450774822389602,0
1766665383.1776655,0.662539980780357,0.9511873957609009,0
1766665383.2481802,0.661129315469023,0.956183731585714,0
1766665383.318784,0.6590212351594811,0.9601229711875743,0
1766665383.3812816,0.6584245442594013,0.9639139375241967,0
1766665383.4450288,0.6587289985649645,0.9671891780687228,0
1766665383.5090892,0.6592043311232513,0.9703372217587063,0
1766665383.570092,0.6649204819329334,0.9707288124206535,0
1766665383.6342413,0.6682559279711803,0.9720181168765238,0
1766665383.6986618,0.6682506706812488,0.9737373948046781,0
1766665383.76365,0.6691691393554482,0.9759537521634769,0
1766665383.8306615,0.6673422064254295,0.9778162332962785,0
1766665383.8992932,0.6673965165519007,0.9797015369982244,0
1766665383.9693532,0.666517145878348,0.9810788468812229,0
1766665384.045204,0.6647545581026364,0.9827000890821899,0
1766665384.1068673,0.6644448706941668,0.9847618320610794,0
1766665384.1725342,0.6639889250370017,0.9861528475395129,0
1766665384.2365406,0.6630562522536033,0.9866304261868725,1
1766665384.3119872,0.6632974093416326,0.9876854345542849,1
1766665384.3792355,0.6633779581646195,0.9886144481463983,1
1766665384.4602964,0.6637638792956206,0.98956561750021,1
1766665384.5311546,0.6621991371643676,0.9903783504147784,0
1766665384.5971026,0.6614646119869498,0.991778046192795,0
1766665384.6583698,0.6563326469863495,0.9917078728097359,0
1766665384.7372992,0.6500951074457277,0.9922148127965285,0
1766665384.7983136,0.6490753771236326,0.9927592432093431,1
1766665384.8629014,0.6430223077164757,0.9921796224381295,0
1766665384.9406579,0.622034357365146,0.9061162767588008,0
1766665385.0047863,0.6005863374146483,0.8034458331142468,0
1766665385.074463,0.5826982849404082,0.7283418550571081,0
1766665385.1455274,0.5697429417738649,0.6760268625712126,0
1766665385.2078822,0.5596017720482958,0.6373155572046116,0
1766665385.2734313,0.5520112328834953,0.6071300971875434,0
1766665385.3502197,0.5460892863469535,0.5824713861368598,0
1766665385.4130623,0.5415124161551088,0.5615763331158735,0
1766665385.4775488,0.5380062130245119,0.5433090952117389,0
1766665385.556728,0.5353853888085457,0.526988453599244,0
1766665385.635462,0.5543888712398772,0.48709390758683013,0
1766665385.7184646,0.579228564712397,0.4340403661560057,0
1766665385.7952645,0.6012954972121376,0.3790236953903676,0
1766665385.8693445,0.6184389146806799,0.32764644910535906,0
1766665385.9323509,0.6311730085793956,0.28225670698178185,0
1766665385.9962547,0.6404817029408619,0.24400346866438302,0
1766665386.0587301,0.6468981384318266,0.21143213388133972,0
1766665386.1227314,0.6514548347307548,0.18460822297821472,0
1766665386.1861868,0.6547741511994065,0.1612489638807513,0
1766665386.2522397,0.6567315154618306,0.14129845848705633,0
1766665386.333596,0.6585753017648237,0.12420847620768444,0
1766665386.4091783,0.659766835182396,0.10973244509693895,0
1766665386.4681733,0.6597548568509426,0.09722817439773111,0
1766665386.5354087,0.6612233478206428,0.08628124698750086,0
1766665386.6120803,0.6622590957203129,0.07667278343652682,0
1766665386.6933942,0.6708664460490328,0.06969958586424946,0
1766665386.7787328,0.6734165971494241,0.06314752045264693,0
1766665386.8407476,0.6730681822501218,0.05723049225297386,0
1766665386.9110405,0.6531620564764635,0.07604752919906513,0
1766665386.9761498,0.6235706292223097,0.12023174571938453,0
1766665387.0515451,0.5982443219249991,0.16702092552426606,0
1766665387.1151342,0.5796233049247717,0.20851842975188983,0
1766665387.1890278,0.565616452887516,0.25520930395483704,0
1766665387.253216,0.5556845147707248,0.29204226689492363,0
1766665387.3193002,0.5486481806339177,0.32197611638756,0
1766665387.3929093,0.5432434453158873,0.3472350132937563,0
1766665387.4584107,0.5393531099509822,0.36935513821660665,0
1766665387.5207925,0.5363547336088731,0.3890147794372928,0
1766665387.5877326,0.534064727684822,0.40686074674329387,0
1766665387.661205,0.5323062283637638,0.4233683130152565,0
1766665387.738738,0.5308877141749642,0.43879708034453935,0
1766665387.8037527,0.5403441173269502,0.46645389767392587,0
1766665387.8782773,0.5399700906247694,0.48848004872771544,0
1766665387.9433618,0.5359501000677975,0.5071153461401113,0
1766665388.0043018,0.5298230637774828,0.5233527602253207,0
1766665388.0663092,0.5240347926942609,0.5354454668920322,0
1766665388.1321166,0.5194066168147754,0.5453298750573973,0
1766665388.1991372,0.5160241990534588,0.5542781001980182,0
1766665388.273937,0.5176968781432378,0.5657670453608883,0
1766665388.3409662,0.5203770726588821,0.5766325762633953,0
1766665388.4189825,0.5238353085691361,0.5870418335294689,0
1766665388.4950993,0.5255362436317224,0.5969527766862013,0
1766665388.5590422,0.5263866384360474,0.60637614158064,0
1766665388.637676,0.5268405297081935,0.6154153135339493,0
1766665388.6996906,0.5269867885439237,0.6242373980538105,0
1766665388.7650328,0.5269668923482947,0.6328255250050505,0
1766665388.8320587,0.5268911829502405,0.6411570469200301,0
1766665388.9057474,0.5267455367954419,0.6493217457711824,0
1766665388.9677625,0.526565609311434,0.6572969167228768,0
1766665389.033967,0.5464194137991211,0.6797071522588294,0
1766665389.09797,0.5717522586830481,0.7103254410529514,0
1766665389.1589825,0.5938788300724533,0.7431060467065934,0
1766665389.2233143,0.6118358766434139,0.7741058872773232,0
1766665389.2865942,0.6257213395595513,0.802015880518347,0
1766665389.3670332,0.63576386209661,0.8267139477241534,0
1766665389.446215,0.6434523657558225,0.8481698600755578,0
1766665389.5254312,0.6486395716078741,0.8666438830041407,0
1766665389.6032047,0.6528693073380185,0.8824928370345351,0
1766665389.6800337,0.6559726110260082,0.8961870174402604,0
1766665389.7392306,0.657979572484921,0.9079945555314535,0
1766665389.8070538,0.6593731780584572,0.9182734923333379,0
1766665389.8846931,0.6607088845078299,0.9270792228076419,0
1766665389.9729977,0.6612587662057798,0.9351567970898407,0
1766665390.0392623,0.6617304069889589,0.9422827090192707,0
1766665390.1073816,0.6617584685111366,0.9487186724056289,0
1766665390.1809025,0.6616849062140967,0.9543830143951724,0
1766665390.2441509,0.6617223872345716,0.9594064865484171,0
1766665390.311701,0.6618183867741584,0.9637167090015812,0
1766665390.3876054,0.6619213420699357,0.9674735783905609,0
1766665390.4617126,0.6634844979121851,0.9710384734727875,0
1766665390.52655,0.6643874854079752,0.9740285241263318,0
1766665390.5916417,0.6642850103065385,0.9768171810926095,0
1766665390.6539092,0.664485419111948,0.9790910692113144,0
1766665390.7199543,0.6641332722332574,0.9812027893246402,0
1766665390.7953758,0.6647187663043783,0.9829462083150416,0
1766665390.8752208,0.6646204742031867,0.9846124357844508,0
1766665390.9624002,0.6644550651298324,0.9863291340501325,1
1766665391.0312927,0.663878022633373,0.9884586376216384,0
1766665391.093069,0.6638734445418966,0.9900847159046511,0
1766665391.1547334,0.6634811666351468,0.9918991314331895,0
1766665391.220227,0.6641189976587102,0.9936098211143888,0
1766665391.2824588,0.6643142081069415,0.9952746923060927,0
1766665391.3554764,0.643987811726338,0.9963537592990697,0
1766665391.42474,0.6011140138404093,0.9969853994170016,0
1766665391.4856942,0.5879630372714348,0.9972108369301295,0
1766665391.552292,0.578092121359541,0.9973402465001038,0
1766665391.6143312,0.5615208373807853,0.9976061403251738,0
1766665391.6813447,0.5515215224129455,0.9977604709778646,0
1766665391.7593637,0.5474174818378481,0.9976837043311149,0
1766665391.8233836,0.5405872921571211,0.9976937678935043,0
1766665391.8873985,0.537369673969062,0.997694990611675,0
1766665391.9594078,0.5331656605319745,0.9977365523314873,0
1766665392.0344238,0.5289618425027663,0.9977616462888274,0
1766665392.1114118,0.525354968193024,0.9978035740360325,0
1766665392.172973,0.5203882884198852,0.9978810852898984,0
1766665392.2360237,0.5152639606553627,0.9979068612157627,0
1766665392.312624,0.5171936198793774,0.9978634291507444,0
1766665392.3801942,0.5215051029876896,0.9978602859885002,0
1766665392.4553373,0.5238236392323068,0.9978471754354032,0
1766665392.5167005,0.5251431435302383,0.9979148285552073,0
1766665392.5857499,0.5257570778504577,0.9979266303289825,1
1766665392.6646907,0.5261603535352247,0.9979620788488797,1
1766665392.7389202,0.5263899525599546,0.9980067727471919,1
1766665392.8015249,0.5264798171670174,0.9980758234697282,1
1766665392.8694723,0.5264667756249759,0.9981322610572918,1
1766665392.9499543,0.52698566430469,0.9981267084400895,1
1766665393.0226967,0.5454769678702645,0.998210860110835,0
1766665393.0859346,0.5693779002288317,0.9979331676329732,0
1766665393.1489177,0.5906656793215923,0.9974685282334175,0
1766665393.2159066,0.6079778600167275,0.9972293051479608,0
1766665393.2952805,0.6214176295572585,0.9975220385082139,0
1766665393.373123,0.631392846066233,0.9975549150780657,0
1766665393.4465473,0.639787264766954,0.9977224200922987,0
1766665393.5079885,0.6457623792050965,0.9979354294601136,0
1766665393.5737011,0.6500316635421791,0.9979769075130778,0
1766665393.6347208,0.653655533308183,0.9980748334321293,0
1766665393.7006428,0.6556154391218858,0.9977652904209213,0
1766665393.7779667,0.657760052985356,0.9977124437606648,0
1766665393.8469765,0.659547666320612,0.9976146146480978,0
1766665393.9217377,0.6599963542587062,0.9971183133555154,1
1766665393.9837773,0.660222172271583,0.997253510322187,1
1766665394.0461478,0.6603097988323952,0.9973638527014599,1
1766665394.109486,0.6611220229695475,0.9975826515723507,1
1766665394.1729014,0.6620183648816519,0.9975701157207268,1
1766665394.23907,0.6623336532128268,0.9974003241680544,1
1766665394.3144934,0.6620443897048336,0.9978609159400958,1
1766665394.380509,0.6618250010898792,0.9976939023595764,1
1766665394.4622016,0.6619033934898577,0.998062165323017,1
1766665394.545603,0.6587482089447165,0.9981608949199183,0
1766665394.6146562,0.655004368024237,0.9987548245173389,0
1766665394.6778333,0.6534300492722331,0.9989563736874878,0
1766665394.7407131,0.6467752992099389,0.9994290126245025,0
1766665394.8038998,0.6443589709598738,0.9997878586677386,0
1766665394.8939219,0.6245257336988921,0.9468547294863154,0
1766665394.9549353,0.6022251259456315,0.8420254455692304,0
1766665395.0220847,0.5838980742073956,0.7641253946430617,0
1766665395.0899005,0.5707089701864233,0.7092285823876944,0
1766665395.1655598,0.5610888647086426,0.6686123616335627,0
1766665395.2396495,0.5533998044898967,0.6367323777422998,0
1766665395.3049128,0.5472282715623713,0.6106683050568003,0
1766665395.3669367,0.5423533740503064,0.5886617985643003,0
1766665395.4309614,0.5382778600686828,0.5693275680980798,0
1766665395.5115163,0.5353108538604325,0.5521096386990227,0
1766665395.5931938,0.5484203513493247,0.517275416353919,0
1766665395.6636024,0.5724903918163933,0.46495538669534847,0
1766665395.732646,0.5953424735040922,0.4073439343858044,0
1766665395.8048136,0.6135334115936835,0.352498976244787,0
1766665395.8688774,0.6272600143679643,0.3038653247184312,0
1766665395.93477,0.6371729744860476,0.2621730445937021,0
1766665396.0130465,0.6445207715670238,0.22677354355719315,0
1766665396.0881364,0.650650388425919,0.19712319085470104,0
1766665396.1531374,0.6543952072344136,0.17173235541379944,0
1766665396.2176645,0.6583953954224149,0.1500466328478732,0
1766665396.2812097,0.6620152656963851,0.13130110403698522,0
1766665396.3498344,0.6638179693924513,0.11558908486370452,0
1766665396.428764,0.6674513823134821,0.1005032945150835,0
1766665396.5009925,0.6685228762558606,0.0878714931655041,0
1766665396.5661218,0.650895386376115,0.0790280383144018,0
1766665396.6288338,0.6272161644203531,0.08632260083862281,0
1766665396.691862,0.6029280603964048,0.10851093248230145,0
1766665396.7546968,0.5823567709202113,0.1413915376937342,0
1766665396.8147705,0.5668666699933111,0.1798419245362295,0
1766665396.883007,0.5558566190123602,0.21807845492857156,0
1766665396.9674387,0.5482295019177372,0.2518052959035505,0
1766665397.038351,0.5427980459225189,0.280197834626587,0
1766665397.1059172,0.5388168715309626,0.3048013589374912,0
1766665397.1839237,0.5358162217726632,0.3268721055825804,0
1766665397.262953,0.5335535257332298,0.3468536023178949,0
1766665397.3409758,0.5318085145364226,0.36531490891707363,0
1766665397.407979,0.5304908379575155,0.3825693914913818,0
1766665397.4843736,0.5294795062576414,0.3988351813659229,0
1766665397.5637298,0.5287054492350226,0.4143047357250675,0
1766665397.6420767,0.5502813936886812,0.458172836127271,0
1766665397.719646,0.5767427337095095,0.5184605664296751,0
1766665397.7954764,0.5995683207983115,0.5815006684460101,0
1766665397.8597515,0.6180023967238546,0.6431443646000443,0
1766665397.9223607,0.6308479423579938,0.695908062324538,0
1766665397.9863605,0.6397639085520939,0.7399693445561948,0
1766665398.047985,0.6463131505672861,0.7762376413131052,0
1766665398.1100826,0.6508338373605023,0.8052488990352764,0
1766665398.1761448,0.653760121012621,0.8298312812024426,0
1766665398.241153,0.6558123845546765,0.8509111858986957,0
1766665398.3174875,0.6574628485897032,0.8689157033038004,0
1766665398.3801591,0.6588059609341853,0.8845723737700589,0
1766665398.4445207,0.6600294327820527,0.8981220146732991,0
1766665398.5222492,0.6604954661135867,0.9098038768897954,0
1766665398.5993562,0.6616693258347008,0.9208624202941965,0
1766665398.6610677,0.6625262027318557,0.9301358394439115,0
1766665398.7231078,0.6633537298150262,0.9380887203857781,0
1766665398.7869272,0.6646568226713901,0.9448096285376328,0
1766665398.8549423,0.6659565733724913,0.9505226552793253,0
1766665398.9293113,0.6684329464592467,0.955368955166489,0
1766665398.9911351,0.6699955885135276,0.9598795812249228,0
1766665399.052353,0.6710658138192435,0.9641276668017227,0
1766665399.1184115,0.6704751679606135,0.9678677917046767,0
1766665399.1808157,0.6695444785381424,0.9711815055340762,0
1766665399.2448738,0.6690047504230623,0.974266441205215,0
1766665399.3087695,0.6682728804403861,0.9769857643939025,0
1766665399.3933492,0.6670582047969318,0.9793810136943956,0
1766665399.4742384,0.6661126780523379,0.9813717375333659,0
1766665399.5438578,0.665594768881568,0.9832394559992472,0
1766665399.6069,0.6635738097728637,0.9841978203648595,0
1766665399.6698005,0.6623972142177543,0.9852242158465149,0
1766665399.7358108,0.6617939760876193,0.9863776209203989,1
1766665399.8087869,0.6484939761508816,0.9853729982564625,0
1766665399.8738396,0.6450039101997288,0.9857746636523663,0
1766665399.9385333,0.6411417351769819,0.9825894079148634,0
1766665400.0037487,0.6224896147762627,0.912707003469198,0
1766665400.0687578,0.5983627560586664,0.8046254809304798,0
1766665400.1421673,0.5806090640422785,0.7271749753645761,0
1766665400.2052252,0.5629274544232753,0.6661776016161935,0
1766665400.270282,0.5520404363939779,0.6226960818351348,0
1766665400.3484375,0.5464246134775677,0.590786337083393,0
1766665400.425401,0.5405266123379691,0.5645017325836627,0
1766665400.501326,0.5322502833660876,0.5423276452801049,0
1766665400.562692,0.5285901444383736,0.5235965649102456,0
1766665400.6271977,0.5276123961522619,0.5071792937845556,0
1766665400.694246,0.5448370478972231,0.4668324430704345,0
1766665400.767708,0.5694818198048257,0.4142668640626517,0
1766665400.831769,0.5961775286347062,0.36289151793667146,0
1766665400.8942978,0.6176746537448742,0.3160117443034926,0
1766665400.9627507,0.6096287569401809,0.2877671403247227,0
1766665401.0362244,0.5887700402155309,0.2735130854954773,0
1766665401.0992553,0.5681023477992855,0.26893960960053914,0
1766665401.1632934,0.5506311463702952,0.269762492896333,0
1766665401.2401054,0.536398191842056,0.27244720641542053,0
1766665401.3081203,0.5256582375206486,0.2756014043882964,0
1766665401.3816562,0.5179470761478189,0.2789315787677635,0
1766665401.4456704,0.5098907214254278,0.2808079194914727,0
1766665401.5088134,0.505540570860863,0.28322669423263036,0
1766665401.5718026,0.5023241525271414,0.2861231879720888,0
1766665401.634811,0.5002668576706661,0.2890005439724505,0
1766665401.6980255,0.49911604088207695,0.2920323910143378,0
1766665401.7616775,0.4984467590495454,0.29513228997061003,0
1766665401.8237457,0.4984648186038442,0.29836623629027975,0
1766665401.8934395,0.49869356932746256,0.30206057045540763,0
1766665401.9726737,0.4990029308203762,0.306009612399791,0
1766665402.0504735,0.4992979634660959,0.31020396043647147,0
1766665402.1095166,0.5004909834604324,0.31612663644267297,0
1766665402.174183,0.5010189121853122,0.32216392933471655,0
1766665402.2373083,0.5006080054938365,0.33129777166082264,0
1766665402.3011506,0.5006842633589431,0.34163072740026607,0
1766665402.3654883,0.5008698035041829,0.3530905928351411,0
1766665402.4285147,0.49992207996416926,0.3656348898027574,0
1766665402.5005195,0.4995876914611756,0.3758081748226101,0
1766665402.5595329,0.49950900832305567,0.3844052646458802,0
1766665402.6320808,0.5024659844398308,0.39906693726724846,0
1766665402.6976347,0.5035800707255211,0.4136146215774547,0
1766665402.76065,0.502689901808816,0.42779474499957226,0
1766665402.824694,0.4997793211668495,0.44171932982846573,0
1766665402.8864756,0.49661004299780437,0.455266213822486,0
1766665402.9485555,0.4935304564557622,0.4683906811142587,0
1766665403.0149043,0.49075129624343317,0.4811090332814008,0
1766665403.0834737,0.4884340976800403,0.4934441018702315,0
1766665403.152334,0.48698488351266694,0.5054401369926907,0
1766665403.2159357,0.4865304957202183,0.5170809210020573,0
1766665403.2769492,0.4848982793151414,0.5284013506022586,0
1766665403.339975,0.4841483167358158,0.5394268381866216,0
1766665403.4032502,0.48435111033060546,0.5501460077691787,0
1766665403.4675295,0.4852619300580342,0.5606495109136882,0
1766665403.543808,0.48521131771195236,0.5709269756253108,0
1766665403.6050763,0.4842282820077136,0.5808649418946915,0
1766665403.6702757,0.4828862428185338,0.5905256922495291,0
1766665403.7434857,0.4817571761217113,0.5999125694233862,0
1766665403.8106318,0.4814739956129363,0.6090569519835188,0
1766665403.8860447,0.4821126064882383,0.6179115967119833,0
1766665403.9509215,0.4837194499778775,0.6265638235432498,0
1766665404.016379,0.4860526000936088,0.635031414252573,0
1766665404.0783622,0.4879872090696716,0.6431104580290311,0
1766665404.1403768,0.48991683913835127,0.6481985073119283,0
1766665404.2004418,0.4914454292564694,0.6512393111701636,0
1766665404.2677724,0.4928285101611223,0.652777434523407,0
1766665404.3490186,0.49400706347458345,0.6533114513243596,1
1766665404.4354153,0.49507336384692313,0.6530600736935972,1
1766665404.5008414,0.49586736659154657,0.6522331606012802,1
1766665404.5624907,0.496493842543135,0.6509269276472894,0
1766665404.6273646,0.4970028120929824,0.6492539936692349,0
1766665404.688952,0.49746745604743864,0.6474025175405242,0
1766665404.7539935,0.49792365748070505,0.6454530617493502,0
1766665404.8130069,0.4989430255545687,0.6434937387049936,0
1766665404.8813202,0.4995877856422434,0.6414962425531746,0
1766665404.9584105,0.4998779084233156,0.6393651333395637,0
1766665405.0405893,0.4999764705901322,0.6372032404371453,0
1766665405.1114717,0.500414107580405,0.6352271632005726,0
1766665405.174442,0.5003525283210717,0.6333099276124365,0
1766665405.238505,0.5000584296379716,0.6314562513653234,0
1766665405.3034794,0.49977607343338265,0.6296504453454272,0
1766665405.3665106,0.49943248409146435,0.6278268018529977,0
1766665405.44345,0.49831299061755907,0.6267883124887444,1
1766665405.510266,0.4974209668511981,0.6258124231807053,1
1766665405.5864484,0.4970206353458292,0.6246871808600952,1
1766665405.648475,0.496930205349297,0.623435071895492,0
1766665405.711393,0.4969896692581443,0.622142814086176,0
1766665405.7760117,0.49665371567391053,0.6204970913261805,0
1766665405.8370388,0.4967519064901418,0.6187047158617726,0
1766665405.9003603,0.4969934254043815,0.61675867173115,0
1766665405.9650393,0.49729919938914696,0.6147494440659815,0
1766665406.0258536,0.4976203866678546,0.6126799412174699,0
1766665406.0988133,0.4978539609945699,0.610563921852225,0
1766665406.1691597,0.49820529692858206,0.6083148276475523,0
1766665406.2332647,0.49846762184865384,0.6059842280104704,0
1766665406.312515,0.4987401727953605,0.6036635347306599,0
1766665406.3909779,0.498829313992495,0.6013105020469519,0
1766665406.4677882,0.4987647590177578,0.5989379908238427,0
1766665406.5277107,0.49893980581700537,0.5964113344204106,0
1766665406.5957682,0.4992113903074055,0.5940337032583862,0
1766665406.671992,0.49956973786009107,0.5915365469009344,0
1766665406.7565963,0.4991285017485382,0.5892743385182283,0
1766665406.8253865,0.4990552903753194,0.5869644289972881,0
1766665406.8907216,0.49934766325452246,0.5846158738728516,0
1766665406.9542196,0.4988882709641926,0.582516482260588,0
1766665407.018788,0.4985606707586886,0.5803468982549914,0
1766665407.0818374,0.498226331384843,0.5788536263078152,0
1766665407.144519,0.4981038892765083,0.5774145727922514,0
1766665407.2095795,0.49796614598637057,0.5760994517818736,0
1766665407.2727518,0.4978737098933941,0.5746950748714718,0
1766665407.3509457,0.497842746658971,0.573307169527503,1
1766665407.426339,0.4976884465494151,0.5720283093168048,1
1766665407.49288,0.4976872245166331,0.5707886608208763,1
1766665407.5559115,0.4977090795520769,0.569496499988292,0
1766665407.6334736,0.4977911881133641,0.5683167958432659,1
1766665407.7139254,0.4978440922832279,0.5670254398462885,1
1766665407.7920804,0.4979340858908523,0.5657241743904016,1
1766665407.8667555,0.4980681452993876,0.5644165709753428,1
1766665407.9298718,0.49816655581669866,0.5631130144718155,0
1766665407.9962687,0.49828581186217047,0.5620374127846777,1
1766665408.0738084,0.4984566738934493,0.5611955814627859,1
1766665408.135823,0.4987608045029219,0.5607270828230116,1
1766665408.1997483,0.49898335715827535,0.5598468988624214,1
1766665408.262787,0.4992097097645567,0.558877213754233,1
1766665408.325462,0.499468267302145,0.5589351590300466,1
1766665408.40604,0.4996250463783086,0.5585206948255854,1
1766665408.4779732,0.49993351866809715,0.5588297337902636,1
1766665408.544021,0.5003629525320601,0.5586866100349976,1
1766665408.6099193,0.5017181913728777,0.5592971693011854,0
1766665408.6811774,0.5057139621698072,0.5606024558280535,0
1766665408.7477007,0.510342769465456,0.5625666855013198,0
1766665408.8097074,0.5164915855293629,0.565408309495989,0
1766665408.8726008,0.5202795711395024,0.567845675808209,0
1766665408.9356854,0.5220196313983737,0.5697004326306646,0
1766665408.997183,0.522660754972869,0.5711357360991272,0
1766665409.062434,0.5232744382263637,0.572585870722315,0
1766665409.1287358,0.5238380180163784,0.574074846982613,0
1766665409.194432,0.5250380174460819,0.5805571916226577,0
1766665409.270032,0.525715059685155,0.5901411537393743,0
1766665409.3448925,0.5262902122842209,0.5993035710833174,0
1766665409.4071465,0.5266452630204076,0.6083032196275812,0
1766665409.4730804,0.5268327292583694,0.6170639544405844,0
1766665409.5337887,0.5268421528727358,0.6256303190987764,0
1766665409.6021504,0.5267821734937617,0.6340280421181635,0
1766665409.67761,0.5266728841131968,0.6420077812974888,0
1766665409.7392888,0.5265317612977997,0.6498952120231896,0
1766665409.8050745,0.5264611302347049,0.6576857623014525,0
1766665409.879293,0.5462149379178918,0.6798718756230918,0
1766665409.951889,0.568446218793909,0.7134564981268304,0
1766665410.0179102,0.5902977261579159,0.7481261937304543,0
1766665410.086863,0.6086220486947209,0.7805741451319139,0
1766665410.1693044,0.6226448499209754,0.8085976127254833,0
1766665410.239461,0.6187632904377012,0.8233165253080332,0
1766665410.3004746,0.6033465137020813,0.8263866269938522,0
1766665410.3664012,0.5787525379869459,0.8234389465205194,0
1766665410.4331062,0.555780935285155,0.8174082148934678,0
1766665410.505564,0.5398181128658196,0.8110024339472794,0
1766665410.5725794,0.5277790485040561,0.802275203628078,0
1766665410.6526692,0.5196230457448736,0.7944931165177872,0
1766665410.7118363,0.5141462535440796,0.78617779803928,0
1766665410.778375,0.5108682699631868,0.777589932187011,0
1766665410.8554788,0.5065860553825297,0.7698199020110893,0
1766665410.917541,0.5033912489796151,0.762824707857136,0
1766665410.9809415,0.4998486150526472,0.7560639285442459,0
1766665411.049037,0.4986054727116547,0.7499905436703027,0
1766665411.111051,0.496433313001757,0.744126893943948,0
1766665411.1964636,0.49368462735056534,0.7385926424533339,0
1766665411.267841,0.49233611273228134,0.7327389284816918,0
1766665411.3303483,0.4885566571220515,0.7239214910381675,0
1766665411.4053192,0.48589212964885625,0.7148588067957271,0
1766665411.4673433,0.4761135092797094,0.6994522898545307,0
1766665411.5324364,0.4698612463873734,0.6816276674092976,0
1766665411.5969982,0.4686750986707725,0.6655349372250611,0
1766665411.678235,0.4685473696906259,0.6494154317367546,0
1766665411.785408,0.4672536468501754,0.6323901588624355,0
1766665411.9114916,0.4509540316175983,0.6146693585436319,0
1766665411.9736495,0.45972906613119635,0.5982235782719703,0
1766665424.1376574,0.4651126370368314,0.5836148444854236,1
1766665424.2121854,0.4684790483051554,0.5693895197300968,0
1766665424.2802641,0.47078456993,0.5579376055966201,0
1766665424.352764,0.4750770241242681,0.547561710546094,0
1766665424.4186304,0.48293486439300237,0.5366275117598455,0
1766665424.4807055,0.49345718026791674,0.5225739365946003,0
1766665424.5467634,0.4987619393241454,0.5095753276400943,0
1766665424.6219847,0.5009228963539556,0.4989243117805052,0
1766665424.6862686,0.5012234151563664,0.49027449054206174,0
1766665424.7676568,0.5020957486836444,0.4843402545201926,0
1766665424.8416378,0.5029316956166288,0.4745756739684934,0
1766665424.9025378,0.5034670278460124,0.46688469560377854,0
1766665424.9652557,0.5036404619761655,0.46104452878272806,0
1766665425.0281744,0.5038548258096841,0.45676952406677035,0
1766665425.0936794,0.5045614679884743,0.4535904058149272,0
1766665425.176633,0.5057761236578012,0.45147765944442186,0
1766665425.2541037,0.5066478944091722,0.45023903705754376,1
1766665425.3302,0.5064194384998219,0.44944194750464855,1
1766665425.4068458,0.5054834027889195,0.4524120047198589,0
1766665425.4658716,0.5057955896824641,0.4601178129275312,0
1766665425.5322049,0.49971993000516207,0.47356811234544305,0
1766665425.607317,0.4919360275145382,0.486667580806338,0
1766665425.6705143,0.49820175567597796,0.4992411795352556,0
1766665425.7325227,0.5048446982307693,0.5120206846107667,0
1766665425.800549,0.5127775458178441,0.5245293029082587,0
1766665425.874286,0.5153964423539429,0.5362952850653844,0
1766665425.9353313,0.5158611067507136,0.5474697619228337,0
1766665425.9992354,0.5167450795225474,0.5582563445053854,0
1766665426.0656648,0.517885550409773,0.5684226735721187,0
1766665426.1464677,0.5165243743545953,0.5771293507459947,0
1766665426.218457,0.514361196237721,0.5832970792167959,0
1766665426.2823381,0.5112244644716535,0.5873397501765617,0
1766665426.3610122,0.5090623516434958,0.5900224550169033,0
1766665426.439293,0.5071550694517278,0.591550383558561,0
1766665426.5275335,0.5064775216562123,0.5921446951746485,1
1766665426.5881119,0.5056879953330071,0.5964004477330072,0
1766665426.6587598,0.5155738688370223,0.6061082897117199,0
1766665426.7197404,0.5203316000731976,0.6153866593510351,0
1766665426.786077,0.5236747987200367,0.6243318531380232,0
1766665426.8490968,0.5252048829180215,0.6325970084646548,0
1766665426.9097834,0.5259899288215352,0.639835917130208,0
1766665426.9753842,0.5265456743072185,0.6464152446234546,0
1766665427.0562332,0.5237465793208276,0.6524222386904812,0
1766665427.1314838,0.5201314365954135,0.6586467898934549,0
1766665427.1915236,0.5160916833681195,0.6635107649028417,0
1766665427.2581048,0.5118258274296077,0.6684926354083025,0
1766665427.3323398,0.5110392883362328,0.6704830165168381,0
1766665427.3955934,0.5096593396614564,0.6716804067211202,0
1766665427.459595,0.508411469013405,0.6719230693702078,1
1766665427.5474205,0.5078681703631288,0.671226055800549,1
1766665427.6142397,0.5091766803322085,0.6689337566421634,0
1766665427.683689,0.5089874246226517,0.666126030592513,0
1766665427.7572498,0.508280935377461,0.6624131271547644,0
1766665427.8388908,0.5088549190026344,0.6579312527620336,0
1766665427.898917,0.5112914565360472,0.6527256153853599,0
1766665427.9747124,0.5127502464339482,0.6478392618663461,0
1766665428.0376673,0.5115695015132753,0.643532901282898,0
1766665428.103566,0.5108499022716452,0.6390996419113422,0
1766665428.1790335,0.5096022804263778,0.6347738917205163,0
1766665428.254819,0.5081688905710823,0.6314204885508954,0
1766665428.325285,0.5065169122925962,0.6281387810447604,0
1766665428.3973,0.5049358230427057,0.6253284821533738,0
1766665428.4736304,0.5038413283652925,0.6226500772176178,0
1766665428.5377188,0.5028965619267984,0.6201919326854861,0
1766665428.5996485,0.5021565110884072,0.6176354042583913,0
1766665428.6649373,0.5014784268164856,0.615015706352452,0
1766665428.7259781,0.5007837813771561,0.6126331838333541,0
1766665428.7923505,0.500138574555242,0.6098121734112759,0
1766665428.8542266,0.49924123163311307,0.6066499089537837,0
1766665428.9254005,0.4986162735432918,0.6030079872946559,0
1766665428.9979582,0.49840340829311425,0.5990619013978811,0
1766665429.0608675,0.4983874728836769,0.5952486585003832,0
1766665429.123897,0.49856643506027176,0.5915369061878565,0
1766665429.1858113,0.49911653837909264,0.5881370668737675,0
1766665429.2490447,0.500037619166752,0.5846785171957531,0
1766665429.314126,0.5008835586270691,0.5807637267326187,0
1766665429.3780727,0.500952030746844,0.5765043849813798,0
1766665429.4397912,0.5015617577870413,0.5723204253542077,0
1766665429.5092409,0.5024292727941339,0.5685870631283874,0
1766665429.57908,0.5055683920823579,0.5657157516855912,0
1766665429.640094,0.5064616092847278,0.563349454409221,0
1766665429.707503,0.5069131180540771,0.5611583101982043,0
1766665429.7681265,0.5070639806602864,0.5591147814067653,0
1766665429.8363702,0.5057708681679487,0.5573353805344173,0
1766665429.9129767,0.5064877917947039,0.55540601055146,0
1766665429.9911606,0.5060528149865602,0.5538637296592241,0
1766665430.0644164,0.5045750028865766,0.5522388596953193,0
1766665430.1350496,0.5035656376206239,0.5505796594204494,0
